file,line,column,code,message
content/exercises/amscc/1e8b.tex,1,1,missing-question,Le contenu doit contenir au moins une \question{...}.
content/exercises/amscc/1e8b.tex,36,7,untyped-content-text,"Texte dans \contenu{...} hors \texte{}, \question{}, \indication{} ou \reponse{}: ""Justifier que f est de classe \mathcal C 2 sur \mathbb R +,* \times \mathbb R . Calculer l""."
content/exercises/amscc/2Aui.tex,33,5,untyped-content-text,"Texte dans \contenu{...} hors \texte{}, \question{}, \indication{} ou \reponse{}: ""renewcommand \arraystretch 1.3 |c|c|c|c|c| \hline Y \backslash X 0 1 2 3 \\ \hline 0 \frac""."
content/exercises/amscc/2pit.tex,23,7,untyped-content-text,"Texte dans \contenu{...} hors \texte{}, \question{}, \indication{} ou \reponse{}: ""En déduire une expression explicite de (a n) n\geq 2 puis l'expression générale de la solu""."
content/exercises/amscc/2qL9.tex,30,1,empty-indication,La commande \indication{...} ne doit pas être vide.
content/exercises/amscc/2qL9.tex,63,1,empty-indication,La commande \indication{...} ne doit pas être vide.
content/exercises/amscc/2qL9.tex,163,1,empty-indication,La commande \indication{...} ne doit pas être vide.
content/exercises/amscc/3fL9.tex,30,1,empty-indication,La commande \indication{...} ne doit pas être vide.
content/exercises/amscc/3fL9.tex,40,1,empty-indication,La commande \indication{...} ne doit pas être vide.
content/exercises/amscc/3fL9.tex,64,1,empty-indication,La commande \indication{...} ne doit pas être vide.
content/exercises/amscc/3fL9.tex,87,1,empty-indication,La commande \indication{...} ne doit pas être vide.
content/exercises/amscc/3fL9.tex,117,1,empty-indication,La commande \indication{...} ne doit pas être vide.
content/exercises/amscc/3fL9.tex,165,1,empty-indication,La commande \indication{...} ne doit pas être vide.
content/exercises/amscc/3zDK.tex,72,1,single-item-enumerate,Un exercice avec une seule question ne doit pas contenir un environnement enumerate avec un seul \item.
content/exercises/amscc/4G7c.tex,17,1,single-item-enumerate,Un exercice avec une seule question ne doit pas contenir un environnement enumerate avec un seul \item.
content/exercises/amscc/4a3b.tex,29,1,empty-indication,La commande \indication{...} ne doit pas être vide.
content/exercises/amscc/4a3b.tex,33,1,empty-indication,La commande \indication{...} ne doit pas être vide.
content/exercises/amscc/4a3b.tex,37,1,empty-indication,La commande \indication{...} ne doit pas être vide.
content/exercises/amscc/4g7B.tex,30,1,empty-indication,La commande \indication{...} ne doit pas être vide.
content/exercises/amscc/4g7B.tex,37,1,empty-indication,La commande \indication{...} ne doit pas être vide.
content/exercises/amscc/4g7B.tex,53,1,empty-indication,La commande \indication{...} ne doit pas être vide.
content/exercises/amscc/5NS7.tex,75,9,untyped-content-text,"Texte dans \contenu{...} hors \texte{}, \question{}, \indication{} ou \reponse{}: ""En déduire \frac \partial F \partial a , \frac \partial F \partial b en utilisant \frac \p""."
content/exercises/amscc/5dA2.tex,26,1,empty-indication,La commande \indication{...} ne doit pas être vide.
content/exercises/amscc/5dA2.tex,42,1,empty-indication,La commande \indication{...} ne doit pas être vide.
content/exercises/amscc/5dA2.tex,60,1,empty-indication,La commande \indication{...} ne doit pas être vide.
content/exercises/amscc/5dA2.tex,64,1,empty-indication,La commande \indication{...} ne doit pas être vide.
content/exercises/amscc/5dK8.tex,31,1,empty-indication,La commande \indication{...} ne doit pas être vide.
content/exercises/amscc/5dK8.tex,108,1,empty-indication,La commande \indication{...} ne doit pas être vide.
content/exercises/amscc/5dK8.tex,130,1,empty-indication,La commande \indication{...} ne doit pas être vide.
content/exercises/amscc/5dK8.tex,168,1,empty-indication,La commande \indication{...} ne doit pas être vide.
content/exercises/amscc/5hoU.tex,14,1,untyped-content-text,"Texte dans \contenu{...} hors \texte{}, \question{}, \indication{} ou \reponse{}: ""Soit D = \ (x,y) \in \R 2 \, , \, x > 0 \, , \, x+y \leq 0\ un domaine de \R 2 .""."
content/exercises/amscc/5hoU.tex,16,8,untyped-content-text,"Texte dans \contenu{...} hors \texte{}, \question{}, \indication{} ou \reponse{}: ""Proposer une représentation graphique de D .""."
content/exercises/amscc/5hoU.tex,25,9,untyped-content-text,"Texte dans \contenu{...} hors \texte{}, \question{}, \indication{} ou \reponse{}: ""D est-il ouvert dans \R 2 ? justifier rapidement.""."
content/exercises/amscc/5hoU.tex,28,8,untyped-content-text,"Texte dans \contenu{...} hors \texte{}, \question{}, \indication{} ou \reponse{}: ""Vérifier que le point (0,-1) n'appartient pas à D . Déterminer une suite de points (x n,y ""."
content/exercises/amscc/5hoU.tex,30,9,untyped-content-text,"Texte dans \contenu{...} hors \texte{}, \question{}, \indication{} ou \reponse{}: ""D est-il fermé dans \R 2 ? justifier rapidement.""."
content/exercises/amscc/64Uj.tex,31,8,untyped-content-text,"Texte dans \contenu{...} hors \texte{}, \question{}, \indication{} ou \reponse{}: ""Justifier l'existence et l'unicité globale d'une solution y de classe \mathcal C 1 .""."
content/exercises/amscc/64Uj.tex,55,11,untyped-content-text,"Texte dans \contenu{...} hors \texte{}, \question{}, \indication{} ou \reponse{}: ""Proposer un algorithme qui donne une approximation de y(1) pour h = 10 -6 en utilisant le ""."
content/exercises/amscc/64pg.tex,24,9,untyped-content-text,"Texte dans \contenu{...} hors \texte{}, \question{}, \indication{} ou \reponse{}: ""Vérifier que \overline X = \frac 1 n \sum i=1 n X i est un estimateur de q sans biais et c""."
content/exercises/amscc/6Aqe.tex,15,5,untyped-content-text,"Texte dans \contenu{...} hors \texte{}, \question{}, \indication{} ou \reponse{}: ""On considère le plan \R 2 muni d'un repère orthonormé (O,\overrightarrow OI ,\overrightarr""."
content/exercises/amscc/6TSn.tex,15,1,untyped-content-text,"Texte dans \contenu{...} hors \texte{}, \question{}, \indication{} ou \reponse{}: ""Un gardien de nuit doit ouvrir une des portes à contrôler durant sa tournée dans le noir. ""."
content/exercises/amscc/6TSn.tex,17,8,untyped-content-text,"Texte dans \contenu{...} hors \texte{}, \question{}, \indication{} ou \reponse{}: ""Méthode A : Il pose les 10 clés devant lui et les essaye l'une après l'autre dans l'ordre ""."
content/exercises/amscc/6TSn.tex,21,1,untyped-content-text,"Texte dans \contenu{...} hors \texte{}, \question{}, \indication{} ou \reponse{}: ""On appelle X A (respectivement X B ) la variable aléatoire, définie sur l'espace probabili""."
content/exercises/amscc/6TSn.tex,23,1,untyped-content-text,"Texte dans \contenu{...} hors \texte{}, \question{}, \indication{} ou \reponse{}: ""Rappel : soit a \in ]0 ; 1[ , alors \displaystyle \sum k=0 n a k = \frac 1 - a n+1 1 - a e""."
content/exercises/amscc/6YqE.tex,232,10,untyped-content-text,"Texte dans \contenu{...} hors \texte{}, \question{}, \indication{} ou \reponse{}: ""textbf [Bonus]""."
content/exercises/amscc/6bT4.tex,29,1,empty-indication,La commande \indication{...} ne doit pas être vide.
content/exercises/amscc/6bT4.tex,33,1,empty-indication,La commande \indication{...} ne doit pas être vide.
content/exercises/amscc/6bT4.tex,42,1,empty-indication,La commande \indication{...} ne doit pas être vide.
content/exercises/amscc/6bT4.tex,46,1,empty-indication,La commande \indication{...} ne doit pas être vide.
content/exercises/amscc/6bT4.tex,56,1,empty-indication,La commande \indication{...} ne doit pas être vide.
content/exercises/amscc/6dR4.tex,1,1,missing-question,Le contenu doit contenir au moins une \question{...}.
content/exercises/amscc/6pL1.tex,28,1,empty-indication,La commande \indication{...} ne doit pas être vide.
content/exercises/amscc/6pL1.tex,65,1,empty-indication,La commande \indication{...} ne doit pas être vide.
content/exercises/amscc/6pL1.tex,107,1,empty-indication,La commande \indication{...} ne doit pas être vide.
content/exercises/amscc/6pL1.tex,140,1,empty-indication,La commande \indication{...} ne doit pas être vide.
content/exercises/amscc/6pT4.tex,37,1,empty-indication,La commande \indication{...} ne doit pas être vide.
content/exercises/amscc/6pT4.tex,56,1,empty-indication,La commande \indication{...} ne doit pas être vide.
content/exercises/amscc/6pT4.tex,79,1,empty-indication,La commande \indication{...} ne doit pas être vide.
content/exercises/amscc/6pT4.tex,123,1,empty-indication,La commande \indication{...} ne doit pas être vide.
content/exercises/amscc/6pT4.tex,137,1,empty-indication,La commande \indication{...} ne doit pas être vide.
content/exercises/amscc/6pT4.tex,158,1,empty-indication,La commande \indication{...} ne doit pas être vide.
content/exercises/amscc/6pT4.tex,113,1,untyped-content-text,"Texte dans \contenu{...} hors \texte{}, \question{}, \indication{} ou \reponse{}: ""On utilise désormais les résultats de la variable X pour un test de contrôle qualité sur u""."
content/exercises/amscc/6pT4.tex,121,2,untyped-content-text,"Texte dans \contenu{...} hors \texte{}, \question{}, \indication{} ou \reponse{}: ""setcounter enumi 3""."
content/exercises/amscc/7Fg9.tex,30,9,untyped-content-text,"Texte dans \contenu{...} hors \texte{}, \question{}, \indication{} ou \reponse{}: ""Le joueur gagne 1 euro s'il tire dans la partie 1, tandis qu'il perd 1 euro s'il atteint l""."
content/exercises/amscc/7Fg9.tex,48,9,untyped-content-text,"Texte dans \contenu{...} hors \texte{}, \question{}, \indication{} ou \reponse{}: ""On admettra à partir de maintenant que la probabilité de gagner (c'est-à-dire d'avoir un g""."
content/exercises/amscc/7J6y.tex,19,2,untyped-content-text,"Texte dans \contenu{...} hors \texte{}, \question{}, \indication{} ou \reponse{}: ""colonnes \solution 3 1""."
content/exercises/amscc/7J6y.tex,86,2,untyped-content-text,"Texte dans \contenu{...} hors \texte{}, \question{}, \indication{} ou \reponse{}: ""fincolonnes \solution 3 1""."
content/exercises/amscc/7Z2k.tex,27,1,empty-indication,La commande \indication{...} ne doit pas être vide.
content/exercises/amscc/7Z2k.tex,73,1,empty-indication,La commande \indication{...} ne doit pas être vide.
content/exercises/amscc/7Z2k.tex,79,1,empty-indication,La commande \indication{...} ne doit pas être vide.
content/exercises/amscc/7Z2k.tex,84,1,empty-indication,La commande \indication{...} ne doit pas être vide.
content/exercises/amscc/7Z2k.tex,89,1,empty-indication,La commande \indication{...} ne doit pas être vide.
content/exercises/amscc/7Z2k.tex,93,1,empty-indication,La commande \indication{...} ne doit pas être vide.
content/exercises/amscc/7aK2.tex,23,1,empty-indication,La commande \indication{...} ne doit pas être vide.
content/exercises/amscc/7aK2.tex,31,1,empty-indication,La commande \indication{...} ne doit pas être vide.
content/exercises/amscc/7aK2.tex,55,1,empty-indication,La commande \indication{...} ne doit pas être vide.
content/exercises/amscc/7aK2.tex,72,1,empty-indication,La commande \indication{...} ne doit pas être vide.
content/exercises/amscc/7cH5.tex,31,1,empty-indication,La commande \indication{...} ne doit pas être vide.
content/exercises/amscc/7cH5.tex,61,1,empty-indication,La commande \indication{...} ne doit pas être vide.
content/exercises/amscc/7cH5.tex,76,1,empty-indication,La commande \indication{...} ne doit pas être vide.
content/exercises/amscc/7cH5.tex,95,1,empty-indication,La commande \indication{...} ne doit pas être vide.
content/exercises/amscc/7cH5.tex,143,1,empty-indication,La commande \indication{...} ne doit pas être vide.
content/exercises/amscc/7cH5.tex,231,1,empty-indication,La commande \indication{...} ne doit pas être vide.
content/exercises/amscc/7cH5.tex,279,2,untyped-content-text,"Texte dans \contenu{...} hors \texte{}, \question{}, \indication{} ou \reponse{}: ""vspace 0.5cm""."
content/exercises/amscc/7rMC.tex,96,4,untyped-content-text,"Texte dans \contenu{...} hors \texte{}, \question{}, \indication{} ou \reponse{}: ""setcounter enumi 4""."
content/exercises/amscc/800X.tex,15,1,untyped-content-text,"Texte dans \contenu{...} hors \texte{}, \question{}, \indication{} ou \reponse{}: ""Soit la série entière d'une variable réelle définie par : f \colon x \mapsto \sum\limits n""."
content/exercises/amscc/88TT.tex,24,4,untyped-content-text,"Texte dans \contenu{...} hors \texte{}, \question{}, \indication{} ou \reponse{}: ""draw[->,thick] (-1.5,0) -- (1.5,0) node[right] x ; \draw[->,thick] (0,-1.2) -- (0,1.2) nod""."
content/exercises/amscc/8SbE.tex,14,1,untyped-content-text,"Texte dans \contenu{...} hors \texte{}, \question{}, \indication{} ou \reponse{}: ""Soit f:\R\rightarrow \R , 2\pi -p\'eriodique, d\'efinie par f(x)=\pi-|x| pour tout x\in]-\""."
content/exercises/amscc/8cP7.tex,30,1,empty-indication,La commande \indication{...} ne doit pas être vide.
content/exercises/amscc/8cP7.tex,48,1,empty-indication,La commande \indication{...} ne doit pas être vide.
content/exercises/amscc/8cP7.tex,84,1,empty-indication,La commande \indication{...} ne doit pas être vide.
content/exercises/amscc/8cP7.tex,107,1,empty-indication,La commande \indication{...} ne doit pas être vide.
content/exercises/amscc/8cP7.tex,132,1,empty-indication,La commande \indication{...} ne doit pas être vide.
content/exercises/amscc/8mP4.tex,31,1,empty-indication,La commande \indication{...} ne doit pas être vide.
content/exercises/amscc/8mP4.tex,71,1,empty-indication,La commande \indication{...} ne doit pas être vide.
content/exercises/amscc/8mP4.tex,100,1,empty-indication,La commande \indication{...} ne doit pas être vide.
content/exercises/amscc/8mP4.tex,151,1,empty-indication,La commande \indication{...} ne doit pas être vide.
content/exercises/amscc/9Acu.tex,14,3,untyped-content-text,"Texte dans \contenu{...} hors \texte{}, \question{}, \indication{} ou \reponse{}: ""colonnes \solution 2 1""."
content/exercises/amscc/9Acu.tex,43,3,untyped-content-text,"Texte dans \contenu{...} hors \texte{}, \question{}, \indication{} ou \reponse{}: ""fincolonnes \solution 2 1""."
content/exercises/amscc/9F2e.tex,40,4,untyped-content-text,"Texte dans \contenu{...} hors \texte{}, \question{}, \indication{} ou \reponse{}: ""setcounter enumi 4""."
content/exercises/amscc/9qB5.tex,26,1,empty-indication,La commande \indication{...} ne doit pas être vide.
content/exercises/amscc/9qB5.tex,35,1,empty-indication,La commande \indication{...} ne doit pas être vide.
content/exercises/amscc/9qB5.tex,52,1,empty-indication,La commande \indication{...} ne doit pas être vide.
content/exercises/amscc/9qB5.tex,76,1,empty-indication,La commande \indication{...} ne doit pas être vide.
content/exercises/amscc/AxDZ.tex,58,3,untyped-content-text,"Texte dans \contenu{...} hors \texte{}, \question{}, \indication{} ou \reponse{}: ""setcounter enumi 2""."
content/exercises/amscc/CPgC.tex,14,18,untyped-content-text,"Texte dans \contenu{...} hors \texte{}, \question{}, \indication{} ou \reponse{}: ""0.49\textwidth La chaînette est le nom que porte la courbe obtenue en tenant une corde (ou""."
content/exercises/amscc/CPgC.tex,20,2,untyped-content-text,"Texte dans \contenu{...} hors \texte{}, \question{}, \indication{} ou \reponse{}: ""Le paramètre a>0 dépend de la chaînette : on peut écarter plus ou moins les mains. Ou, ce ""."
content/exercises/amscc/CPgC.tex,23,2,untyped-content-text,"Texte dans \contenu{...} hors \texte{}, \question{}, \indication{} ou \reponse{}: ""hfill 0.5\textwidth""."
content/exercises/amscc/CPgC.tex,26,2,untyped-content-text,"Texte dans \contenu{...} hors \texte{}, \question{}, \indication{} ou \reponse{}: ""def\xmin -3 ; \def\xmax +3 ; \def\ymin 0 ; \def\ymax +7 ; \draw[help lines] (\xmin,\ymin) ""."
content/exercises/amscc/CPgC.tex,36,2,untyped-content-text,"Texte dans \contenu{...} hors \texte{}, \question{}, \indication{} ou \reponse{}: ""foreach \a/\macoul in 3.0/20,2.5/40,2.0/60,1.5/80,1.0/100 \draw [very thick, color=red!\ma""."
content/exercises/amscc/CPgC.tex,45,1,untyped-content-text,"Texte dans \contenu{...} hors \texte{}, \question{}, \indication{} ou \reponse{}: ""Le cosinus hyperbolique et le sinus hyperbolique sont la partie paire et impaire de l'expo""."
content/exercises/amscc/CPgC.tex,50,22,untyped-content-text,"Texte dans \contenu{...} hors \texte{}, \question{}, \indication{} ou \reponse{}: ""scale=0.8] \def\xmin -4 ; \def\xmax +3 ; \def\ymin -3 ; \def\ymax +5 ;""."
content/exercises/amscc/CPgC.tex,56,2,untyped-content-text,"Texte dans \contenu{...} hors \texte{}, \question{}, \indication{} ou \reponse{}: ""draw[help lines] (\xmin,\ymin) grid (\xmax,\ymax); \draw[->,>=latex,thick,gray] (\xmin,0) ""."
content/exercises/amscc/CPgC.tex,62,2,untyped-content-text,"Texte dans \contenu{...} hors \texte{}, \question{}, \indication{} ou \reponse{}: ""draw [very thick, color=orange,samples=200,smooth] plot(\x, exp(\x) ); \node[color=orange]""."
content/exercises/amscc/CPgC.tex,66,2,untyped-content-text,"Texte dans \contenu{...} hors \texte{}, \question{}, \indication{} ou \reponse{}: ""node[below right,gray] at (0,0) 0 ; \node[below right,gray] at (1,0) 1 ; \node[below right""."
content/exercises/amscc/CPgC.tex,70,3,untyped-content-text,"Texte dans \contenu{...} hors \texte{}, \question{}, \indication{} ou \reponse{}: ""qquad [scale=0.8] \def\xmin -3 ; \def\xmax +3 ; \def\ymin -3 ; \def\ymax +5 ; \draw[help l""."
content/exercises/amscc/CPgC.tex,82,2,untyped-content-text,"Texte dans \contenu{...} hors \texte{}, \question{}, \indication{} ou \reponse{}: ""draw [very thick, color=red,samples=200,smooth] plot(\x, (exp(\x)+exp(-\x))/2 );""."
content/exercises/amscc/CPgC.tex,84,2,untyped-content-text,"Texte dans \contenu{...} hors \texte{}, \question{}, \indication{} ou \reponse{}: ""draw [very thick, color=blue,samples=200,smooth] plot(\x, (exp(\x)-exp(-\x))/2 );""."
content/exercises/amscc/CPgC.tex,86,2,untyped-content-text,"Texte dans \contenu{...} hors \texte{}, \question{}, \indication{} ou \reponse{}: ""node[color=red] at (-1.6,4.5) \ch(x) ;""."
content/exercises/amscc/CPgC.tex,88,2,untyped-content-text,"Texte dans \contenu{...} hors \texte{}, \question{}, \indication{} ou \reponse{}: ""node[color=blue] at (-1.6,-1.5) \sh(x) ;""."
content/exercises/amscc/CPgC.tex,90,2,untyped-content-text,"Texte dans \contenu{...} hors \texte{}, \question{}, \indication{} ou \reponse{}: ""node[below right,gray] at (0,0) 0 ; \node[below right,gray] at (1,0) 1 ; \node[below left,""."
content/exercises/amscc/CPgC.tex,101,3,untyped-content-text,"Texte dans \contenu{...} hors \texte{}, \question{}, \indication{} ou \reponse{}: ""label prop:chainette1""."
content/exercises/amscc/CPgC.tex,103,11,untyped-content-text,"Texte dans \contenu{...} hors \texte{}, \question{}, \indication{} ou \reponse{}: ""ch 2(x) - \sh 2(x) = 1 , pour tout x \in \R .""."
content/exercises/amscc/CPgC.tex,106,11,untyped-content-text,"Texte dans \contenu{...} hors \texte{}, \question{}, \indication{} ou \reponse{}: ""ch '(x) = \sh(x) et \sh'(x) = \ch(x) .""."
content/exercises/amscc/CPgC.tex,109,11,untyped-content-text,"Texte dans \contenu{...} hors \texte{}, \question{}, \indication{} ou \reponse{}: ""Les fonctions trigonométriques \cos et \sin sont dites << circulaires >>. On rappelle les ""."
content/exercises/amscc/CPgC.tex,114,5,untyped-content-text,"Texte dans \contenu{...} hors \texte{}, \question{}, \indication{} ou \reponse{}: ""On considère les courbes paramétrées C 1 \colon \left\ l x(t) = \cos(t)\\ y(t) = \sin(t)""."
content/exercises/amscc/CPgC.tex,119,6,untyped-content-text,"Texte dans \contenu{...} hors \texte{}, \question{}, \indication{} ou \reponse{}: ""right. et C 2 \colon \left\ l x(t) = \ch(t)\\ y(t) = \sh(t)""."
content/exercises/amscc/CPgC.tex,124,6,untyped-content-text,"Texte dans \contenu{...} hors \texte{}, \question{}, \indication{} ou \reponse{}: ""right.""."
content/exercises/amscc/CPgC.tex,134,14,untyped-content-text,"Texte dans \contenu{...} hors \texte{}, \question{}, \indication{} ou \reponse{}: ""Etant donné un arc paramétré [t] cccc \mathcal C : \mathcal ]a;b[ \rightarrow \Rr 2\\ t \m""."
content/exercises/amscc/CPgC.tex,140,5,untyped-content-text,"Texte dans \contenu{...} hors \texte{}, \question{}, \indication{} ou \reponse{}: ""On considère une chaînette dont le point le plus bas est (0,a) et dont les extrémités ont ""."
content/exercises/amscc/CPgC.tex,158,10,untyped-content-text,"Texte dans \contenu{...} hors \texte{}, \question{}, \indication{} ou \reponse{}: ""On peut démontrer les propriétés suivantes des fonctions hyperboliques :""."
content/exercises/amscc/CPgC.tex,161,12,untyped-content-text,"Texte dans \contenu{...} hors \texte{}, \question{}, \indication{} ou \reponse{}: ""La fonction x \mapsto \ch x est une bijection de [0,+\infty[ dans [1,+\infty[ . Sa bijecti""."
content/exercises/amscc/CPgC.tex,180,12,untyped-content-text,"Texte dans \contenu{...} hors \texte{}, \question{}, \indication{} ou \reponse{}: ""La fonction x \mapsto \sh x est une bijection de \Rr dans \Rr . Sa bijection réciproque es""."
content/exercises/amscc/CPgC.tex,195,12,untyped-content-text,"Texte dans \contenu{...} hors \texte{}, \question{}, \indication{} ou \reponse{}: ""Pour tout x \geq 1 : \Argch(x) = \ln\left( x+\sqrt x 2-1 \right) .""."
content/exercises/amscc/CPgC.tex,201,12,untyped-content-text,"Texte dans \contenu{...} hors \texte{}, \question{}, \indication{} ou \reponse{}: ""Pour tout x \in \R : \Argsh(x) = \ln\left( x+\sqrt x 2+1 \right) .""."
content/exercises/amscc/CXE4.tex,72,2,empty-indication,La commande \indication{...} ne doit pas être vide.
content/exercises/amscc/CXE4.tex,92,5,empty-indication,La commande \indication{...} ne doit pas être vide.
content/exercises/amscc/DnxY.tex,14,1,untyped-content-text,"Texte dans \contenu{...} hors \texte{}, \question{}, \indication{} ou \reponse{}: ""Voici un extrait des prix de l'essence relevés le 7 novembre 2022 sur cette base de donnée""."
content/exercises/amscc/DnxY.tex,16,1,untyped-content-text,"Texte dans \contenu{...} hors \texte{}, \question{}, \indication{} ou \reponse{}: ""https://data.economie.gouv.fr/explore/embed/dataset/prix-carburants-fichier-instantane-tes""."
content/exercises/amscc/DnxY.tex,18,1,untyped-content-text,"Texte dans \contenu{...} hors \texte{}, \question{}, \indication{} ou \reponse{}: ""L'échantillon est disponible en suivant \href https://stcyrterrenetdefensegouvf-my.sharepo""."
content/exercises/amscc/DzLc.tex,14,1,untyped-content-text,"Texte dans \contenu{...} hors \texte{}, \question{}, \indication{} ou \reponse{}: ""Dans le cadre d'une enquête sur le SIDA réalisée en Allemagne durant l'été 1990 (A. Hahn, ""."
content/exercises/amscc/DzLc.tex,17,19,untyped-content-text,"Texte dans \contenu{...} hors \texte{}, \question{}, \indication{} ou \reponse{}: ""c|c|c|c|c| \hline Classe d'âge d'accord indécis pas d'accord Total \\ \hline 18 à <30 43 1""."
content/exercises/amscc/GFDv.tex,23,3,empty-indication,La commande \indication{...} ne doit pas être vide.
content/exercises/amscc/GFDv.tex,33,3,empty-indication,La commande \indication{...} ne doit pas être vide.
content/exercises/amscc/Hhtu.tex,21,2,untyped-content-text,"Texte dans \contenu{...} hors \texte{}, \question{}, \indication{} ou \reponse{}: ""colonnes \solution 2 1""."
content/exercises/amscc/Hhtu.tex,73,2,untyped-content-text,"Texte dans \contenu{...} hors \texte{}, \question{}, \indication{} ou \reponse{}: ""fincolonnes \solution 2 1""."
content/exercises/amscc/HojS.tex,16,20,untyped-content-text,"Texte dans \contenu{...} hors \texte{}, \question{}, \indication{} ou \reponse{}: ""2""."
content/exercises/amscc/HvSs.tex,15,1,untyped-content-text,"Texte dans \contenu{...} hors \texte{}, \question{}, \indication{} ou \reponse{}: ""Une machine est conçue pour fabriquer des pièces pesant chacune 0 , 5 g. Dans les faits, l""."
content/exercises/amscc/LHbK.tex,13,11,untyped-content-text,"Texte dans \contenu{...} hors \texte{}, \question{}, \indication{} ou \reponse{}: ""Soit \alpha un nombre r\'eel et (u n) la suite d\'efinie pour tout entier naturel n\geq 1 ""."
content/exercises/amscc/LHbK.tex,16,1,untyped-content-text,"Texte dans \contenu{...} hors \texte{}, \question{}, \indication{} ou \reponse{}: ""Pour tout entier naturel n \geq 1 , on pose : v n = \frac n(n+1) 2n \alpha \quad \text et ""."
content/exercises/amscc/LfqB.tex,14,2,untyped-content-text,"Texte dans \contenu{...} hors \texte{}, \question{}, \indication{} ou \reponse{}: ""Répondre par vrai ou faux. Aucune justification n'est demandée mais une mauvaise réponse e""."
content/exercises/amscc/LnaN.tex,15,1,untyped-content-text,"Texte dans \contenu{...} hors \texte{}, \question{}, \indication{} ou \reponse{}: ""La note obtenue par des étudiants à un examen suit une variable aléatoire X de loi normale""."
content/exercises/amscc/MWWz.tex,15,2,untyped-content-text,"Texte dans \contenu{...} hors \texte{}, \question{}, \indication{} ou \reponse{}: ""La fonction caractéristique d'une variable aléatoire X i suivant une loi uniforme sur [-d;""."
content/exercises/amscc/NgxZ.tex,23,1,empty-indication,La commande \indication{...} ne doit pas être vide.
content/exercises/amscc/NgxZ.tex,21,1,single-item-enumerate,Un exercice avec une seule question ne doit pas contenir un environnement enumerate avec un seul \item.
content/exercises/amscc/O5Wz.tex,38,11,untyped-content-text,"Texte dans \contenu{...} hors \texte{}, \question{}, \indication{} ou \reponse{}: ""Soit Y la variable aléatoire égale à la plus grande des 3 durées de fonctionnement de la m""."
content/exercises/amscc/PPFk.tex,28,3,untyped-content-text,"Texte dans \contenu{...} hors \texte{}, \question{}, \indication{} ou \reponse{}: ""paragraph Partie A""."
content/exercises/amscc/PPFk.tex,41,3,untyped-content-text,"Texte dans \contenu{...} hors \texte{}, \question{}, \indication{} ou \reponse{}: ""paragraph Partie B""."
content/exercises/amscc/PUWY.tex,15,2,untyped-content-text,"Texte dans \contenu{...} hors \texte{}, \question{}, \indication{} ou \reponse{}: ""Soit un entier k \geq 1 .""."
content/exercises/amscc/Qc6c.tex,23,1,empty-indication,La commande \indication{...} ne doit pas être vide.
content/exercises/amscc/Qc6c.tex,27,1,empty-indication,La commande \indication{...} ne doit pas être vide.
content/exercises/amscc/Qc6c.tex,31,1,empty-indication,La commande \indication{...} ne doit pas être vide.
content/exercises/amscc/Qds7.tex,16,2,untyped-content-text,"Texte dans \contenu{...} hors \texte{}, \question{}, \indication{} ou \reponse{}: ""colonnes \solution 3 1""."
content/exercises/amscc/Qds7.tex,27,2,untyped-content-text,"Texte dans \contenu{...} hors \texte{}, \question{}, \indication{} ou \reponse{}: ""fincolonnes \solution 3 1""."
content/exercises/amscc/Rg7q.tex,23,1,empty-indication,La commande \indication{...} ne doit pas être vide.
content/exercises/amscc/Rg7q.tex,27,1,empty-indication,La commande \indication{...} ne doit pas être vide.
content/exercises/amscc/Rg7q.tex,31,1,empty-indication,La commande \indication{...} ne doit pas être vide.
content/exercises/amscc/Rz9w.tex,17,3,untyped-content-text,"Texte dans \contenu{...} hors \texte{}, \question{}, \indication{} ou \reponse{}: ""colonnes \solution 3 1""."
content/exercises/amscc/Rz9w.tex,63,3,untyped-content-text,"Texte dans \contenu{...} hors \texte{}, \question{}, \indication{} ou \reponse{}: ""fincolonnes \solution 3 1""."
content/exercises/amscc/SfKE.tex,12,1,content-outside-contenu,La commande \texte{...} doit être dans \contenu{...}.
content/exercises/amscc/SfKE.tex,12,2,text-outside-contenu,"Texte hors \contenu{...}: ""texte{ On considère la série entière réelle $\displaystyle \sum_{n \geq 0} \dfrac{(n+1)x^n""."
content/exercises/amscc/Sqjo.tex,16,2,untyped-content-text,"Texte dans \contenu{...} hors \texte{}, \question{}, \indication{} ou \reponse{}: ""paragraph Partie 1 :""."
content/exercises/amscc/Sqjo.tex,25,2,untyped-content-text,"Texte dans \contenu{...} hors \texte{}, \question{}, \indication{} ou \reponse{}: ""paragraph Partie 2 :""."
content/exercises/amscc/T3aW.tex,25,3,empty-indication,La commande \indication{...} ne doit pas être vide.
content/exercises/amscc/T4fh.tex,14,1,untyped-content-text,"Texte dans \contenu{...} hors \texte{}, \question{}, \indication{} ou \reponse{}: ""Soit X une variable aléatoire suivant une loi de Bernoulli \mathcal B (p) où p \in ]0;1[ .""."
content/exercises/amscc/Uijb.tex,24,8,untyped-content-text,"Texte dans \contenu{...} hors \texte{}, \question{}, \indication{} ou \reponse{}: ""On considère la méthode numérique définie ci après (où \texttt log permet de calculer le l""."
content/exercises/amscc/Uijb.tex,26,1,untyped-content-text,"Texte dans \contenu{...} hors \texte{}, \question{}, \indication{} ou \reponse{}: ""x0 = 0.5 maxiter = 1000 for i in range(maxiter): x = - log(x) print(x)""."
content/exercises/amscc/Uijb.tex,32,2,untyped-content-text,"Texte dans \contenu{...} hors \texte{}, \question{}, \indication{} ou \reponse{}: ""Expliquer pourquoi cette méthode n'est pas convergente.""."
content/exercises/amscc/Uijb.tex,36,8,untyped-content-text,"Texte dans \contenu{...} hors \texte{}, \question{}, \indication{} ou \reponse{}: ""On considère une autre méthode numérique définie ci dessous :""."
content/exercises/amscc/Uijb.tex,38,1,untyped-content-text,"Texte dans \contenu{...} hors \texte{}, \question{}, \indication{} ou \reponse{}: ""x0 = 0.5 maxiter = 1000 for i in range(maxiter): x = exp( - x) print(x)""."
content/exercises/amscc/Uijb.tex,44,2,untyped-content-text,"Texte dans \contenu{...} hors \texte{}, \question{}, \indication{} ou \reponse{}: ""Démontrer que cette méthode converge vers la solution \ell de l'équation et donner l'ordre""."
content/exercises/amscc/Uijb.tex,56,8,untyped-content-text,"Texte dans \contenu{...} hors \texte{}, \question{}, \indication{} ou \reponse{}: ""Soit la fonction h \colon x \mapsto x - e -x . En complétant le programme ci-dessous, expl""."
content/exercises/amscc/Uijb.tex,58,1,untyped-content-text,"Texte dans \contenu{...} hors \texte{}, \question{}, \indication{} ou \reponse{}: ""x0 = 0.5 maxiter = 1000 for i in range(maxiter): x = ... print(x)""."
content/exercises/amscc/Vk4D.tex,17,1,single-item-enumerate,Un exercice avec une seule question ne doit pas contenir un environnement enumerate avec un seul \item.
content/exercises/amscc/Vss4.tex,13,1,untyped-content-text,"Texte dans \contenu{...} hors \texte{}, \question{}, \indication{} ou \reponse{}: ""On effectue un contrôle sur des pièces d'un euro dont une proportion p = 0 , 05 est fausse""."
content/exercises/amscc/WmCw.tex,14,1,untyped-content-text,"Texte dans \contenu{...} hors \texte{}, \question{}, \indication{} ou \reponse{}: ""Pour chacune des fonctions suivantes : préciser l'ensemble de définition, puis calculer \d""."
content/exercises/amscc/XGrp.tex,16,2,untyped-content-text,"Texte dans \contenu{...} hors \texte{}, \question{}, \indication{} ou \reponse{}: ""On considère la série entière : S(x) = \sum n=0 +\infty \frac n n+2 x n""."
content/exercises/amscc/XxlS.tex,20,1,untyped-content-text,"Texte dans \contenu{...} hors \texte{}, \question{}, \indication{} ou \reponse{}: ""où \|\cdot\| 2 désigne la norme euclidienne sur \R p .""."
content/exercises/amscc/Y5Cw.tex,22,5,empty-indication,La commande \indication{...} ne doit pas être vide.
content/exercises/amscc/Y6X6.tex,146,5,empty-indication,La commande \indication{...} ne doit pas être vide.
content/exercises/amscc/YfYc.tex,23,1,empty-indication,La commande \indication{...} ne doit pas être vide.
content/exercises/amscc/YfYc.tex,21,1,single-item-enumerate,Un exercice avec une seule question ne doit pas contenir un environnement enumerate avec un seul \item.
content/exercises/amscc/ZBXI.tex,21,2,empty-indication,La commande \indication{...} ne doit pas être vide.
content/exercises/amscc/ZBXI.tex,87,5,empty-indication,La commande \indication{...} ne doit pas être vide.
content/exercises/amscc/a40A.tex,18,4,untyped-content-text,"Texte dans \contenu{...} hors \texte{}, \question{}, \indication{} ou \reponse{}: ""solution On reconnaît une identité remarquable de la forme A 2-B 2 avec A=X 2+1 et B=X . A""."
content/exercises/amscc/a40A.tex,26,4,untyped-content-text,"Texte dans \contenu{...} hors \texte{}, \question{}, \indication{} ou \reponse{}: ""solution""."
content/exercises/amscc/a40A.tex,28,11,untyped-content-text,"Texte dans \contenu{...} hors \texte{}, \question{}, \indication{} ou \reponse{}: ""Pour X 2+X+1 : Le discriminant est \Delta = 1 2 - 4 = -3 = (i\sqrt 3 ) 2 . Les deux racine""."
content/exercises/amscc/a40A.tex,37,4,untyped-content-text,"Texte dans \contenu{...} hors \texte{}, \question{}, \indication{} ou \reponse{}: ""solution On réduit l'expression de droite au même dénominateur : \frac aX+b X 2+X+1 +\frac""."
content/exercises/amscc/a40A.tex,44,4,untyped-content-text,"Texte dans \contenu{...} hors \texte{}, \question{}, \indication{} ou \reponse{}: ""L'équation devient : (aX+b)(X 2-X+1) + (-aX+b)(X 2+X+1) = 1 a(X 3-X 2+X) + b(X 2-X+1) - a(""."
content/exercises/amscc/aOYg.tex,31,3,untyped-content-text,"Texte dans \contenu{...} hors \texte{}, \question{}, \indication{} ou \reponse{}: ""def epsmatrice(n,epsilon): ... return ...""."
content/exercises/amscc/aOYg.tex,51,3,untyped-content-text,"Texte dans \contenu{...} hors \texte{}, \question{}, \indication{} ou \reponse{}: ""def rs(matrice): return max(abs(eigvals(matrice)))""."
content/exercises/amscc/aOYg.tex,58,3,untyped-content-text,"Texte dans \contenu{...} hors \texte{}, \question{}, \indication{} ou \reponse{}: ""def epsb(n,epsilon): ... return b""."
content/exercises/amscc/aaap.tex,31,11,untyped-content-text,"Texte dans \contenu{...} hors \texte{}, \question{}, \indication{} ou \reponse{}: ""Soit (X 1,\dots ,X 5) une suite de 5 variables aléatoires indépendantes et équidistribuées""."
content/exercises/amscc/alNi.tex,14,1,untyped-content-text,"Texte dans \contenu{...} hors \texte{}, \question{}, \indication{} ou \reponse{}: ""Soit X 1, X 2, \ldots, X 100 une suite de variables aléatoires indépendantes et identiquem""."
content/exercises/amscc/aoB6.tex,16,2,untyped-content-text,"Texte dans \contenu{...} hors \texte{}, \question{}, \indication{} ou \reponse{}: ""colonnes \solution 3 1""."
content/exercises/amscc/aoB6.tex,55,2,untyped-content-text,"Texte dans \contenu{...} hors \texte{}, \question{}, \indication{} ou \reponse{}: ""fincolonnes \solution 3 1""."
content/exercises/amscc/avca.tex,1,1,missing-question,Le contenu doit contenir au moins une \question{...}.
content/exercises/amscc/bXCC.tex,41,9,untyped-content-text,"Texte dans \contenu{...} hors \texte{}, \question{}, \indication{} ou \reponse{}: ""On définit la fonction \varphi 1 \colon x \mapsto x-\frac x(1+e x)-e x 1+xe x et pour un x""."
content/exercises/amscc/bXCC.tex,74,8,untyped-content-text,"Texte dans \contenu{...} hors \texte{}, \question{}, \indication{} ou \reponse{}: ""On consid\`ere""."
content/exercises/amscc/bXCC.tex,76,3,untyped-content-text,"Texte dans \contenu{...} hors \texte{}, \question{}, \indication{} ou \reponse{}: ""varphi 2:\; rcl \mathbb R \to \mathbb R \\ x \to \frac e x 1+e x ,""."
content/exercises/amscc/bXCC.tex,82,2,untyped-content-text,"Texte dans \contenu{...} hors \texte{}, \question{}, \indication{} ou \reponse{}: ""et la suite""."
content/exercises/amscc/bXCC.tex,84,2,untyped-content-text,"Texte dans \contenu{...} hors \texte{}, \question{}, \indication{} ou \reponse{}: ""x n+1 =\varphi 2(x n),\quad x 0\in [0,1].""."
content/exercises/amscc/bd38.tex,75,3,untyped-content-text,"Texte dans \contenu{...} hors \texte{}, \question{}, \indication{} ou \reponse{}: ""On supposera que cette décomposition existe pour la suite.""."
content/exercises/amscc/btoa.tex,13,1,untyped-content-text,"Texte dans \contenu{...} hors \texte{}, \question{}, \indication{} ou \reponse{}: ""Considérons les deux fractions rationnelles P et Q suivantes: Q(X) = X 3+X-2,\quad P(X) = ""."
content/exercises/amscc/cEVS.tex,16,2,untyped-content-text,"Texte dans \contenu{...} hors \texte{}, \question{}, \indication{} ou \reponse{}: ""colonnes \solution 2 1""."
content/exercises/amscc/cEVS.tex,39,2,untyped-content-text,"Texte dans \contenu{...} hors \texte{}, \question{}, \indication{} ou \reponse{}: ""fincolonnes \solution 2 1""."
content/exercises/amscc/d4sm.tex,14,5,untyped-content-text,"Texte dans \contenu{...} hors \texte{}, \question{}, \indication{} ou \reponse{}: ""Soient trois réels \alpha,a,x 0 avec a>0 . On dit qu'une variable aléatoire X suit une loi""."
content/exercises/amscc/d4sm.tex,17,5,untyped-content-text,"Texte dans \contenu{...} hors \texte{}, \question{}, \indication{} ou \reponse{}: ""Dans la suite, on fixe a=1 et x 0=0 .""."
content/exercises/amscc/d4sm.tex,46,5,untyped-content-text,"Texte dans \contenu{...} hors \texte{}, \question{}, \indication{} ou \reponse{}: ""Soit X une variable aléatoire suivant une loi de Pareto de paramètre (\alpha,1 ,0) et soie""."
content/exercises/amscc/dmDL.tex,14,2,untyped-content-text,"Texte dans \contenu{...} hors \texte{}, \question{}, \indication{} ou \reponse{}: ""colonnes \solution 2 1""."
content/exercises/amscc/dmDL.tex,115,2,untyped-content-text,"Texte dans \contenu{...} hors \texte{}, \question{}, \indication{} ou \reponse{}: ""fincolonnes \solution 2 1 \href https://moodle.st-cyr.terre.defense.gouv.fr/moodle/mod/qui""."
content/exercises/amscc/eDzQ.tex,14,2,untyped-content-text,"Texte dans \contenu{...} hors \texte{}, \question{}, \indication{} ou \reponse{}: ""Trouver un équivalent simple quand n \to +\infty pour chaque suite définie par son terme g""."
content/exercises/amscc/eDzQ.tex,41,3,untyped-content-text,"Texte dans \contenu{...} hors \texte{}, \question{}, \indication{} ou \reponse{}: ""fincolonnes \solution 3 1""."
content/exercises/amscc/eTDu.tex,17,2,untyped-content-text,"Texte dans \contenu{...} hors \texte{}, \question{}, \indication{} ou \reponse{}: ""subsubsection* Partie 1 : Technique du Hit or Miss.""."
content/exercises/amscc/eTDu.tex,48,2,untyped-content-text,"Texte dans \contenu{...} hors \texte{}, \question{}, \indication{} ou \reponse{}: ""subsubsection* Partie 2 : Technique de la moyenne empirique.""."
content/exercises/amscc/fJtB.tex,24,3,empty-indication,La commande \indication{...} ne doit pas être vide.
content/exercises/amscc/fsT2.tex,17,4,untyped-content-text,"Texte dans \contenu{...} hors \texte{}, \question{}, \indication{} ou \reponse{}: ""subsection* Partie A - Échantillonnage""."
content/exercises/amscc/fsT2.tex,71,4,untyped-content-text,"Texte dans \contenu{...} hors \texte{}, \question{}, \indication{} ou \reponse{}: ""subsection* Partie B - Contrôle qualité""."
content/exercises/amscc/g19x.tex,37,8,untyped-content-text,"Texte dans \contenu{...} hors \texte{}, \question{}, \indication{} ou \reponse{}: ""On suppose, dans cette question uniquement, que b = 0 .""."
content/exercises/amscc/hSGF.tex,17,3,empty-indication,La commande \indication{...} ne doit pas être vide.
content/exercises/amscc/hSGF.tex,25,3,empty-indication,La commande \indication{...} ne doit pas être vide.
content/exercises/amscc/hUMk.tex,85,9,untyped-content-text,"Texte dans \contenu{...} hors \texte{}, \question{}, \indication{} ou \reponse{}: ""On suppose que l'on sait simuler une loi uniforme \mathcal U [0,1] à l'aide de la méthode ""."
content/exercises/amscc/hqXo.tex,14,1,untyped-content-text,"Texte dans \contenu{...} hors \texte{}, \question{}, \indication{} ou \reponse{}: ""Soit la fonction f \colon \R 2 \to \R définie par : f(x,y) = \left\ ll \dfrac x 2 y 3 x 2+""."
content/exercises/amscc/hqXo.tex,18,2,untyped-content-text,"Texte dans \contenu{...} hors \texte{}, \question{}, \indication{} ou \reponse{}: ""right.""."
content/exercises/amscc/iQFz.tex,11,2,text-outside-contenu,"Texte hors \contenu{...}: ""variante{MWOk}""."
content/exercises/amscc/kJz6.tex,21,1,untyped-content-text,"Texte dans \contenu{...} hors \texte{}, \question{}, \indication{} ou \reponse{}: ""Calculer les probabilités suivantes :""."
content/exercises/amscc/krLE.tex,11,2,text-outside-contenu,"Texte hors \contenu{...}: ""difficulte3{}""."
content/exercises/amscc/lJaW.tex,19,3,empty-indication,La commande \indication{...} ne doit pas être vide.
content/exercises/amscc/lJaW.tex,22,3,empty-indication,La commande \indication{...} ne doit pas être vide.
content/exercises/amscc/lZfc.tex,15,159,untyped-content-text,"Texte dans \contenu{...} hors \texte{}, \question{}, \indication{} ou \reponse{}: ""où a,b,c,d,e,f sont des réels quelconques.""."
content/exercises/amscc/mDzt.tex,1,1,missing-question,Le contenu doit contenir au moins une \question{...}.
content/exercises/amscc/mK4p.tex,21,3,untyped-content-text,"Texte dans \contenu{...} hors \texte{}, \question{}, \indication{} ou \reponse{}: ""colonnes \solution 3 1""."
content/exercises/amscc/mK4p.tex,58,3,untyped-content-text,"Texte dans \contenu{...} hors \texte{}, \question{}, \indication{} ou \reponse{}: ""fincolonnes \solution 3 1""."
content/exercises/amscc/nSSt.tex,18,2,untyped-content-text,"Texte dans \contenu{...} hors \texte{}, \question{}, \indication{} ou \reponse{}: ""smallskip""."
content/exercises/amscc/ofSt.tex,21,3,empty-indication,La commande \indication{...} ne doit pas être vide.
content/exercises/amscc/ofSt.tex,25,3,empty-indication,La commande \indication{...} ne doit pas être vide.
content/exercises/amscc/ofSt.tex,28,3,empty-indication,La commande \indication{...} ne doit pas être vide.
content/exercises/amscc/ovua.tex,1,1,missing-question,Le contenu doit contenir au moins une \question{...}.
content/exercises/amscc/oyub.tex,1,1,missing-question,Le contenu doit contenir au moins une \question{...}.
content/exercises/amscc/p9K4.tex,25,1,empty-indication,La commande \indication{...} ne doit pas être vide.
content/exercises/amscc/p9K4.tex,29,1,empty-indication,La commande \indication{...} ne doit pas être vide.
content/exercises/amscc/p9K4.tex,40,1,empty-indication,La commande \indication{...} ne doit pas être vide.
content/exercises/amscc/p9K4.tex,49,1,empty-indication,La commande \indication{...} ne doit pas être vide.
content/exercises/amscc/qM6e.tex,23,3,empty-indication,La commande \indication{...} ne doit pas être vide.
content/exercises/amscc/qM6e.tex,26,3,empty-indication,La commande \indication{...} ne doit pas être vide.
content/exercises/amscc/qNxE.tex,13,2,untyped-content-text,"Texte dans \contenu{...} hors \texte{}, \question{}, \indication{} ou \reponse{}: ""similaire qyPc""."
content/exercises/amscc/qNxE.tex,47,9,untyped-content-text,"Texte dans \contenu{...} hors \texte{}, \question{}, \indication{} ou \reponse{}: ""A partir de la fonction \texttt rand() qui permet de simuler une loi uniforme sur [0;1] et""."
content/exercises/amscc/qOFO.tex,15,4,untyped-content-text,"Texte dans \contenu{...} hors \texte{}, \question{}, \indication{} ou \reponse{}: ""Déterminer le rayon de convergence des séries entières réelles suivantes :""."
content/exercises/amscc/qyPc.tex,11,2,text-outside-contenu,"Texte hors \contenu{...}: ""similaire{qNxE}""."
content/exercises/amscc/r0au.tex,15,2,untyped-content-text,"Texte dans \contenu{...} hors \texte{}, \question{}, \indication{} ou \reponse{}: ""A chaque fonction définie ci-dessous (1-6), associer ses courbes de niveaux (A-F).""."
content/exercises/amscc/r0au.tex,31,19,untyped-content-text,"Texte dans \contenu{...} hors \texte{}, \question{}, \indication{} ou \reponse{}: ""0.5\textwidth \includegraphics[] pdf/r0au-tikz-1""."
content/exercises/amscc/r0au.tex,34,3,untyped-content-text,"Texte dans \contenu{...} hors \texte{}, \question{}, \indication{} ou \reponse{}: ""hfill 0.5\textwidth \includegraphics[] pdf/r0au-tikz-2""."
content/exercises/amscc/r0au.tex,39,19,untyped-content-text,"Texte dans \contenu{...} hors \texte{}, \question{}, \indication{} ou \reponse{}: ""0.5\textwidth \includegraphics[] pdf/r0au-tikz-3""."
content/exercises/amscc/r0au.tex,42,3,untyped-content-text,"Texte dans \contenu{...} hors \texte{}, \question{}, \indication{} ou \reponse{}: ""hfill 0.5\textwidth \includegraphics[] pdf/r0au-tikz-4""."
content/exercises/amscc/r0au.tex,47,19,untyped-content-text,"Texte dans \contenu{...} hors \texte{}, \question{}, \indication{} ou \reponse{}: ""0.5\textwidth \includegraphics[] pdf/r0au-tikz-5""."
content/exercises/amscc/r0au.tex,50,3,untyped-content-text,"Texte dans \contenu{...} hors \texte{}, \question{}, \indication{} ou \reponse{}: ""hfill 0.5\textwidth \includegraphics[] pdf/r0au-tikz-6""."
content/exercises/amscc/r5ft.tex,23,1,empty-indication,La commande \indication{...} ne doit pas être vide.
content/exercises/amscc/r5ft.tex,27,1,empty-indication,La commande \indication{...} ne doit pas être vide.
content/exercises/amscc/r5ft.tex,31,1,empty-indication,La commande \indication{...} ne doit pas être vide.
content/exercises/amscc/tSoF.tex,14,1,untyped-content-text,"Texte dans \contenu{...} hors \texte{}, \question{}, \indication{} ou \reponse{}: ""Trouver un équivalent simple pour chaque fonction suivante en +\infty : \colonnes \solutio""."
content/exercises/amscc/tSoF.tex,41,2,untyped-content-text,"Texte dans \contenu{...} hors \texte{}, \question{}, \indication{} ou \reponse{}: ""fincolonnes \solution 3 1""."
content/exercises/amscc/td21.tex,21,5,empty-indication,La commande \indication{...} ne doit pas être vide.
content/exercises/amscc/td21.tex,31,5,empty-indication,La commande \indication{...} ne doit pas être vide.
content/exercises/amscc/td22.tex,21,5,empty-indication,La commande \indication{...} ne doit pas être vide.
content/exercises/amscc/td22.tex,40,5,empty-indication,La commande \indication{...} ne doit pas être vide.
content/exercises/amscc/td22.tex,55,5,empty-indication,La commande \indication{...} ne doit pas être vide.
content/exercises/amscc/td23.tex,21,5,empty-indication,La commande \indication{...} ne doit pas être vide.
content/exercises/amscc/td23.tex,42,5,empty-indication,La commande \indication{...} ne doit pas être vide.
content/exercises/amscc/td23.tex,93,5,empty-indication,La commande \indication{...} ne doit pas être vide.
content/exercises/amscc/td23.tex,133,5,empty-indication,La commande \indication{...} ne doit pas être vide.
content/exercises/amscc/td23.tex,152,5,empty-indication,La commande \indication{...} ne doit pas être vide.
content/exercises/amscc/td24.tex,32,5,empty-indication,La commande \indication{...} ne doit pas être vide.
content/exercises/amscc/td24.tex,72,5,empty-indication,La commande \indication{...} ne doit pas être vide.
content/exercises/amscc/td24.tex,92,5,empty-indication,La commande \indication{...} ne doit pas être vide.
content/exercises/amscc/td24.tex,111,5,empty-indication,La commande \indication{...} ne doit pas être vide.
content/exercises/amscc/td24.tex,152,5,empty-indication,La commande \indication{...} ne doit pas être vide.
content/exercises/amscc/td25.tex,21,5,empty-indication,La commande \indication{...} ne doit pas être vide.
content/exercises/amscc/td25.tex,24,5,empty-indication,La commande \indication{...} ne doit pas être vide.
content/exercises/amscc/td25.tex,27,5,empty-indication,La commande \indication{...} ne doit pas être vide.
content/exercises/amscc/td25.tex,30,5,empty-indication,La commande \indication{...} ne doit pas être vide.
content/exercises/amscc/td25.tex,33,5,empty-indication,La commande \indication{...} ne doit pas être vide.
content/exercises/amscc/td26.tex,21,5,empty-indication,La commande \indication{...} ne doit pas être vide.
content/exercises/amscc/td26.tex,24,5,empty-indication,La commande \indication{...} ne doit pas être vide.
content/exercises/amscc/td26.tex,27,5,empty-indication,La commande \indication{...} ne doit pas être vide.
content/exercises/amscc/td26.tex,30,5,empty-indication,La commande \indication{...} ne doit pas être vide.
content/exercises/amscc/td27.tex,23,5,empty-indication,La commande \indication{...} ne doit pas être vide.
content/exercises/amscc/td27.tex,29,5,empty-indication,La commande \indication{...} ne doit pas être vide.
content/exercises/amscc/urL7.tex,16,2,untyped-content-text,"Texte dans \contenu{...} hors \texte{}, \question{}, \indication{} ou \reponse{}: ""colonnes \solution 3 1""."
content/exercises/amscc/urL7.tex,32,10,untyped-content-text,"Texte dans \contenu{...} hors \texte{}, \question{}, \indication{} ou \reponse{}: ""sum \frac 2 n+100 3 n+1""."
content/exercises/amscc/urL7.tex,94,2,untyped-content-text,"Texte dans \contenu{...} hors \texte{}, \question{}, \indication{} ou \reponse{}: ""fincolonnes \solution 3 1""."
content/exercises/amscc/v1bv.tex,25,5,empty-indication,La commande \indication{...} ne doit pas être vide.
content/exercises/amscc/v1bv.tex,59,5,empty-indication,La commande \indication{...} ne doit pas être vide.
content/exercises/amscc/v1bv.tex,67,5,empty-indication,La commande \indication{...} ne doit pas être vide.
content/exercises/amscc/v1bv.tex,76,5,empty-indication,La commande \indication{...} ne doit pas être vide.
content/exercises/amscc/v1bv.tex,85,5,empty-indication,La commande \indication{...} ne doit pas être vide.
content/exercises/amscc/v1bv.tex,97,5,empty-indication,La commande \indication{...} ne doit pas être vide.
content/exercises/amscc/v1bv.tex,106,5,empty-indication,La commande \indication{...} ne doit pas être vide.
content/exercises/amscc/vUFN.tex,15,1,untyped-content-text,"Texte dans \contenu{...} hors \texte{}, \question{}, \indication{} ou \reponse{}: ""Soit (\Omega, \mathcal A , \prob) un espace probabilisé. On considère deux variables aléat""."
content/exercises/amscc/x78l.tex,27,3,untyped-content-text,"Texte dans \contenu{...} hors \texte{}, \question{}, \indication{} ou \reponse{}: ""subsection* Partie A - Statistiques descriptives""."
content/exercises/amscc/x78l.tex,69,3,untyped-content-text,"Texte dans \contenu{...} hors \texte{}, \question{}, \indication{} ou \reponse{}: ""subsection* Partie B - Modélisation par une loi normale""."
content/exercises/amscc/x78l.tex,113,3,untyped-content-text,"Texte dans \contenu{...} hors \texte{}, \question{}, \indication{} ou \reponse{}: ""subsection* Partie C - Intervalle de confiance""."
content/exercises/amscc/xTQK.tex,17,2,untyped-content-text,"Texte dans \contenu{...} hors \texte{}, \question{}, \indication{} ou \reponse{}: ""href https://moodle.st-cyr.terre.defense.gouv.fr/moodle/mod/resource/view.php?id=31200 Lie""."
content/exercises/amscc/xheQ.tex,14,2,untyped-content-text,"Texte dans \contenu{...} hors \texte{}, \question{}, \indication{} ou \reponse{}: ""On définit trois variables aléatoires indépendantes (X 1,X 2,X 3) suivant chacune une loi ""."
content/exercises/amscc/xheQ.tex,18,2,untyped-content-text,"Texte dans \contenu{...} hors \texte{}, \question{}, \indication{} ou \reponse{}: ""On pose \overline X = \frac 1 3 \sum i=1 3 X i \qquad T = \frac27 X 1+\frac37 X 2+\frac27 ""."
content/exercises/amscc/xs4r.tex,14,1,untyped-content-text,"Texte dans \contenu{...} hors \texte{}, \question{}, \indication{} ou \reponse{}: ""Soit (X,Y) un couple de variables aléatoires discrètes tel que : l'ensemble des valeurs pr""."
content/exercises/amscc/xs4r.tex,16,1,untyped-content-text,"Texte dans \contenu{...} hors \texte{}, \question{}, \indication{} ou \reponse{}: ""La loi du couple (X,Y) est donnée par le tableau suivant :""."
content/exercises/amscc/xs4r.tex,19,17,untyped-content-text,"Texte dans \contenu{...} hors \texte{}, \question{}, \indication{} ou \reponse{}: ""c|ccc \hline Y=2 Y=4 Y=6 \\ \hline X=1 0 , 1 0 , 05 0 , 15 \\ X=3 0 , 2 p 0 , 1 \\ X=5 0 ,""."
content/exercises/amscc/ycEr.tex,21,2,untyped-content-text,"Texte dans \contenu{...} hors \texte{}, \question{}, \indication{} ou \reponse{}: ""medskip""."
content/exercises/amscc/ycEr.tex,41,9,untyped-content-text,"Texte dans \contenu{...} hors \texte{}, \question{}, \indication{} ou \reponse{}: ""A l'aide de la question pr\'ec\'edente et de l'in\'egalit\'e de Cauchy-Schwarz, montrer qu""."
content/exercises/amscc/zmLP.tex,16,2,untyped-content-text,"Texte dans \contenu{...} hors \texte{}, \question{}, \indication{} ou \reponse{}: ""colonnes \solution 3 1""."
content/exercises/amscc/zmLP.tex,63,2,untyped-content-text,"Texte dans \contenu{...} hors \texte{}, \question{}, \indication{} ou \reponse{}: ""fincolonnes \solution 3 1""."
content/exercises/crouzet/pcsi/01/0fy9.tex,8,2,text-outside-contenu,"Texte hors \contenu{...}: ""duree{10}""."
content/exercises/crouzet/pcsi/01/6GOi.tex,8,2,text-outside-contenu,"Texte hors \contenu{...}: ""duree{10}""."
content/exercises/crouzet/pcsi/01/LusY.tex,8,2,text-outside-contenu,"Texte hors \contenu{...}: ""duree{5}""."
content/exercises/crouzet/pcsi/01/O1Wl.tex,8,2,text-outside-contenu,"Texte hors \contenu{...}: ""duree{15}""."
content/exercises/crouzet/pcsi/01/TZXa.tex,8,2,text-outside-contenu,"Texte hors \contenu{...}: ""duree{10}""."
content/exercises/crouzet/pcsi/01/dPvd.tex,8,2,text-outside-contenu,"Texte hors \contenu{...}: ""duree{5}""."
content/exercises/crouzet/pcsi/01/skI3.tex,8,2,text-outside-contenu,"Texte hors \contenu{...}: ""duree{10}""."
content/exercises/crouzet/pcsi/01/tLN1.tex,8,2,text-outside-contenu,"Texte hors \contenu{...}: ""duree{10}""."
content/exercises/crouzet/pcsi/01/vAL9.tex,8,2,text-outside-contenu,"Texte hors \contenu{...}: ""duree{40}""."
content/exercises/crouzet/pcsi/02/1Lwx.tex,8,2,text-outside-contenu,"Texte hors \contenu{...}: ""duree{15}""."
content/exercises/crouzet/pcsi/02/4cWY.tex,8,2,text-outside-contenu,"Texte hors \contenu{...}: ""duree{10}""."
content/exercises/crouzet/pcsi/02/5R1o.tex,6,2,text-outside-contenu,"Texte hors \contenu{...}: ""duree{15}""."
content/exercises/crouzet/pcsi/02/CUkc.tex,8,2,text-outside-contenu,"Texte hors \contenu{...}: ""duree{10}""."
content/exercises/crouzet/pcsi/02/H3Jn.tex,8,2,text-outside-contenu,"Texte hors \contenu{...}: ""duree{10}""."
content/exercises/crouzet/pcsi/02/IxMl.tex,9,2,text-outside-contenu,"Texte hors \contenu{...}: ""duree{10}""."
content/exercises/crouzet/pcsi/02/K84O.tex,8,2,text-outside-contenu,"Texte hors \contenu{...}: ""duree{15}""."
content/exercises/crouzet/pcsi/02/N9h1.tex,6,2,text-outside-contenu,"Texte hors \contenu{...}: ""duree{15}""."
content/exercises/crouzet/pcsi/02/QoU0.tex,6,2,text-outside-contenu,"Texte hors \contenu{...}: ""duree{30}""."
content/exercises/crouzet/pcsi/02/SS1T.tex,9,2,text-outside-contenu,"Texte hors \contenu{...}: ""duree{5}""."
content/exercises/crouzet/pcsi/02/UzhJ.tex,9,2,text-outside-contenu,"Texte hors \contenu{...}: ""duree{5}""."
content/exercises/crouzet/pcsi/02/cjka.tex,8,2,text-outside-contenu,"Texte hors \contenu{...}: ""duree{5}""."
content/exercises/crouzet/pcsi/02/iQeV.tex,8,2,text-outside-contenu,"Texte hors \contenu{...}: ""duree{10}""."
content/exercises/crouzet/pcsi/02/idAb.tex,8,2,text-outside-contenu,"Texte hors \contenu{...}: ""duree{20}""."
content/exercises/crouzet/pcsi/02/ihPY.tex,8,2,text-outside-contenu,"Texte hors \contenu{...}: ""duree{5}""."
content/exercises/crouzet/pcsi/02/lAdf.tex,6,2,text-outside-contenu,"Texte hors \contenu{...}: ""duree{5}""."
content/exercises/crouzet/pcsi/02/uep6.tex,9,2,text-outside-contenu,"Texte hors \contenu{...}: ""duree{10}""."
content/exercises/crouzet/pcsi/02/urss.tex,8,2,text-outside-contenu,"Texte hors \contenu{...}: ""duree{10}""."
content/exercises/crouzet/pcsi/02/w1xE.tex,8,2,text-outside-contenu,"Texte hors \contenu{...}: ""duree{10}""."
content/exercises/crouzet/pcsi/02/wtmO.tex,6,2,text-outside-contenu,"Texte hors \contenu{...}: ""duree{30}""."
content/exercises/crouzet/pcsi/02/yqdS.tex,8,2,text-outside-contenu,"Texte hors \contenu{...}: ""duree{15}""."
content/exercises/crouzet/pcsi/02/zL1k.tex,6,2,text-outside-contenu,"Texte hors \contenu{...}: ""duree{10}""."
content/exercises/crouzet/pcsi/03/8quA.tex,8,2,text-outside-contenu,"Texte hors \contenu{...}: ""duree{20}""."
content/exercises/crouzet/pcsi/03/RMWJ.tex,9,2,text-outside-contenu,"Texte hors \contenu{...}: ""duree{20}""."
content/exercises/crouzet/pcsi/03/U001.tex,9,2,text-outside-contenu,"Texte hors \contenu{...}: ""duree{30}""."
content/exercises/crouzet/pcsi/03/UVFo.tex,9,2,text-outside-contenu,"Texte hors \contenu{...}: ""duree{10}""."
content/exercises/crouzet/pcsi/03/VYg2.tex,9,2,text-outside-contenu,"Texte hors \contenu{...}: ""duree{5}""."
content/exercises/crouzet/pcsi/03/Zoql.tex,9,2,text-outside-contenu,"Texte hors \contenu{...}: ""duree{10}""."
content/exercises/crouzet/pcsi/03/aJ2m.tex,9,2,text-outside-contenu,"Texte hors \contenu{...}: ""duree{10}""."
content/exercises/crouzet/pcsi/03/fRkl.tex,9,2,text-outside-contenu,"Texte hors \contenu{...}: ""duree{20}""."
content/exercises/crouzet/pcsi/03/g36c.tex,9,2,text-outside-contenu,"Texte hors \contenu{...}: ""duree{20}""."
content/exercises/crouzet/pcsi/03/hSmn.tex,8,2,text-outside-contenu,"Texte hors \contenu{...}: ""duree{5}""."
content/exercises/crouzet/pcsi/03/iS2H.tex,9,2,text-outside-contenu,"Texte hors \contenu{...}: ""duree{5}""."
content/exercises/crouzet/pcsi/03/iz4b.tex,9,2,text-outside-contenu,"Texte hors \contenu{...}: ""duree{10}""."
content/exercises/crouzet/pcsi/03/kbVI.tex,9,2,text-outside-contenu,"Texte hors \contenu{...}: ""duree{10}""."
content/exercises/crouzet/pcsi/03/qZ4b.tex,9,2,text-outside-contenu,"Texte hors \contenu{...}: ""duree{15}""."
content/exercises/crouzet/pcsi/03/u6VM.tex,8,2,text-outside-contenu,"Texte hors \contenu{...}: ""duree{15}""."
content/exercises/crouzet/pcsi/03/uFXe.tex,9,2,text-outside-contenu,"Texte hors \contenu{...}: ""duree{15}""."
content/exercises/crouzet/pcsi/03/vcns.tex,8,2,text-outside-contenu,"Texte hors \contenu{...}: ""duree{10}""."
content/exercises/crouzet/pcsi/03/vuIE.tex,8,2,text-outside-contenu,"Texte hors \contenu{...}: ""duree{10}""."
content/exercises/crouzet/pcsi/03/wkYI.tex,9,2,text-outside-contenu,"Texte hors \contenu{...}: ""duree{20}""."
content/exercises/crouzet/pcsi/04/3337.tex,9,2,text-outside-contenu,"Texte hors \contenu{...}: ""duree{10}""."
content/exercises/crouzet/pcsi/04/8RjM.tex,6,2,text-outside-contenu,"Texte hors \contenu{...}: ""duree{20}""."
content/exercises/crouzet/pcsi/04/Dzho.tex,6,2,text-outside-contenu,"Texte hors \contenu{...}: ""duree{10}""."
content/exercises/crouzet/pcsi/04/c5V5.tex,6,2,text-outside-contenu,"Texte hors \contenu{...}: ""duree{30}""."
content/exercises/crouzet/pcsi/04/zWD6.tex,9,2,text-outside-contenu,"Texte hors \contenu{...}: ""duree{20}""."
content/exercises/crouzet/pcsi/05/2LMS.tex,8,2,text-outside-contenu,"Texte hors \contenu{...}: ""duree{5}""."
content/exercises/crouzet/pcsi/05/7Jo3.tex,8,2,text-outside-contenu,"Texte hors \contenu{...}: ""duree{20}""."
content/exercises/crouzet/pcsi/05/Jvgk.tex,6,2,text-outside-contenu,"Texte hors \contenu{...}: ""duree{15}""."
content/exercises/crouzet/pcsi/05/LAtu.tex,9,2,text-outside-contenu,"Texte hors \contenu{...}: ""duree{15}""."
content/exercises/crouzet/pcsi/05/NWAk.tex,9,2,text-outside-contenu,"Texte hors \contenu{...}: ""duree{20}""."
content/exercises/crouzet/pcsi/05/WCeg.tex,9,2,text-outside-contenu,"Texte hors \contenu{...}: ""duree{15}""."
content/exercises/crouzet/pcsi/05/WaY8.tex,9,2,text-outside-contenu,"Texte hors \contenu{...}: ""duree{5}""."
content/exercises/crouzet/pcsi/05/h4UB.tex,9,2,text-outside-contenu,"Texte hors \contenu{...}: ""duree{20}""."
content/exercises/crouzet/pcsi/05/hS6A.tex,8,2,text-outside-contenu,"Texte hors \contenu{...}: ""duree{15}""."
content/exercises/crouzet/pcsi/05/kU9b.tex,8,2,text-outside-contenu,"Texte hors \contenu{...}: ""duree{15}""."
content/exercises/crouzet/pcsi/05/pfJY.tex,9,2,text-outside-contenu,"Texte hors \contenu{...}: ""duree{5}""."
content/exercises/crouzet/pcsi/05/qzr7.tex,9,2,text-outside-contenu,"Texte hors \contenu{...}: ""duree{10}""."
content/exercises/crouzet/pcsi/05/rGFc.tex,6,2,text-outside-contenu,"Texte hors \contenu{...}: ""duree{10}""."
content/exercises/crouzet/pcsi/05/rwcl.tex,9,2,text-outside-contenu,"Texte hors \contenu{...}: ""duree{15}""."
content/exercises/crouzet/pcsi/05/uq3f.tex,9,2,text-outside-contenu,"Texte hors \contenu{...}: ""duree{10}""."
content/exercises/crouzet/pcsi/05/v5em.tex,9,2,text-outside-contenu,"Texte hors \contenu{...}: ""duree{10}""."
content/exercises/crouzet/pcsi/05/y4ZW.tex,8,2,text-outside-contenu,"Texte hors \contenu{...}: ""duree{20}""."
content/exercises/crouzet/pcsi/06/0TXI.tex,9,2,text-outside-contenu,"Texte hors \contenu{...}: ""duree{10}""."
content/exercises/crouzet/pcsi/06/65GE.tex,9,2,text-outside-contenu,"Texte hors \contenu{...}: ""duree{10}""."
content/exercises/crouzet/pcsi/06/7JVX.tex,9,2,text-outside-contenu,"Texte hors \contenu{...}: ""duree{40}""."
content/exercises/crouzet/pcsi/06/DJws.tex,9,2,text-outside-contenu,"Texte hors \contenu{...}: ""duree{10}""."
content/exercises/crouzet/pcsi/06/FL5j.tex,9,2,text-outside-contenu,"Texte hors \contenu{...}: ""duree{5}""."
content/exercises/crouzet/pcsi/06/Fe90.tex,9,2,text-outside-contenu,"Texte hors \contenu{...}: ""duree{20}""."
content/exercises/crouzet/pcsi/06/FmPI.tex,9,2,text-outside-contenu,"Texte hors \contenu{...}: ""duree{5}""."
content/exercises/crouzet/pcsi/06/OOqX.tex,9,2,text-outside-contenu,"Texte hors \contenu{...}: ""duree{15}""."
content/exercises/crouzet/pcsi/06/OkbT.tex,9,2,text-outside-contenu,"Texte hors \contenu{...}: ""duree{5}""."
content/exercises/crouzet/pcsi/06/ZbmD.tex,9,2,text-outside-contenu,"Texte hors \contenu{...}: ""duree{20}""."
content/exercises/crouzet/pcsi/06/a3e0.tex,9,2,text-outside-contenu,"Texte hors \contenu{...}: ""duree{15}""."
content/exercises/crouzet/pcsi/06/bZUn.tex,9,2,text-outside-contenu,"Texte hors \contenu{...}: ""duree{10}""."
content/exercises/crouzet/pcsi/06/bj2U.tex,9,2,text-outside-contenu,"Texte hors \contenu{...}: ""duree{15}""."
content/exercises/crouzet/pcsi/06/w0qK.tex,9,2,text-outside-contenu,"Texte hors \contenu{...}: ""duree{10}""."
content/exercises/crouzet/pcsi/08/cmlw.tex,11,1,malformed-command,La commande \contenu{...} n'est pas fermée correctement.
content/exercises/crouzet/pcsi/08/cmlw.tex,12,1,malformed-command,La commande \question{...} n'est pas fermée correctement.
content/exercises/crouzet/pcsi/08/cmlw.tex,6,2,text-outside-contenu,"Texte hors \contenu{...}: ""duree{20}""."
content/exercises/crouzet/pcsi/08/mOqL.tex,6,2,text-outside-contenu,"Texte hors \contenu{...}: ""exercicetags{géométrie,cercle,démonstration}""."
content/exercises/crouzet/pcsi/08/mOqL.tex,7,2,text-outside-contenu,"Texte hors \contenu{...}: ""duree{30}""."
content/exercises/crouzet/pcsi/09/9g2N.tex,6,2,text-outside-contenu,"Texte hors \contenu{...}: ""duree{30}""."
content/exercises/crouzet/pcsi/09/BsK7.tex,6,2,text-outside-contenu,"Texte hors \contenu{...}: ""duree{30}""."
content/exercises/crouzet/pcsi/09/KFJI.tex,6,2,text-outside-contenu,"Texte hors \contenu{...}: ""duree{20}""."
content/exercises/crouzet/pcsi/09/MPpO.tex,6,2,text-outside-contenu,"Texte hors \contenu{...}: ""duree{10}""."
content/exercises/crouzet/pcsi/09/UC5O.tex,6,2,text-outside-contenu,"Texte hors \contenu{...}: ""duree{15}""."
content/exercises/crouzet/pcsi/09/a3Ec.tex,6,2,text-outside-contenu,"Texte hors \contenu{...}: ""duree{10}""."
content/exercises/crouzet/pcsi/09/egNH.tex,6,2,text-outside-contenu,"Texte hors \contenu{...}: ""duree{30}""."
content/exercises/crouzet/pcsi/09/lR40.tex,6,2,text-outside-contenu,"Texte hors \contenu{...}: ""duree{10}""."
content/exercises/crouzet/pcsi/09/mGNr.tex,6,2,text-outside-contenu,"Texte hors \contenu{...}: ""duree{15}""."
content/exercises/crouzet/pcsi/09/trcG.tex,6,2,text-outside-contenu,"Texte hors \contenu{...}: ""duree{30}""."
content/exercises/crouzet/pcsi/09/xcLe.tex,6,2,text-outside-contenu,"Texte hors \contenu{...}: ""duree{20}""."
content/exercises/crouzet/pcsi/09/zPra.tex,6,2,text-outside-contenu,"Texte hors \contenu{...}: ""duree{20}""."
content/exercises/crouzet/pcsi/10/IN28.tex,6,2,text-outside-contenu,"Texte hors \contenu{...}: ""duree{20}""."
content/exercises/crouzet/pcsi/10/Jvru.tex,6,2,text-outside-contenu,"Texte hors \contenu{...}: ""duree{15}""."
content/exercises/crouzet/pcsi/10/Jwa6.tex,6,2,text-outside-contenu,"Texte hors \contenu{...}: ""duree{15}""."
content/exercises/crouzet/pcsi/10/KiVm.tex,6,2,text-outside-contenu,"Texte hors \contenu{...}: ""duree{10}""."
content/exercises/crouzet/pcsi/10/OMwU.tex,6,2,text-outside-contenu,"Texte hors \contenu{...}: ""duree{15}""."
content/exercises/crouzet/pcsi/10/Odn4.tex,6,2,text-outside-contenu,"Texte hors \contenu{...}: ""duree{30}""."
content/exercises/crouzet/pcsi/10/Ov62.tex,6,2,text-outside-contenu,"Texte hors \contenu{...}: ""duree{10}""."
content/exercises/crouzet/pcsi/10/REJN.tex,6,2,text-outside-contenu,"Texte hors \contenu{...}: ""duree{20}""."
content/exercises/crouzet/pcsi/10/Slja.tex,6,2,text-outside-contenu,"Texte hors \contenu{...}: ""duree{20}""."
content/exercises/crouzet/pcsi/10/UqDT.tex,6,2,text-outside-contenu,"Texte hors \contenu{...}: ""duree{15}""."
content/exercises/crouzet/pcsi/10/bR1F.tex,6,2,text-outside-contenu,"Texte hors \contenu{...}: ""duree{30}""."
content/exercises/crouzet/pcsi/10/grpY.tex,14,1,content-outside-contenu,La commande \reponse{...} doit être dans \contenu{...}.
content/exercises/crouzet/pcsi/10/grpY.tex,21,1,content-outside-contenu,La commande \question{...} doit être dans \contenu{...}.
content/exercises/crouzet/pcsi/10/grpY.tex,22,1,content-outside-contenu,La commande \reponse{...} doit être dans \contenu{...}.
content/exercises/crouzet/pcsi/10/grpY.tex,28,1,content-outside-contenu,La commande \question{...} doit être dans \contenu{...}.
content/exercises/crouzet/pcsi/10/grpY.tex,29,1,content-outside-contenu,La commande \reponse{...} doit être dans \contenu{...}.
content/exercises/crouzet/pcsi/10/grpY.tex,35,1,content-outside-contenu,La commande \question{...} doit être dans \contenu{...}.
content/exercises/crouzet/pcsi/10/grpY.tex,36,1,content-outside-contenu,La commande \reponse{...} doit être dans \contenu{...}.
content/exercises/crouzet/pcsi/10/grpY.tex,46,1,content-outside-contenu,La commande \question{...} doit être dans \contenu{...}.
content/exercises/crouzet/pcsi/10/grpY.tex,47,1,content-outside-contenu,La commande \reponse{...} doit être dans \contenu{...}.
content/exercises/crouzet/pcsi/10/grpY.tex,53,1,content-outside-contenu,La commande \question{...} doit être dans \contenu{...}.
content/exercises/crouzet/pcsi/10/grpY.tex,54,1,content-outside-contenu,La commande \reponse{...} doit être dans \contenu{...}.
content/exercises/crouzet/pcsi/10/grpY.tex,64,1,content-outside-contenu,La commande \question{...} doit être dans \contenu{...}.
content/exercises/crouzet/pcsi/10/grpY.tex,65,1,content-outside-contenu,La commande \reponse{...} doit être dans \contenu{...}.
content/exercises/crouzet/pcsi/10/grpY.tex,74,1,content-outside-contenu,La commande \question{...} doit être dans \contenu{...}.
content/exercises/crouzet/pcsi/10/grpY.tex,75,1,content-outside-contenu,La commande \reponse{...} doit être dans \contenu{...}.
content/exercises/crouzet/pcsi/10/grpY.tex,81,1,content-outside-contenu,La commande \question{...} doit être dans \contenu{...}.
content/exercises/crouzet/pcsi/10/grpY.tex,82,1,content-outside-contenu,La commande \reponse{...} doit être dans \contenu{...}.
content/exercises/crouzet/pcsi/10/grpY.tex,91,1,content-outside-contenu,La commande \question{...} doit être dans \contenu{...}.
content/exercises/crouzet/pcsi/10/grpY.tex,92,1,content-outside-contenu,La commande \reponse{...} doit être dans \contenu{...}.
content/exercises/crouzet/pcsi/10/grpY.tex,99,1,content-outside-contenu,La commande \question{...} doit être dans \contenu{...}.
content/exercises/crouzet/pcsi/10/grpY.tex,100,1,content-outside-contenu,La commande \reponse{...} doit être dans \contenu{...}.
content/exercises/crouzet/pcsi/10/grpY.tex,6,2,text-outside-contenu,"Texte hors \contenu{...}: ""duree{15}""."
content/exercises/crouzet/pcsi/10/grpY.tex,14,2,text-outside-contenu,"Texte hors \contenu{...}: ""reponse{\begin{enumerate}""."
content/exercises/crouzet/pcsi/10/grpY.tex,15,3,text-outside-contenu,"Texte hors \contenu{...}: ""item Pour tout entier $n\neq 0$,""."
content/exercises/crouzet/pcsi/10/grpY.tex,16,8,text-outside-contenu,"Texte hors \contenu{...}: ""u_n=n^3\left(-1+\frac{3}{n}-\frac{2}{n^2}+\frac{1}{n^3}\right)$$""."
content/exercises/crouzet/pcsi/10/grpY.tex,17,6,text-outside-contenu,"Texte hors \contenu{...}: ""Puisque $\displaystyle{\lim_{n\rightarrow +\infty} \frac{3}{n}=\lim_{n\rightarrow +\infty}""."
content/exercises/crouzet/pcsi/10/grpY.tex,18,9,text-outside-contenu,"Texte hors \contenu{...}: ""lim_{n\rightarrow +\infty} -1+\frac{3}{n}-\frac{2}{n^2}+\frac{1}{n^3}=-1$$""."
content/exercises/crouzet/pcsi/10/grpY.tex,19,6,text-outside-contenu,"Texte hors \contenu{...}: ""Enfin, $\displaystyle{\lim_{n\rightarrow +\infty} n^3=+\infty}$. Par produit""."
content/exercises/crouzet/pcsi/10/grpY.tex,20,9,text-outside-contenu,"Texte hors \contenu{...}: ""lim_{n\rightarrow +\infty} u_n = -\infty$$}""."
content/exercises/crouzet/pcsi/10/grpY.tex,21,2,text-outside-contenu,"Texte hors \contenu{...}: ""question{$\displaystyle{u_n=-n^3+3n^2-2n+1}$}""."
content/exercises/crouzet/pcsi/10/grpY.tex,22,2,text-outside-contenu,"Texte hors \contenu{...}: ""reponse{\textit{Autre possibilité} : d'après la règle du terme de plus haut degré,""."
content/exercises/crouzet/pcsi/10/grpY.tex,23,6,text-outside-contenu,"Texte hors \contenu{...}: ""lim_{n\rightarrow +\infty} u_n = \lim_{n\rightarrow +\infty} -n^3 = -\infty$$""."
content/exercises/crouzet/pcsi/10/grpY.tex,24,3,text-outside-contenu,"Texte hors \contenu{...}: ""item Pour tout entier $n\neq 0$,""."
content/exercises/crouzet/pcsi/10/grpY.tex,25,7,text-outside-contenu,"Texte hors \contenu{...}: ""u_n=\frac{n\left(2+\frac{1}{n}\right)}{n\left(\frac{1}{n}-4\right)}=\frac{\left(2+\frac{1}""."
content/exercises/crouzet/pcsi/10/grpY.tex,26,5,text-outside-contenu,"Texte hors \contenu{...}: ""Puisque $\displaystyle{\lim_{n\rightarrow +\infty} \frac{1}{n}=0}$, par somme et produit""."
content/exercises/crouzet/pcsi/10/grpY.tex,27,8,text-outside-contenu,"Texte hors \contenu{...}: ""lim_{n\rightarrow +\infty} 2+\frac{1}{n}=2 \textrm{ et } \lim_{n\rightarrow +\infty} \frac""."
content/exercises/crouzet/pcsi/10/grpY.tex,28,2,text-outside-contenu,"Texte hors \contenu{...}: ""question{$\displaystyle{u_n=\frac{2n+1}{1-4n}}$}""."
content/exercises/crouzet/pcsi/10/grpY.tex,29,2,text-outside-contenu,"Texte hors \contenu{...}: ""reponse{Par quotient,""."
content/exercises/crouzet/pcsi/10/grpY.tex,30,8,text-outside-contenu,"Texte hors \contenu{...}: ""lim_{n\rightarrow +\infty} u_n = \frac{2}{-4} = -\frac{1}{2}$$""."
content/exercises/crouzet/pcsi/10/grpY.tex,31,3,text-outside-contenu,"Texte hors \contenu{...}: ""item Même méthode que précédemment. Pour $n\neq 0$, on a""."
content/exercises/crouzet/pcsi/10/grpY.tex,32,7,text-outside-contenu,"Texte hors \contenu{...}: ""u_n=\frac{n^2\left( 2+\frac{1}{n^2} \right)}{n\left( 1-\frac{1}{n}\right)}=n\frac{\left( 2""."
content/exercises/crouzet/pcsi/10/grpY.tex,33,5,text-outside-contenu,"Texte hors \contenu{...}: ""Puisque $\displaystyle{\lim_{n\rightarrow +\infty} \frac{1}{n}=\lim_{n\rightarrow +\infty}""."
content/exercises/crouzet/pcsi/10/grpY.tex,34,8,text-outside-contenu,"Texte hors \contenu{...}: ""lim_{n\rightarrow +\infty} 2+\frac{1}{n^2} =2 \textrm{ et } \lim_{n\rightarrow +\infty} 1-""."
content/exercises/crouzet/pcsi/10/grpY.tex,35,2,text-outside-contenu,"Texte hors \contenu{...}: ""question{$\displaystyle{u_n=\frac{2n^2+1}{n-1}}$}""."
content/exercises/crouzet/pcsi/10/grpY.tex,36,2,text-outside-contenu,"Texte hors \contenu{...}: ""reponse{Par quotient""."
content/exercises/crouzet/pcsi/10/grpY.tex,37,8,text-outside-contenu,"Texte hors \contenu{...}: ""lim_{n\rightarrow +\infty} \frac{\left( 2+\frac{1}{n^2} \right)}{\left( 1-\frac{1}{n}\righ""."
content/exercises/crouzet/pcsi/10/grpY.tex,38,5,text-outside-contenu,"Texte hors \contenu{...}: ""Enfin, puisque $\displaystyle{\lim_{n\rightarrow +\infty} n=+\infty}$, par produit""."
content/exercises/crouzet/pcsi/10/grpY.tex,39,8,text-outside-contenu,"Texte hors \contenu{...}: ""lim_{n\rightarrow +\infty} u_n=+\infty$$""."
content/exercises/crouzet/pcsi/10/grpY.tex,40,3,text-outside-contenu,"Texte hors \contenu{...}: ""item \textbf{Réflexe} : lorsqu'il y a $(-1)^n$, on pense directement au théorème d'encadre""."
content/exercises/crouzet/pcsi/10/grpY.tex,41,4,text-outside-contenu,"Texte hors \contenu{...}: ""1\leq (-1)^n \leq 1$$""."
content/exercises/crouzet/pcsi/10/grpY.tex,42,1,text-outside-contenu,"Texte hors \contenu{...}: ""Donc pour tout $n\neq 0$""."
content/exercises/crouzet/pcsi/10/grpY.tex,43,3,text-outside-contenu,"Texte hors \contenu{...}: ""3\leq (-1)^n +4\leq 5$$""."
content/exercises/crouzet/pcsi/10/grpY.tex,44,1,text-outside-contenu,"Texte hors \contenu{...}: ""et donc""."
content/exercises/crouzet/pcsi/10/grpY.tex,45,4,text-outside-contenu,"Texte hors \contenu{...}: ""frac{3}{n^2} \leq u_n \leq \frac{5}{n^2} \textrm{ car $n^2>0$.}$$}""."
content/exercises/crouzet/pcsi/10/grpY.tex,46,2,text-outside-contenu,"Texte hors \contenu{...}: ""question{$\displaystyle{u_n=\frac{(-1)^n+4}{n^2}}$}""."
content/exercises/crouzet/pcsi/10/grpY.tex,47,2,text-outside-contenu,"Texte hors \contenu{...}: ""reponse{Puisque $\displaystyle{\lim_{n\rightarrow +\infty} \frac{3}{n^2}=\lim_{n\rightarro""."
content/exercises/crouzet/pcsi/10/grpY.tex,48,3,text-outside-contenu,"Texte hors \contenu{...}: ""item Même réflexe que précédemment. Pour tout entier $n$,""."
content/exercises/crouzet/pcsi/10/grpY.tex,49,4,text-outside-contenu,"Texte hors \contenu{...}: ""1 \leq (-1)^{n^3+1} \leq 1$$""."
content/exercises/crouzet/pcsi/10/grpY.tex,50,1,text-outside-contenu,"Texte hors \contenu{...}: ""donc""."
content/exercises/crouzet/pcsi/10/grpY.tex,51,4,text-outside-contenu,"Texte hors \contenu{...}: ""frac{-2}{n+2} \leq u_n \leq \frac{2}{n+2} \textrm{ (car $n+2>0$)}$$""."
content/exercises/crouzet/pcsi/10/grpY.tex,52,1,text-outside-contenu,"Texte hors \contenu{...}: ""Puisque $\displaystyle{\lim_{n\rightarrow +\infty} \frac{-2}{n+2}=\lim_{n\rightarrow +\inf""."
content/exercises/crouzet/pcsi/10/grpY.tex,53,2,text-outside-contenu,"Texte hors \contenu{...}: ""question{$\displaystyle{u_n=\frac{2(-1)^{n^3+1}}{n+2}}$}""."
content/exercises/crouzet/pcsi/10/grpY.tex,54,2,text-outside-contenu,"Texte hors \contenu{...}: ""reponse{$$\lim_{n\rightarrow +\infty} u_n=0$$""."
content/exercises/crouzet/pcsi/10/grpY.tex,55,3,text-outside-contenu,"Texte hors \contenu{...}: ""item Pour $n\neq 0$, on a""."
content/exercises/crouzet/pcsi/10/grpY.tex,56,3,text-outside-contenu,"Texte hors \contenu{...}: ""u_n=n^3\left( 3+\frac{4}{n}+\frac{2}{n^2}-\frac{1}{n^3}\right)$$""."
content/exercises/crouzet/pcsi/10/grpY.tex,57,1,text-outside-contenu,"Texte hors \contenu{...}: ""Par somme,""."
content/exercises/crouzet/pcsi/10/grpY.tex,58,4,text-outside-contenu,"Texte hors \contenu{...}: ""lim_{n\rightarrow +\infty} 3+\frac{4}{n}+\frac{2}{n^2}-\frac{1}{n^3}=3$$""."
content/exercises/crouzet/pcsi/10/grpY.tex,59,1,text-outside-contenu,"Texte hors \contenu{...}: ""Enfin, $\displaystyle{\lim_{n\rightarrow +\infty} n^3=+\infty}$. Par produit""."
content/exercises/crouzet/pcsi/10/grpY.tex,60,4,text-outside-contenu,"Texte hors \contenu{...}: ""lim_{n\rightarrow +\infty} u_n=+\infty$$""."
content/exercises/crouzet/pcsi/10/grpY.tex,61,3,text-outside-contenu,"Texte hors \contenu{...}: ""item Pour tout $n\neq 0$, on a""."
content/exercises/crouzet/pcsi/10/grpY.tex,62,3,text-outside-contenu,"Texte hors \contenu{...}: ""u_n=\frac{n\left( -3+\frac{1}{n}\right)}{n\left(\frac{2}{n}-3\right)}=""."
content/exercises/crouzet/pcsi/10/grpY.tex,63,2,text-outside-contenu,"Texte hors \contenu{...}: ""frac{\left( -3+\frac{1}{n}\right)}{\left(\frac{2}{n}-3\right)}$$}""."
content/exercises/crouzet/pcsi/10/grpY.tex,64,2,text-outside-contenu,"Texte hors \contenu{...}: ""question{$\displaystyle{u_n=3n^3+4n^2+2n-1}$}""."
content/exercises/crouzet/pcsi/10/grpY.tex,65,2,text-outside-contenu,"Texte hors \contenu{...}: ""reponse{Par somme et produit,""."
content/exercises/crouzet/pcsi/10/grpY.tex,66,4,text-outside-contenu,"Texte hors \contenu{...}: ""lim_{n\rightarrow +\infty} -3+\frac{1}{n} = -3 \textrm{ et } \lim_{n\rightarrow +\infty} \""."
content/exercises/crouzet/pcsi/10/grpY.tex,67,1,text-outside-contenu,"Texte hors \contenu{...}: ""Par quotient,""."
content/exercises/crouzet/pcsi/10/grpY.tex,68,4,text-outside-contenu,"Texte hors \contenu{...}: ""lim_{n\rightarrow +\infty} u_n= \frac{-3}{-3}=1$$""."
content/exercises/crouzet/pcsi/10/grpY.tex,69,3,text-outside-contenu,"Texte hors \contenu{...}: ""item Pour tout $n\neq 0$,""."
content/exercises/crouzet/pcsi/10/grpY.tex,70,3,text-outside-contenu,"Texte hors \contenu{...}: ""u_n=\frac{n^2\left(1+\frac{3}{n}+\frac{1}{n^2}\right)}{n\left(2+\frac{1}{n}\right)}=""."
content/exercises/crouzet/pcsi/10/grpY.tex,71,1,text-outside-contenu,"Texte hors \contenu{...}: ""n\frac{1+\frac{3}{n}+\frac{1}{n^2}}{2+\frac{1}{n}}$$""."
content/exercises/crouzet/pcsi/10/grpY.tex,72,1,text-outside-contenu,"Texte hors \contenu{...}: ""Par somme et produit""."
content/exercises/crouzet/pcsi/10/grpY.tex,73,4,text-outside-contenu,"Texte hors \contenu{...}: ""lim_{n\rightarrow +\infty} 1+\frac{3}{n}+\frac{1}{n^2}=1 \textrm{ et } \lim_{n\rightarrow ""."
content/exercises/crouzet/pcsi/10/grpY.tex,74,2,text-outside-contenu,"Texte hors \contenu{...}: ""question{$\displaystyle{u_n=\frac{-3n+1}{2-3n}}$}""."
content/exercises/crouzet/pcsi/10/grpY.tex,75,2,text-outside-contenu,"Texte hors \contenu{...}: ""reponse{Par quotient""."
content/exercises/crouzet/pcsi/10/grpY.tex,76,4,text-outside-contenu,"Texte hors \contenu{...}: ""lim_{n\rightarrow +\infty} \frac{1+\frac{3}{n}+\frac{1}{n^2}}{2+\frac{1}{n}}=\frac{1}{2}$$""."
content/exercises/crouzet/pcsi/10/grpY.tex,77,1,text-outside-contenu,"Texte hors \contenu{...}: ""Enfin, $\displaystyle{\lim_{n\rightarrow +\infty} n = +\infty}$. Par produit,""."
content/exercises/crouzet/pcsi/10/grpY.tex,78,4,text-outside-contenu,"Texte hors \contenu{...}: ""lim_{n\rightarrow +\infty} u_n=+\infty$$""."
content/exercises/crouzet/pcsi/10/grpY.tex,79,3,text-outside-contenu,"Texte hors \contenu{...}: ""item \textbf{Réflexe} : lorsque l'on a des puissances ainsi, on met en facteur la plus gra""."
content/exercises/crouzet/pcsi/10/grpY.tex,80,3,text-outside-contenu,"Texte hors \contenu{...}: ""u_n=\frac{5^n\left( \frac{2^n}{5^n} +\frac{4^n}{5^n}-1\right)}{5^n\left(\frac{3^n}{5^n}+2\""."
content/exercises/crouzet/pcsi/10/grpY.tex,81,2,text-outside-contenu,"Texte hors \contenu{...}: ""question{$\displaystyle{u_n=\frac{n^2+3n+1}{2n+1}}$}""."
content/exercises/crouzet/pcsi/10/grpY.tex,82,2,text-outside-contenu,"Texte hors \contenu{...}: ""reponse{Puisque $-1< \frac{2}{5} < 1$, $-1< \frac{4}{5}<1$ et $-1< \frac{3}{5} < 1$, on a""."
content/exercises/crouzet/pcsi/10/grpY.tex,83,4,text-outside-contenu,"Texte hors \contenu{...}: ""lim_{n\rightarrow +\infty} \left(\frac{2}{5}\right)^n=""."
content/exercises/crouzet/pcsi/10/grpY.tex,84,2,text-outside-contenu,"Texte hors \contenu{...}: ""lim_{n\rightarrow +\infty} \left(\frac{4}{5}\right)^n=""."
content/exercises/crouzet/pcsi/10/grpY.tex,85,2,text-outside-contenu,"Texte hors \contenu{...}: ""lim_{n\rightarrow +\infty} \left(\frac{3}{5}\right)^n=0$$""."
content/exercises/crouzet/pcsi/10/grpY.tex,86,1,text-outside-contenu,"Texte hors \contenu{...}: ""Par somme,""."
content/exercises/crouzet/pcsi/10/grpY.tex,87,4,text-outside-contenu,"Texte hors \contenu{...}: ""lim_{n\rightarrow +\infty} \left(\frac{2}{5}\right)^n +\left(\frac{4}{5}\right)^n-1=-1 \te""."
content/exercises/crouzet/pcsi/10/grpY.tex,88,1,text-outside-contenu,"Texte hors \contenu{...}: ""Par quotient,""."
content/exercises/crouzet/pcsi/10/grpY.tex,89,4,text-outside-contenu,"Texte hors \contenu{...}: ""lim_{n\rightarrow +\infty} u_n=\frac{-1}{2}$$""."
content/exercises/crouzet/pcsi/10/grpY.tex,90,3,text-outside-contenu,"Texte hors \contenu{...}: ""item Pour tout entier $n$,}""."
content/exercises/crouzet/pcsi/10/grpY.tex,91,2,text-outside-contenu,"Texte hors \contenu{...}: ""question{$\displaystyle{u_n=\frac{2^n+4^n-5^n}{3^n+2\times 5^n}}$}""."
content/exercises/crouzet/pcsi/10/grpY.tex,92,2,text-outside-contenu,"Texte hors \contenu{...}: ""reponse{$$u_n=\frac{4^n\left(2\left(\frac{3}{4}\right)^n - 1\right)}{7^n\left(1-\left(\fra""."
content/exercises/crouzet/pcsi/10/grpY.tex,93,1,text-outside-contenu,"Texte hors \contenu{...}: ""Puisque $-1 < \frac{4}{7} <1$, $-1<\frac{3}{4}<1$ et $-1<\frac{1}{7}<1$, on a""."
content/exercises/crouzet/pcsi/10/grpY.tex,94,4,text-outside-contenu,"Texte hors \contenu{...}: ""lim_{n\rightarrow +\infty} \left(\frac{4}{7} \right)^n =""."
content/exercises/crouzet/pcsi/10/grpY.tex,95,2,text-outside-contenu,"Texte hors \contenu{...}: ""lim_{n\rightarrow +\infty} \left(\frac{3}{4} \right)^n =""."
content/exercises/crouzet/pcsi/10/grpY.tex,96,2,text-outside-contenu,"Texte hors \contenu{...}: ""lim_{n\rightarrow +\infty} \left(\frac{1}{7} \right)^n = 0$$""."
content/exercises/crouzet/pcsi/10/grpY.tex,97,1,text-outside-contenu,"Texte hors \contenu{...}: ""Par somme, produit et quotient""."
content/exercises/crouzet/pcsi/10/grpY.tex,98,4,text-outside-contenu,"Texte hors \contenu{...}: ""lim_{n\rightarrow +\infty} \frac{2\left(\frac{3}{4}\right)^n - 1}{1-\left(\frac{1}{7}\righ""."
content/exercises/crouzet/pcsi/10/grpY.tex,99,2,text-outside-contenu,"Texte hors \contenu{...}: ""question{$\displaystyle{u_n=\frac{2\times 3^n-4^n}{7^n-1}}$}""."
content/exercises/crouzet/pcsi/10/grpY.tex,100,2,text-outside-contenu,"Texte hors \contenu{...}: ""reponse{et par produit""."
content/exercises/crouzet/pcsi/10/grpY.tex,101,4,text-outside-contenu,"Texte hors \contenu{...}: ""lim_{n\rightarrow +\infty} u_n=0$$""."
content/exercises/crouzet/pcsi/10/grpY.tex,102,2,text-outside-contenu,"Texte hors \contenu{...}: ""end{enumerate}}""."
content/exercises/crouzet/pcsi/10/grpY.tex,13,16,untyped-content-text,"Texte dans \contenu{...} hors \texte{}, \question{}, \indication{} ou \reponse{}: ""5pt""."
content/exercises/crouzet/pcsi/10/iOpj.tex,6,2,text-outside-contenu,"Texte hors \contenu{...}: ""duree{10}""."
content/exercises/crouzet/pcsi/10/iuc7.tex,6,2,text-outside-contenu,"Texte hors \contenu{...}: ""duree{10}""."
content/exercises/crouzet/pcsi/10/lI9G.tex,6,2,text-outside-contenu,"Texte hors \contenu{...}: ""duree{15}""."
content/exercises/exo7/1-L1/05M7.tex,1,1,missing-question,Le contenu doit contenir au moins une \question{...}.
content/exercises/exo7/1-L1/07p7.tex,1,1,missing-question,Le contenu doit contenir au moins une \question{...}.
content/exercises/exo7/1-L1/09nY.tex,1,1,missing-question,Le contenu doit contenir au moins une \question{...}.
content/exercises/exo7/1-L1/0JXV.tex,1,1,missing-question,Le contenu doit contenir au moins une \question{...}.
content/exercises/exo7/1-L1/0OKU.tex,1,1,missing-question,Le contenu doit contenir au moins une \question{...}.
content/exercises/exo7/1-L1/0P3B.tex,1,1,missing-question,Le contenu doit contenir au moins une \question{...}.
content/exercises/exo7/1-L1/0YT9.tex,1,1,missing-question,Le contenu doit contenir au moins une \question{...}.
content/exercises/exo7/1-L1/0Yfu.tex,1,1,missing-question,Le contenu doit contenir au moins une \question{...}.
content/exercises/exo7/1-L1/0ZwF.tex,1,1,missing-question,Le contenu doit contenir au moins une \question{...}.
content/exercises/exo7/1-L1/0ae7.tex,1,1,missing-question,Le contenu doit contenir au moins une \question{...}.
content/exercises/exo7/1-L1/0apo.tex,1,1,missing-question,Le contenu doit contenir au moins une \question{...}.
content/exercises/exo7/1-L1/0gkJ.tex,1,1,missing-question,Le contenu doit contenir au moins une \question{...}.
content/exercises/exo7/1-L1/0iN1.tex,1,1,missing-question,Le contenu doit contenir au moins une \question{...}.
content/exercises/exo7/1-L1/0mRb.tex,1,1,missing-question,Le contenu doit contenir au moins une \question{...}.
content/exercises/exo7/1-L1/0n5Z.tex,1,1,missing-question,Le contenu doit contenir au moins une \question{...}.
content/exercises/exo7/1-L1/0p8Y.tex,1,1,missing-question,Le contenu doit contenir au moins une \question{...}.
content/exercises/exo7/1-L1/0xno.tex,1,1,missing-question,Le contenu doit contenir au moins une \question{...}.
content/exercises/exo7/1-L1/0z7E.tex,1,1,missing-question,Le contenu doit contenir au moins une \question{...}.
content/exercises/exo7/1-L1/11kA.tex,1,1,missing-question,Le contenu doit contenir au moins une \question{...}.
content/exercises/exo7/1-L1/18cb.tex,1,1,missing-question,Le contenu doit contenir au moins une \question{...}.
content/exercises/exo7/1-L1/19Fn.tex,1,1,missing-question,Le contenu doit contenir au moins une \question{...}.
content/exercises/exo7/1-L1/1BDe.tex,1,1,missing-question,Le contenu doit contenir au moins une \question{...}.
content/exercises/exo7/1-L1/1HP8.tex,1,1,missing-question,Le contenu doit contenir au moins une \question{...}.
content/exercises/exo7/1-L1/1O2e.tex,1,1,missing-question,Le contenu doit contenir au moins une \question{...}.
content/exercises/exo7/1-L1/1OZm.tex,1,1,missing-question,Le contenu doit contenir au moins une \question{...}.
content/exercises/exo7/1-L1/1Rep.tex,1,1,missing-question,Le contenu doit contenir au moins une \question{...}.
content/exercises/exo7/1-L1/1VJf.tex,1,1,missing-question,Le contenu doit contenir au moins une \question{...}.
content/exercises/exo7/1-L1/1Y8z.tex,1,1,missing-question,Le contenu doit contenir au moins une \question{...}.
content/exercises/exo7/1-L1/1dW1.tex,1,1,missing-question,Le contenu doit contenir au moins une \question{...}.
content/exercises/exo7/1-L1/1j93.tex,1,1,missing-question,Le contenu doit contenir au moins une \question{...}.
content/exercises/exo7/1-L1/1qqf.tex,1,1,missing-question,Le contenu doit contenir au moins une \question{...}.
content/exercises/exo7/1-L1/1wBY.tex,1,1,missing-question,Le contenu doit contenir au moins une \question{...}.
content/exercises/exo7/1-L1/1xkO.tex,1,1,missing-question,Le contenu doit contenir au moins une \question{...}.
content/exercises/exo7/1-L1/25HC.tex,1,1,missing-question,Le contenu doit contenir au moins une \question{...}.
content/exercises/exo7/1-L1/25sM.tex,1,1,missing-question,Le contenu doit contenir au moins une \question{...}.
content/exercises/exo7/1-L1/27zD.tex,1,1,missing-question,Le contenu doit contenir au moins une \question{...}.
content/exercises/exo7/1-L1/2DW2.tex,1,1,missing-question,Le contenu doit contenir au moins une \question{...}.
content/exercises/exo7/1-L1/2Esr.tex,1,1,missing-question,Le contenu doit contenir au moins une \question{...}.
content/exercises/exo7/1-L1/2G1B.tex,1,1,missing-question,Le contenu doit contenir au moins une \question{...}.
content/exercises/exo7/1-L1/2Ns6.tex,1,1,missing-question,Le contenu doit contenir au moins une \question{...}.
content/exercises/exo7/1-L1/2Qua.tex,1,1,missing-question,Le contenu doit contenir au moins une \question{...}.
content/exercises/exo7/1-L1/2SE8.tex,1,1,missing-question,Le contenu doit contenir au moins une \question{...}.
content/exercises/exo7/1-L1/2U8Z.tex,1,1,missing-question,Le contenu doit contenir au moins une \question{...}.
content/exercises/exo7/1-L1/2XBn.tex,1,1,missing-question,Le contenu doit contenir au moins une \question{...}.
content/exercises/exo7/1-L1/2bgw.tex,1,1,missing-question,Le contenu doit contenir au moins une \question{...}.
content/exercises/exo7/1-L1/2eB8.tex,1,1,missing-question,Le contenu doit contenir au moins une \question{...}.
content/exercises/exo7/1-L1/2gKg.tex,1,1,missing-question,Le contenu doit contenir au moins une \question{...}.
content/exercises/exo7/1-L1/2h7R.tex,1,1,missing-question,Le contenu doit contenir au moins une \question{...}.
content/exercises/exo7/1-L1/2hM1.tex,1,1,missing-question,Le contenu doit contenir au moins une \question{...}.
content/exercises/exo7/1-L1/2hs3.tex,1,1,missing-question,Le contenu doit contenir au moins une \question{...}.
content/exercises/exo7/1-L1/2oan.tex,1,1,missing-question,Le contenu doit contenir au moins une \question{...}.
content/exercises/exo7/1-L1/2qx0.tex,1,1,missing-question,Le contenu doit contenir au moins une \question{...}.
content/exercises/exo7/1-L1/2sAS.tex,1,1,missing-question,Le contenu doit contenir au moins une \question{...}.
content/exercises/exo7/1-L1/2sRZ.tex,1,1,missing-question,Le contenu doit contenir au moins une \question{...}.
content/exercises/exo7/1-L1/2tlU.tex,1,1,missing-question,Le contenu doit contenir au moins une \question{...}.
content/exercises/exo7/1-L1/33gw.tex,1,1,missing-question,Le contenu doit contenir au moins une \question{...}.
content/exercises/exo7/1-L1/358R.tex,1,1,missing-question,Le contenu doit contenir au moins une \question{...}.
content/exercises/exo7/1-L1/384c.tex,1,1,missing-question,Le contenu doit contenir au moins une \question{...}.
content/exercises/exo7/1-L1/38OA.tex,1,1,missing-question,Le contenu doit contenir au moins une \question{...}.
content/exercises/exo7/1-L1/3Lkw.tex,1,1,missing-question,Le contenu doit contenir au moins une \question{...}.
content/exercises/exo7/1-L1/3S7L.tex,1,1,missing-question,Le contenu doit contenir au moins une \question{...}.
content/exercises/exo7/1-L1/3Y6D.tex,1,1,missing-question,Le contenu doit contenir au moins une \question{...}.
content/exercises/exo7/1-L1/3eSN.tex,1,1,missing-question,Le contenu doit contenir au moins une \question{...}.
content/exercises/exo7/1-L1/3jte.tex,1,1,missing-question,Le contenu doit contenir au moins une \question{...}.
content/exercises/exo7/1-L1/3och.tex,1,1,missing-question,Le contenu doit contenir au moins une \question{...}.
content/exercises/exo7/1-L1/3w4O.tex,1,1,missing-question,Le contenu doit contenir au moins une \question{...}.
content/exercises/exo7/1-L1/3yvQ.tex,1,1,missing-question,Le contenu doit contenir au moins une \question{...}.
content/exercises/exo7/1-L1/3zSL.tex,1,1,missing-question,Le contenu doit contenir au moins une \question{...}.
content/exercises/exo7/1-L1/3zpE.tex,1,1,missing-question,Le contenu doit contenir au moins une \question{...}.
content/exercises/exo7/1-L1/45lx.tex,1,1,missing-question,Le contenu doit contenir au moins une \question{...}.
content/exercises/exo7/1-L1/465H.tex,1,1,missing-question,Le contenu doit contenir au moins une \question{...}.
content/exercises/exo7/1-L1/4DLm.tex,1,1,missing-question,Le contenu doit contenir au moins une \question{...}.
content/exercises/exo7/1-L1/4Fju.tex,1,1,missing-question,Le contenu doit contenir au moins une \question{...}.
content/exercises/exo7/1-L1/4GXe.tex,1,1,missing-question,Le contenu doit contenir au moins une \question{...}.
content/exercises/exo7/1-L1/4HZ9.tex,1,1,missing-question,Le contenu doit contenir au moins une \question{...}.
content/exercises/exo7/1-L1/4THi.tex,1,1,missing-question,Le contenu doit contenir au moins une \question{...}.
content/exercises/exo7/1-L1/4WaM.tex,1,1,missing-question,Le contenu doit contenir au moins une \question{...}.
content/exercises/exo7/1-L1/4hoX.tex,1,1,missing-question,Le contenu doit contenir au moins une \question{...}.
content/exercises/exo7/1-L1/4sCM.tex,1,1,missing-question,Le contenu doit contenir au moins une \question{...}.
content/exercises/exo7/1-L1/4vbD.tex,1,1,missing-question,Le contenu doit contenir au moins une \question{...}.
content/exercises/exo7/1-L1/4w0T.tex,1,1,missing-question,Le contenu doit contenir au moins une \question{...}.
content/exercises/exo7/1-L1/4wvj.tex,1,1,missing-question,Le contenu doit contenir au moins une \question{...}.
content/exercises/exo7/1-L1/53o1.tex,16,1,malformed-command,La commande \contenu{...} n'est pas fermée correctement.
content/exercises/exo7/1-L1/55LS.tex,1,1,missing-question,Le contenu doit contenir au moins une \question{...}.
content/exercises/exo7/1-L1/55NZ.tex,1,1,missing-question,Le contenu doit contenir au moins une \question{...}.
content/exercises/exo7/1-L1/5CNf.tex,1,1,missing-question,Le contenu doit contenir au moins une \question{...}.
content/exercises/exo7/1-L1/5Pm4.tex,1,1,missing-question,Le contenu doit contenir au moins une \question{...}.
content/exercises/exo7/1-L1/5TlS.tex,1,1,missing-question,Le contenu doit contenir au moins une \question{...}.
content/exercises/exo7/1-L1/5Usq.tex,1,1,missing-question,Le contenu doit contenir au moins une \question{...}.
content/exercises/exo7/1-L1/5XTP.tex,1,1,missing-question,Le contenu doit contenir au moins une \question{...}.
content/exercises/exo7/1-L1/5czt.tex,1,1,missing-question,Le contenu doit contenir au moins une \question{...}.
content/exercises/exo7/1-L1/5dYs.tex,1,1,missing-question,Le contenu doit contenir au moins une \question{...}.
content/exercises/exo7/1-L1/5fqP.tex,1,1,missing-question,Le contenu doit contenir au moins une \question{...}.
content/exercises/exo7/1-L1/5j65.tex,1,1,missing-question,Le contenu doit contenir au moins une \question{...}.
content/exercises/exo7/1-L1/5ma0.tex,1,1,missing-question,Le contenu doit contenir au moins une \question{...}.
content/exercises/exo7/1-L1/5pG9.tex,1,1,missing-question,Le contenu doit contenir au moins une \question{...}.
content/exercises/exo7/1-L1/5pvf.tex,1,1,missing-question,Le contenu doit contenir au moins une \question{...}.
content/exercises/exo7/1-L1/5ta5.tex,1,1,missing-question,Le contenu doit contenir au moins une \question{...}.
content/exercises/exo7/1-L1/5x76.tex,1,1,missing-question,Le contenu doit contenir au moins une \question{...}.
content/exercises/exo7/1-L1/62Wm.tex,1,1,missing-question,Le contenu doit contenir au moins une \question{...}.
content/exercises/exo7/1-L1/66Vm.tex,1,1,missing-question,Le contenu doit contenir au moins une \question{...}.
content/exercises/exo7/1-L1/6BXW.tex,1,1,missing-question,Le contenu doit contenir au moins une \question{...}.
content/exercises/exo7/1-L1/6FS7.tex,1,1,missing-question,Le contenu doit contenir au moins une \question{...}.
content/exercises/exo7/1-L1/6IcI.tex,1,1,missing-question,Le contenu doit contenir au moins une \question{...}.
content/exercises/exo7/1-L1/6JIA.tex,1,1,missing-question,Le contenu doit contenir au moins une \question{...}.
content/exercises/exo7/1-L1/6PPC.tex,1,1,missing-question,Le contenu doit contenir au moins une \question{...}.
content/exercises/exo7/1-L1/6Pjh.tex,1,1,missing-question,Le contenu doit contenir au moins une \question{...}.
content/exercises/exo7/1-L1/6TRs.tex,1,1,missing-question,Le contenu doit contenir au moins une \question{...}.
content/exercises/exo7/1-L1/6WpA.tex,1,1,missing-question,Le contenu doit contenir au moins une \question{...}.
content/exercises/exo7/1-L1/6bZp.tex,1,1,missing-question,Le contenu doit contenir au moins une \question{...}.
content/exercises/exo7/1-L1/6f9b.tex,1,1,missing-question,Le contenu doit contenir au moins une \question{...}.
content/exercises/exo7/1-L1/6ga5.tex,1,1,missing-question,Le contenu doit contenir au moins une \question{...}.
content/exercises/exo7/1-L1/6kRC.tex,1,1,missing-question,Le contenu doit contenir au moins une \question{...}.
content/exercises/exo7/1-L1/6kjc.tex,1,1,missing-question,Le contenu doit contenir au moins une \question{...}.
content/exercises/exo7/1-L1/6lPY.tex,1,1,missing-question,Le contenu doit contenir au moins une \question{...}.
content/exercises/exo7/1-L1/6loK.tex,1,1,missing-question,Le contenu doit contenir au moins une \question{...}.
content/exercises/exo7/1-L1/6nUv.tex,1,1,missing-question,Le contenu doit contenir au moins une \question{...}.
content/exercises/exo7/1-L1/6tsr.tex,1,1,missing-question,Le contenu doit contenir au moins une \question{...}.
content/exercises/exo7/1-L1/71BU.tex,1,1,missing-question,Le contenu doit contenir au moins une \question{...}.
content/exercises/exo7/1-L1/78p9.tex,1,1,missing-question,Le contenu doit contenir au moins une \question{...}.
content/exercises/exo7/1-L1/7A8q.tex,1,1,missing-question,Le contenu doit contenir au moins une \question{...}.
content/exercises/exo7/1-L1/7ChD.tex,1,1,missing-question,Le contenu doit contenir au moins une \question{...}.
content/exercises/exo7/1-L1/7EDC.tex,1,1,missing-question,Le contenu doit contenir au moins une \question{...}.
content/exercises/exo7/1-L1/7I6M.tex,1,1,missing-question,Le contenu doit contenir au moins une \question{...}.
content/exercises/exo7/1-L1/7IJf.tex,1,1,missing-question,Le contenu doit contenir au moins une \question{...}.
content/exercises/exo7/1-L1/7IoG.tex,1,1,missing-question,Le contenu doit contenir au moins une \question{...}.
content/exercises/exo7/1-L1/7LHZ.tex,1,1,missing-question,Le contenu doit contenir au moins une \question{...}.
content/exercises/exo7/1-L1/7USW.tex,1,1,missing-question,Le contenu doit contenir au moins une \question{...}.
content/exercises/exo7/1-L1/7diN.tex,1,1,missing-question,Le contenu doit contenir au moins une \question{...}.
content/exercises/exo7/1-L1/7fTa.tex,1,1,missing-question,Le contenu doit contenir au moins une \question{...}.
content/exercises/exo7/1-L1/7hXO.tex,1,1,missing-question,Le contenu doit contenir au moins une \question{...}.
content/exercises/exo7/1-L1/7imx.tex,1,1,missing-question,Le contenu doit contenir au moins une \question{...}.
content/exercises/exo7/1-L1/7kAv.tex,1,1,missing-question,Le contenu doit contenir au moins une \question{...}.
content/exercises/exo7/1-L1/7lPC.tex,1,1,missing-question,Le contenu doit contenir au moins une \question{...}.
content/exercises/exo7/1-L1/7wee.tex,1,1,missing-question,Le contenu doit contenir au moins une \question{...}.
content/exercises/exo7/1-L1/81hN.tex,1,1,missing-question,Le contenu doit contenir au moins une \question{...}.
content/exercises/exo7/1-L1/8C2u.tex,1,1,missing-question,Le contenu doit contenir au moins une \question{...}.
content/exercises/exo7/1-L1/8Q3u.tex,1,1,missing-question,Le contenu doit contenir au moins une \question{...}.
content/exercises/exo7/1-L1/8WU3.tex,1,1,missing-question,Le contenu doit contenir au moins une \question{...}.
content/exercises/exo7/1-L1/8XqN.tex,1,1,missing-question,Le contenu doit contenir au moins une \question{...}.
content/exercises/exo7/1-L1/8e3t.tex,1,1,missing-question,Le contenu doit contenir au moins une \question{...}.
content/exercises/exo7/1-L1/8iqa.tex,1,1,missing-question,Le contenu doit contenir au moins une \question{...}.
content/exercises/exo7/1-L1/8kR2.tex,1,1,missing-question,Le contenu doit contenir au moins une \question{...}.
content/exercises/exo7/1-L1/8nqO.tex,1,1,missing-question,Le contenu doit contenir au moins une \question{...}.
content/exercises/exo7/1-L1/8sF7.tex,1,1,missing-question,Le contenu doit contenir au moins une \question{...}.
content/exercises/exo7/1-L1/8sQO.tex,1,1,missing-question,Le contenu doit contenir au moins une \question{...}.
content/exercises/exo7/1-L1/8uGz.tex,1,1,missing-question,Le contenu doit contenir au moins une \question{...}.
content/exercises/exo7/1-L1/8zOW.tex,1,1,missing-question,Le contenu doit contenir au moins une \question{...}.
content/exercises/exo7/1-L1/91ir.tex,1,1,missing-question,Le contenu doit contenir au moins une \question{...}.
content/exercises/exo7/1-L1/924Q.tex,1,1,missing-question,Le contenu doit contenir au moins une \question{...}.
content/exercises/exo7/1-L1/998b.tex,1,1,missing-question,Le contenu doit contenir au moins une \question{...}.
content/exercises/exo7/1-L1/9CaG.tex,1,1,missing-question,Le contenu doit contenir au moins une \question{...}.
content/exercises/exo7/1-L1/9DLo.tex,1,1,missing-question,Le contenu doit contenir au moins une \question{...}.
content/exercises/exo7/1-L1/9G9t.tex,1,1,missing-question,Le contenu doit contenir au moins une \question{...}.
content/exercises/exo7/1-L1/9S9O.tex,1,1,missing-question,Le contenu doit contenir au moins une \question{...}.
content/exercises/exo7/1-L1/9UPP.tex,1,1,missing-question,Le contenu doit contenir au moins une \question{...}.
content/exercises/exo7/1-L1/9WPS.tex,1,1,missing-question,Le contenu doit contenir au moins une \question{...}.
content/exercises/exo7/1-L1/9aBL.tex,1,1,missing-question,Le contenu doit contenir au moins une \question{...}.
content/exercises/exo7/1-L1/9aHw.tex,1,1,missing-question,Le contenu doit contenir au moins une \question{...}.
content/exercises/exo7/1-L1/9bf9.tex,1,1,missing-question,Le contenu doit contenir au moins une \question{...}.
content/exercises/exo7/1-L1/9s6Z.tex,1,1,missing-question,Le contenu doit contenir au moins une \question{...}.
content/exercises/exo7/1-L1/9vMk.tex,1,1,missing-question,Le contenu doit contenir au moins une \question{...}.
content/exercises/exo7/1-L1/A4UL.tex,1,1,missing-question,Le contenu doit contenir au moins une \question{...}.
content/exercises/exo7/1-L1/A4f2.tex,1,1,missing-question,Le contenu doit contenir au moins une \question{...}.
content/exercises/exo7/1-L1/ALFK.tex,1,1,missing-question,Le contenu doit contenir au moins une \question{...}.
content/exercises/exo7/1-L1/AMVN.tex,1,1,missing-question,Le contenu doit contenir au moins une \question{...}.
content/exercises/exo7/1-L1/AY3t.tex,1,1,missing-question,Le contenu doit contenir au moins une \question{...}.
content/exercises/exo7/1-L1/Ae3z.tex,1,1,missing-question,Le contenu doit contenir au moins une \question{...}.
content/exercises/exo7/1-L1/AeA5.tex,1,1,missing-question,Le contenu doit contenir au moins une \question{...}.
content/exercises/exo7/1-L1/AibI.tex,1,1,missing-question,Le contenu doit contenir au moins une \question{...}.
content/exercises/exo7/1-L1/AvGN.tex,1,1,missing-question,Le contenu doit contenir au moins une \question{...}.
content/exercises/exo7/1-L1/B430.tex,1,1,missing-question,Le contenu doit contenir au moins une \question{...}.
content/exercises/exo7/1-L1/B7eu.tex,1,1,missing-question,Le contenu doit contenir au moins une \question{...}.
content/exercises/exo7/1-L1/BBvO.tex,1,1,missing-question,Le contenu doit contenir au moins une \question{...}.
content/exercises/exo7/1-L1/BEXR.tex,1,1,missing-question,Le contenu doit contenir au moins une \question{...}.
content/exercises/exo7/1-L1/BMom.tex,1,1,missing-question,Le contenu doit contenir au moins une \question{...}.
content/exercises/exo7/1-L1/BN6v.tex,1,1,missing-question,Le contenu doit contenir au moins une \question{...}.
content/exercises/exo7/1-L1/BPIO.tex,1,1,missing-question,Le contenu doit contenir au moins une \question{...}.
content/exercises/exo7/1-L1/BSG7.tex,1,1,missing-question,Le contenu doit contenir au moins une \question{...}.
content/exercises/exo7/1-L1/BWyh.tex,1,1,missing-question,Le contenu doit contenir au moins une \question{...}.
content/exercises/exo7/1-L1/Bb4s.tex,1,1,missing-question,Le contenu doit contenir au moins une \question{...}.
content/exercises/exo7/1-L1/Bo2u.tex,1,1,missing-question,Le contenu doit contenir au moins une \question{...}.
content/exercises/exo7/1-L1/BqDh.tex,1,1,missing-question,Le contenu doit contenir au moins une \question{...}.
content/exercises/exo7/1-L1/BqKw.tex,1,1,missing-question,Le contenu doit contenir au moins une \question{...}.
content/exercises/exo7/1-L1/Brs1.tex,1,1,missing-question,Le contenu doit contenir au moins une \question{...}.
content/exercises/exo7/1-L1/C6J8.tex,1,1,missing-question,Le contenu doit contenir au moins une \question{...}.
content/exercises/exo7/1-L1/CAcw.tex,1,1,missing-question,Le contenu doit contenir au moins une \question{...}.
content/exercises/exo7/1-L1/CLeh.tex,1,1,missing-question,Le contenu doit contenir au moins une \question{...}.
content/exercises/exo7/1-L1/CYOc.tex,1,1,missing-question,Le contenu doit contenir au moins une \question{...}.
content/exercises/exo7/1-L1/CZvY.tex,1,1,missing-question,Le contenu doit contenir au moins une \question{...}.
content/exercises/exo7/1-L1/Cgx5.tex,1,1,missing-question,Le contenu doit contenir au moins une \question{...}.
content/exercises/exo7/1-L1/Chmj.tex,1,1,missing-question,Le contenu doit contenir au moins une \question{...}.
content/exercises/exo7/1-L1/CkBo.tex,1,1,missing-question,Le contenu doit contenir au moins une \question{...}.
content/exercises/exo7/1-L1/Cm2a.tex,1,1,missing-question,Le contenu doit contenir au moins une \question{...}.
content/exercises/exo7/1-L1/D6oe.tex,1,1,missing-question,Le contenu doit contenir au moins une \question{...}.
content/exercises/exo7/1-L1/DDlo.tex,1,1,missing-question,Le contenu doit contenir au moins une \question{...}.
content/exercises/exo7/1-L1/DHF5.tex,1,1,missing-question,Le contenu doit contenir au moins une \question{...}.
content/exercises/exo7/1-L1/DKc9.tex,1,1,missing-question,Le contenu doit contenir au moins une \question{...}.
content/exercises/exo7/1-L1/DKsl.tex,1,1,missing-question,Le contenu doit contenir au moins une \question{...}.
content/exercises/exo7/1-L1/DPDl.tex,1,1,missing-question,Le contenu doit contenir au moins une \question{...}.
content/exercises/exo7/1-L1/DPGH.tex,1,1,missing-question,Le contenu doit contenir au moins une \question{...}.
content/exercises/exo7/1-L1/DYCr.tex,1,1,missing-question,Le contenu doit contenir au moins une \question{...}.
content/exercises/exo7/1-L1/DbLP.tex,1,1,missing-question,Le contenu doit contenir au moins une \question{...}.
content/exercises/exo7/1-L1/Dniq.tex,1,1,missing-question,Le contenu doit contenir au moins une \question{...}.
content/exercises/exo7/1-L1/DvQw.tex,1,1,missing-question,Le contenu doit contenir au moins une \question{...}.
content/exercises/exo7/1-L1/DyAz.tex,1,1,missing-question,Le contenu doit contenir au moins une \question{...}.
content/exercises/exo7/1-L1/E8RA.tex,1,1,missing-question,Le contenu doit contenir au moins une \question{...}.
content/exercises/exo7/1-L1/EF9T.tex,1,1,missing-question,Le contenu doit contenir au moins une \question{...}.
content/exercises/exo7/1-L1/ERpK.tex,1,1,missing-question,Le contenu doit contenir au moins une \question{...}.
content/exercises/exo7/1-L1/EUFr.tex,1,1,missing-question,Le contenu doit contenir au moins une \question{...}.
content/exercises/exo7/1-L1/EjnR.tex,1,1,missing-question,Le contenu doit contenir au moins une \question{...}.
content/exercises/exo7/1-L1/ElLK.tex,1,1,missing-question,Le contenu doit contenir au moins une \question{...}.
content/exercises/exo7/1-L1/Erbv.tex,1,1,missing-question,Le contenu doit contenir au moins une \question{...}.
content/exercises/exo7/1-L1/EuBP.tex,1,1,missing-question,Le contenu doit contenir au moins une \question{...}.
content/exercises/exo7/1-L1/EvZ8.tex,1,1,missing-question,Le contenu doit contenir au moins une \question{...}.
content/exercises/exo7/1-L1/F3kN.tex,1,1,missing-question,Le contenu doit contenir au moins une \question{...}.
content/exercises/exo7/1-L1/FB9V.tex,1,1,missing-question,Le contenu doit contenir au moins une \question{...}.
content/exercises/exo7/1-L1/FCgu.tex,1,1,missing-question,Le contenu doit contenir au moins une \question{...}.
content/exercises/exo7/1-L1/FEuc.tex,1,1,missing-question,Le contenu doit contenir au moins une \question{...}.
content/exercises/exo7/1-L1/FJfH.tex,1,1,missing-question,Le contenu doit contenir au moins une \question{...}.
content/exercises/exo7/1-L1/FL8T.tex,1,1,missing-question,Le contenu doit contenir au moins une \question{...}.
content/exercises/exo7/1-L1/FNYN.tex,1,1,missing-question,Le contenu doit contenir au moins une \question{...}.
content/exercises/exo7/1-L1/FYPy.tex,1,1,missing-question,Le contenu doit contenir au moins une \question{...}.
content/exercises/exo7/1-L1/Fcxb.tex,1,1,missing-question,Le contenu doit contenir au moins une \question{...}.
content/exercises/exo7/1-L1/Feq2.tex,1,1,missing-question,Le contenu doit contenir au moins une \question{...}.
content/exercises/exo7/1-L1/FlKr.tex,1,1,missing-question,Le contenu doit contenir au moins une \question{...}.
content/exercises/exo7/1-L1/Fva4.tex,1,1,missing-question,Le contenu doit contenir au moins une \question{...}.
content/exercises/exo7/1-L1/G20r.tex,1,1,missing-question,Le contenu doit contenir au moins une \question{...}.
content/exercises/exo7/1-L1/G562.tex,1,1,missing-question,Le contenu doit contenir au moins une \question{...}.
content/exercises/exo7/1-L1/GGKD.tex,1,1,missing-question,Le contenu doit contenir au moins une \question{...}.
content/exercises/exo7/1-L1/GOQs.tex,1,1,missing-question,Le contenu doit contenir au moins une \question{...}.
content/exercises/exo7/1-L1/GRBw.tex,1,1,missing-question,Le contenu doit contenir au moins une \question{...}.
content/exercises/exo7/1-L1/GRD4.tex,1,1,missing-question,Le contenu doit contenir au moins une \question{...}.
content/exercises/exo7/1-L1/GW9m.tex,1,1,missing-question,Le contenu doit contenir au moins une \question{...}.
content/exercises/exo7/1-L1/GalM.tex,1,1,missing-question,Le contenu doit contenir au moins une \question{...}.
content/exercises/exo7/1-L1/GcWu.tex,1,1,missing-question,Le contenu doit contenir au moins une \question{...}.
content/exercises/exo7/1-L1/GhFv.tex,1,1,missing-question,Le contenu doit contenir au moins une \question{...}.
content/exercises/exo7/1-L1/GiUJ.tex,1,1,missing-question,Le contenu doit contenir au moins une \question{...}.
content/exercises/exo7/1-L1/GkFX.tex,1,1,missing-question,Le contenu doit contenir au moins une \question{...}.
content/exercises/exo7/1-L1/GqcO.tex,1,1,missing-question,Le contenu doit contenir au moins une \question{...}.
content/exercises/exo7/1-L1/GumU.tex,1,1,missing-question,Le contenu doit contenir au moins une \question{...}.
content/exercises/exo7/1-L1/Gzwq.tex,1,1,missing-question,Le contenu doit contenir au moins une \question{...}.
content/exercises/exo7/1-L1/H2i9.tex,1,1,missing-question,Le contenu doit contenir au moins une \question{...}.
content/exercises/exo7/1-L1/HFH7.tex,1,1,missing-question,Le contenu doit contenir au moins une \question{...}.
content/exercises/exo7/1-L1/HG5l.tex,1,1,missing-question,Le contenu doit contenir au moins une \question{...}.
content/exercises/exo7/1-L1/HGCd.tex,1,1,missing-question,Le contenu doit contenir au moins une \question{...}.
content/exercises/exo7/1-L1/HNUJ.tex,1,1,missing-question,Le contenu doit contenir au moins une \question{...}.
content/exercises/exo7/1-L1/HT8S.tex,1,1,missing-question,Le contenu doit contenir au moins une \question{...}.
content/exercises/exo7/1-L1/HZ1h.tex,1,1,missing-question,Le contenu doit contenir au moins une \question{...}.
content/exercises/exo7/1-L1/HaPJ.tex,1,1,missing-question,Le contenu doit contenir au moins une \question{...}.
content/exercises/exo7/1-L1/Hblz.tex,1,1,missing-question,Le contenu doit contenir au moins une \question{...}.
content/exercises/exo7/1-L1/Hc9N.tex,1,1,missing-question,Le contenu doit contenir au moins une \question{...}.
content/exercises/exo7/1-L1/HeBt.tex,1,1,missing-question,Le contenu doit contenir au moins une \question{...}.
content/exercises/exo7/1-L1/HknN.tex,1,1,missing-question,Le contenu doit contenir au moins une \question{...}.
content/exercises/exo7/1-L1/HkqZ.tex,1,1,missing-question,Le contenu doit contenir au moins une \question{...}.
content/exercises/exo7/1-L1/HqiA.tex,1,1,missing-question,Le contenu doit contenir au moins une \question{...}.
content/exercises/exo7/1-L1/Hqvl.tex,1,1,missing-question,Le contenu doit contenir au moins une \question{...}.
content/exercises/exo7/1-L1/I6iM.tex,1,1,missing-question,Le contenu doit contenir au moins une \question{...}.
content/exercises/exo7/1-L1/IDpx.tex,1,1,missing-question,Le contenu doit contenir au moins une \question{...}.
content/exercises/exo7/1-L1/IIMd.tex,1,1,missing-question,Le contenu doit contenir au moins une \question{...}.
content/exercises/exo7/1-L1/IKLP.tex,1,1,missing-question,Le contenu doit contenir au moins une \question{...}.
content/exercises/exo7/1-L1/IPs6.tex,1,1,missing-question,Le contenu doit contenir au moins une \question{...}.
content/exercises/exo7/1-L1/IYyZ.tex,1,1,missing-question,Le contenu doit contenir au moins une \question{...}.
content/exercises/exo7/1-L1/IcIu.tex,1,1,missing-question,Le contenu doit contenir au moins une \question{...}.
content/exercises/exo7/1-L1/Idhv.tex,1,1,missing-question,Le contenu doit contenir au moins une \question{...}.
content/exercises/exo7/1-L1/IgGj.tex,1,1,missing-question,Le contenu doit contenir au moins une \question{...}.
content/exercises/exo7/1-L1/Ijl6.tex,1,1,missing-question,Le contenu doit contenir au moins une \question{...}.
content/exercises/exo7/1-L1/IkUZ.tex,1,1,missing-question,Le contenu doit contenir au moins une \question{...}.
content/exercises/exo7/1-L1/Ilgm.tex,1,1,missing-question,Le contenu doit contenir au moins une \question{...}.
content/exercises/exo7/1-L1/IoLh.tex,1,1,missing-question,Le contenu doit contenir au moins une \question{...}.
content/exercises/exo7/1-L1/IrPh.tex,1,1,missing-question,Le contenu doit contenir au moins une \question{...}.
content/exercises/exo7/1-L1/IuPp.tex,1,1,missing-question,Le contenu doit contenir au moins une \question{...}.
content/exercises/exo7/1-L1/J3Qr.tex,1,1,missing-question,Le contenu doit contenir au moins une \question{...}.
content/exercises/exo7/1-L1/JA0o.tex,1,1,missing-question,Le contenu doit contenir au moins une \question{...}.
content/exercises/exo7/1-L1/JCtb.tex,1,1,missing-question,Le contenu doit contenir au moins une \question{...}.
content/exercises/exo7/1-L1/JJJg.tex,1,1,missing-question,Le contenu doit contenir au moins une \question{...}.
content/exercises/exo7/1-L1/JXjd.tex,1,1,missing-question,Le contenu doit contenir au moins une \question{...}.
content/exercises/exo7/1-L1/Jas5.tex,1,1,missing-question,Le contenu doit contenir au moins une \question{...}.
content/exercises/exo7/1-L1/JhJt.tex,1,1,missing-question,Le contenu doit contenir au moins une \question{...}.
content/exercises/exo7/1-L1/Jii5.tex,1,1,missing-question,Le contenu doit contenir au moins une \question{...}.
content/exercises/exo7/1-L1/JkdZ.tex,1,1,missing-question,Le contenu doit contenir au moins une \question{...}.
content/exercises/exo7/1-L1/JrE0.tex,1,1,missing-question,Le contenu doit contenir au moins une \question{...}.
content/exercises/exo7/1-L1/Jyth.tex,1,1,missing-question,Le contenu doit contenir au moins une \question{...}.
content/exercises/exo7/1-L1/K7Qz.tex,1,1,missing-question,Le contenu doit contenir au moins une \question{...}.
content/exercises/exo7/1-L1/KBH4.tex,1,1,missing-question,Le contenu doit contenir au moins une \question{...}.
content/exercises/exo7/1-L1/KHyb.tex,1,1,missing-question,Le contenu doit contenir au moins une \question{...}.
content/exercises/exo7/1-L1/KJqT.tex,1,1,missing-question,Le contenu doit contenir au moins une \question{...}.
content/exercises/exo7/1-L1/KPH0.tex,1,1,missing-question,Le contenu doit contenir au moins une \question{...}.
content/exercises/exo7/1-L1/KQ5o.tex,1,1,missing-question,Le contenu doit contenir au moins une \question{...}.
content/exercises/exo7/1-L1/KS0Q.tex,1,1,missing-question,Le contenu doit contenir au moins une \question{...}.
content/exercises/exo7/1-L1/KXds.tex,1,1,missing-question,Le contenu doit contenir au moins une \question{...}.
content/exercises/exo7/1-L1/KaYl.tex,1,1,missing-question,Le contenu doit contenir au moins une \question{...}.
content/exercises/exo7/1-L1/KivJ.tex,1,1,missing-question,Le contenu doit contenir au moins une \question{...}.
content/exercises/exo7/1-L1/Kjkt.tex,1,1,missing-question,Le contenu doit contenir au moins une \question{...}.
content/exercises/exo7/1-L1/Kme5.tex,1,1,missing-question,Le contenu doit contenir au moins une \question{...}.
content/exercises/exo7/1-L1/Kqds.tex,1,1,missing-question,Le contenu doit contenir au moins une \question{...}.
content/exercises/exo7/1-L1/KyVt.tex,1,1,missing-question,Le contenu doit contenir au moins une \question{...}.
content/exercises/exo7/1-L1/L0mU.tex,1,1,missing-question,Le contenu doit contenir au moins une \question{...}.
content/exercises/exo7/1-L1/L3Sf.tex,1,1,missing-question,Le contenu doit contenir au moins une \question{...}.
content/exercises/exo7/1-L1/L6LJ.tex,1,1,missing-question,Le contenu doit contenir au moins une \question{...}.
content/exercises/exo7/1-L1/LAt1.tex,1,1,missing-question,Le contenu doit contenir au moins une \question{...}.
content/exercises/exo7/1-L1/LCEJ.tex,1,1,missing-question,Le contenu doit contenir au moins une \question{...}.
content/exercises/exo7/1-L1/LFyK.tex,1,1,missing-question,Le contenu doit contenir au moins une \question{...}.
content/exercises/exo7/1-L1/LGAw.tex,1,1,missing-question,Le contenu doit contenir au moins une \question{...}.
content/exercises/exo7/1-L1/LGKF.tex,1,1,missing-question,Le contenu doit contenir au moins une \question{...}.
content/exercises/exo7/1-L1/LIN2.tex,1,1,missing-question,Le contenu doit contenir au moins une \question{...}.
content/exercises/exo7/1-L1/LQYz.tex,1,1,missing-question,Le contenu doit contenir au moins une \question{...}.
content/exercises/exo7/1-L1/LUxw.tex,1,1,missing-question,Le contenu doit contenir au moins une \question{...}.
content/exercises/exo7/1-L1/LYDo.tex,1,1,missing-question,Le contenu doit contenir au moins une \question{...}.
content/exercises/exo7/1-L1/Lmvw.tex,1,1,missing-question,Le contenu doit contenir au moins une \question{...}.
content/exercises/exo7/1-L1/M4qt.tex,1,1,missing-question,Le contenu doit contenir au moins une \question{...}.
content/exercises/exo7/1-L1/M5Zt.tex,1,1,missing-question,Le contenu doit contenir au moins une \question{...}.
content/exercises/exo7/1-L1/M8st.tex,1,1,missing-question,Le contenu doit contenir au moins une \question{...}.
content/exercises/exo7/1-L1/MDdQ.tex,1,1,missing-question,Le contenu doit contenir au moins une \question{...}.
content/exercises/exo7/1-L1/MIMV.tex,1,1,missing-question,Le contenu doit contenir au moins une \question{...}.
content/exercises/exo7/1-L1/MIbW.tex,1,1,missing-question,Le contenu doit contenir au moins une \question{...}.
content/exercises/exo7/1-L1/MJ4n.tex,1,1,missing-question,Le contenu doit contenir au moins une \question{...}.
content/exercises/exo7/1-L1/MMkK.tex,1,1,missing-question,Le contenu doit contenir au moins une \question{...}.
content/exercises/exo7/1-L1/MN3q.tex,1,1,missing-question,Le contenu doit contenir au moins une \question{...}.
content/exercises/exo7/1-L1/MN6l.tex,1,1,missing-question,Le contenu doit contenir au moins une \question{...}.
content/exercises/exo7/1-L1/MSSM.tex,1,1,missing-question,Le contenu doit contenir au moins une \question{...}.
content/exercises/exo7/1-L1/MT9e.tex,1,1,missing-question,Le contenu doit contenir au moins une \question{...}.
content/exercises/exo7/1-L1/MVnD.tex,1,1,missing-question,Le contenu doit contenir au moins une \question{...}.
content/exercises/exo7/1-L1/MZ1H.tex,1,1,missing-question,Le contenu doit contenir au moins une \question{...}.
content/exercises/exo7/1-L1/MbGl.tex,1,1,missing-question,Le contenu doit contenir au moins une \question{...}.
content/exercises/exo7/1-L1/MdXq.tex,1,1,missing-question,Le contenu doit contenir au moins une \question{...}.
content/exercises/exo7/1-L1/Mfzs.tex,1,1,missing-question,Le contenu doit contenir au moins une \question{...}.
content/exercises/exo7/1-L1/MgN5.tex,1,1,missing-question,Le contenu doit contenir au moins une \question{...}.
content/exercises/exo7/1-L1/MhxO.tex,1,1,missing-question,Le contenu doit contenir au moins une \question{...}.
content/exercises/exo7/1-L1/MkF5.tex,1,1,missing-question,Le contenu doit contenir au moins une \question{...}.
content/exercises/exo7/1-L1/MlDc.tex,1,1,missing-question,Le contenu doit contenir au moins une \question{...}.
content/exercises/exo7/1-L1/Mpau.tex,1,1,missing-question,Le contenu doit contenir au moins une \question{...}.
content/exercises/exo7/1-L1/MvMY.tex,1,1,missing-question,Le contenu doit contenir au moins une \question{...}.
content/exercises/exo7/1-L1/MxEl.tex,1,1,missing-question,Le contenu doit contenir au moins une \question{...}.
content/exercises/exo7/1-L1/N0nA.tex,1,1,missing-question,Le contenu doit contenir au moins une \question{...}.
content/exercises/exo7/1-L1/NFAE.tex,1,1,missing-question,Le contenu doit contenir au moins une \question{...}.
content/exercises/exo7/1-L1/NFXu.tex,1,1,missing-question,Le contenu doit contenir au moins une \question{...}.
content/exercises/exo7/1-L1/NQD1.tex,1,1,missing-question,Le contenu doit contenir au moins une \question{...}.
content/exercises/exo7/1-L1/NUnA.tex,1,1,missing-question,Le contenu doit contenir au moins une \question{...}.
content/exercises/exo7/1-L1/NVIn.tex,1,1,missing-question,Le contenu doit contenir au moins une \question{...}.
content/exercises/exo7/1-L1/Nb7f.tex,1,1,missing-question,Le contenu doit contenir au moins une \question{...}.
content/exercises/exo7/1-L1/Nd6n.tex,1,1,missing-question,Le contenu doit contenir au moins une \question{...}.
content/exercises/exo7/1-L1/O07j.tex,1,1,missing-question,Le contenu doit contenir au moins une \question{...}.
content/exercises/exo7/1-L1/O2nU.tex,1,1,missing-question,Le contenu doit contenir au moins une \question{...}.
content/exercises/exo7/1-L1/OCrW.tex,1,1,missing-question,Le contenu doit contenir au moins une \question{...}.
content/exercises/exo7/1-L1/OEGX.tex,1,1,missing-question,Le contenu doit contenir au moins une \question{...}.
content/exercises/exo7/1-L1/OF46.tex,1,1,missing-question,Le contenu doit contenir au moins une \question{...}.
content/exercises/exo7/1-L1/OHM4.tex,1,1,missing-question,Le contenu doit contenir au moins une \question{...}.
content/exercises/exo7/1-L1/OHyT.tex,1,1,missing-question,Le contenu doit contenir au moins une \question{...}.
content/exercises/exo7/1-L1/OIG3.tex,1,1,missing-question,Le contenu doit contenir au moins une \question{...}.
content/exercises/exo7/1-L1/OKSz.tex,1,1,missing-question,Le contenu doit contenir au moins une \question{...}.
content/exercises/exo7/1-L1/OPyT.tex,1,1,missing-question,Le contenu doit contenir au moins une \question{...}.
content/exercises/exo7/1-L1/Obif.tex,1,1,missing-question,Le contenu doit contenir au moins une \question{...}.
content/exercises/exo7/1-L1/Oey6.tex,1,1,missing-question,Le contenu doit contenir au moins une \question{...}.
content/exercises/exo7/1-L1/OfCD.tex,1,1,missing-question,Le contenu doit contenir au moins une \question{...}.
content/exercises/exo7/1-L1/OgXb.tex,1,1,missing-question,Le contenu doit contenir au moins une \question{...}.
content/exercises/exo7/1-L1/OoBa.tex,1,1,missing-question,Le contenu doit contenir au moins une \question{...}.
content/exercises/exo7/1-L1/Ooie.tex,1,1,missing-question,Le contenu doit contenir au moins une \question{...}.
content/exercises/exo7/1-L1/OscK.tex,1,1,missing-question,Le contenu doit contenir au moins une \question{...}.
content/exercises/exo7/1-L1/OtOB.tex,1,1,missing-question,Le contenu doit contenir au moins une \question{...}.
content/exercises/exo7/1-L1/OyPd.tex,1,1,missing-question,Le contenu doit contenir au moins une \question{...}.
content/exercises/exo7/1-L1/P47M.tex,1,1,missing-question,Le contenu doit contenir au moins une \question{...}.
content/exercises/exo7/1-L1/P7yX.tex,1,1,missing-question,Le contenu doit contenir au moins une \question{...}.
content/exercises/exo7/1-L1/P9Nj.tex,1,1,missing-question,Le contenu doit contenir au moins une \question{...}.
content/exercises/exo7/1-L1/PIBP.tex,1,1,missing-question,Le contenu doit contenir au moins une \question{...}.
content/exercises/exo7/1-L1/PPZl.tex,1,1,missing-question,Le contenu doit contenir au moins une \question{...}.
content/exercises/exo7/1-L1/PR2W.tex,1,1,missing-question,Le contenu doit contenir au moins une \question{...}.
content/exercises/exo7/1-L1/PST8.tex,1,1,missing-question,Le contenu doit contenir au moins une \question{...}.
content/exercises/exo7/1-L1/PZvF.tex,1,1,missing-question,Le contenu doit contenir au moins une \question{...}.
content/exercises/exo7/1-L1/Plsl.tex,1,1,missing-question,Le contenu doit contenir au moins une \question{...}.
content/exercises/exo7/1-L1/PsAY.tex,1,1,missing-question,Le contenu doit contenir au moins une \question{...}.
content/exercises/exo7/1-L1/PsEK.tex,1,1,missing-question,Le contenu doit contenir au moins une \question{...}.
content/exercises/exo7/1-L1/PtOx.tex,1,1,missing-question,Le contenu doit contenir au moins une \question{...}.
content/exercises/exo7/1-L1/Pxcf.tex,1,1,missing-question,Le contenu doit contenir au moins une \question{...}.
content/exercises/exo7/1-L1/Pyy5.tex,1,1,missing-question,Le contenu doit contenir au moins une \question{...}.
content/exercises/exo7/1-L1/PzdE.tex,1,1,missing-question,Le contenu doit contenir au moins une \question{...}.
content/exercises/exo7/1-L1/Q2UW.tex,1,1,missing-question,Le contenu doit contenir au moins une \question{...}.
content/exercises/exo7/1-L1/Q67o.tex,1,1,missing-question,Le contenu doit contenir au moins une \question{...}.
content/exercises/exo7/1-L1/QAcw.tex,1,1,missing-question,Le contenu doit contenir au moins une \question{...}.
content/exercises/exo7/1-L1/QCXy.tex,1,1,missing-question,Le contenu doit contenir au moins une \question{...}.
content/exercises/exo7/1-L1/QIXm.tex,1,1,missing-question,Le contenu doit contenir au moins une \question{...}.
content/exercises/exo7/1-L1/QME8.tex,1,1,missing-question,Le contenu doit contenir au moins une \question{...}.
content/exercises/exo7/1-L1/QX2v.tex,1,1,missing-question,Le contenu doit contenir au moins une \question{...}.
content/exercises/exo7/1-L1/QXqT.tex,1,1,missing-question,Le contenu doit contenir au moins une \question{...}.
content/exercises/exo7/1-L1/QjWw.tex,1,1,missing-question,Le contenu doit contenir au moins une \question{...}.
content/exercises/exo7/1-L1/QrKx.tex,1,1,missing-question,Le contenu doit contenir au moins une \question{...}.
content/exercises/exo7/1-L1/QrY4.tex,1,1,missing-question,Le contenu doit contenir au moins une \question{...}.
content/exercises/exo7/1-L1/QtGX.tex,1,1,missing-question,Le contenu doit contenir au moins une \question{...}.
content/exercises/exo7/1-L1/QuMu.tex,1,1,missing-question,Le contenu doit contenir au moins une \question{...}.
content/exercises/exo7/1-L1/QvBT.tex,1,1,missing-question,Le contenu doit contenir au moins une \question{...}.
content/exercises/exo7/1-L1/QxOo.tex,1,1,missing-question,Le contenu doit contenir au moins une \question{...}.
content/exercises/exo7/1-L1/QxtY.tex,1,1,missing-question,Le contenu doit contenir au moins une \question{...}.
content/exercises/exo7/1-L1/R0dj.tex,1,1,missing-question,Le contenu doit contenir au moins une \question{...}.
content/exercises/exo7/1-L1/R3oW.tex,1,1,missing-question,Le contenu doit contenir au moins une \question{...}.
content/exercises/exo7/1-L1/R5uQ.tex,1,1,missing-question,Le contenu doit contenir au moins une \question{...}.
content/exercises/exo7/1-L1/RJQj.tex,1,1,missing-question,Le contenu doit contenir au moins une \question{...}.
content/exercises/exo7/1-L1/ROFa.tex,1,1,missing-question,Le contenu doit contenir au moins une \question{...}.
content/exercises/exo7/1-L1/RP8Y.tex,1,1,missing-question,Le contenu doit contenir au moins une \question{...}.
content/exercises/exo7/1-L1/RRBL.tex,1,1,missing-question,Le contenu doit contenir au moins une \question{...}.
content/exercises/exo7/1-L1/RT96.tex,1,1,missing-question,Le contenu doit contenir au moins une \question{...}.
content/exercises/exo7/1-L1/RUzc.tex,1,1,missing-question,Le contenu doit contenir au moins une \question{...}.
content/exercises/exo7/1-L1/RVmW.tex,1,1,missing-question,Le contenu doit contenir au moins une \question{...}.
content/exercises/exo7/1-L1/Rafq.tex,1,1,missing-question,Le contenu doit contenir au moins une \question{...}.
content/exercises/exo7/1-L1/RfLM.tex,1,1,missing-question,Le contenu doit contenir au moins une \question{...}.
content/exercises/exo7/1-L1/Rhyk.tex,1,1,missing-question,Le contenu doit contenir au moins une \question{...}.
content/exercises/exo7/1-L1/RiWC.tex,1,1,missing-question,Le contenu doit contenir au moins une \question{...}.
content/exercises/exo7/1-L1/RoKk.tex,1,1,missing-question,Le contenu doit contenir au moins une \question{...}.
content/exercises/exo7/1-L1/RpSR.tex,1,1,missing-question,Le contenu doit contenir au moins une \question{...}.
content/exercises/exo7/1-L1/S0Ub.tex,1,1,missing-question,Le contenu doit contenir au moins une \question{...}.
content/exercises/exo7/1-L1/SBSF.tex,1,1,missing-question,Le contenu doit contenir au moins une \question{...}.
content/exercises/exo7/1-L1/SK7p.tex,1,1,missing-question,Le contenu doit contenir au moins une \question{...}.
content/exercises/exo7/1-L1/SMpM.tex,19,1,single-item-enumerate,Un exercice avec une seule question ne doit pas contenir un environnement enumerate avec un seul \item.
content/exercises/exo7/1-L1/SQCX.tex,1,1,missing-question,Le contenu doit contenir au moins une \question{...}.
content/exercises/exo7/1-L1/SXTW.tex,1,1,missing-question,Le contenu doit contenir au moins une \question{...}.
content/exercises/exo7/1-L1/SYoI.tex,1,1,missing-question,Le contenu doit contenir au moins une \question{...}.
content/exercises/exo7/1-L1/SeKe.tex,1,1,missing-question,Le contenu doit contenir au moins une \question{...}.
content/exercises/exo7/1-L1/SuAx.tex,1,1,missing-question,Le contenu doit contenir au moins une \question{...}.
content/exercises/exo7/1-L1/SuNf.tex,1,1,missing-question,Le contenu doit contenir au moins une \question{...}.
content/exercises/exo7/1-L1/Symm.tex,1,1,missing-question,Le contenu doit contenir au moins une \question{...}.
content/exercises/exo7/1-L1/T0fz.tex,1,1,missing-question,Le contenu doit contenir au moins une \question{...}.
content/exercises/exo7/1-L1/T475.tex,1,1,missing-question,Le contenu doit contenir au moins une \question{...}.
content/exercises/exo7/1-L1/T5sn.tex,1,1,missing-question,Le contenu doit contenir au moins une \question{...}.
content/exercises/exo7/1-L1/T77i.tex,1,1,missing-question,Le contenu doit contenir au moins une \question{...}.
content/exercises/exo7/1-L1/TDN6.tex,1,1,missing-question,Le contenu doit contenir au moins une \question{...}.
content/exercises/exo7/1-L1/TDn7.tex,1,1,missing-question,Le contenu doit contenir au moins une \question{...}.
content/exercises/exo7/1-L1/TKIQ.tex,1,1,missing-question,Le contenu doit contenir au moins une \question{...}.
content/exercises/exo7/1-L1/TQNY.tex,1,1,missing-question,Le contenu doit contenir au moins une \question{...}.
content/exercises/exo7/1-L1/TTtV.tex,1,1,missing-question,Le contenu doit contenir au moins une \question{...}.
content/exercises/exo7/1-L1/TaET.tex,1,1,missing-question,Le contenu doit contenir au moins une \question{...}.
content/exercises/exo7/1-L1/Teod.tex,1,1,missing-question,Le contenu doit contenir au moins une \question{...}.
content/exercises/exo7/1-L1/Tp5y.tex,1,1,missing-question,Le contenu doit contenir au moins une \question{...}.
content/exercises/exo7/1-L1/TpHf.tex,1,1,missing-question,Le contenu doit contenir au moins une \question{...}.
content/exercises/exo7/1-L1/Tq59.tex,1,1,missing-question,Le contenu doit contenir au moins une \question{...}.
content/exercises/exo7/1-L1/U4L1.tex,1,1,missing-question,Le contenu doit contenir au moins une \question{...}.
content/exercises/exo7/1-L1/U4XL.tex,1,1,missing-question,Le contenu doit contenir au moins une \question{...}.
content/exercises/exo7/1-L1/U7LA.tex,1,1,missing-question,Le contenu doit contenir au moins une \question{...}.
content/exercises/exo7/1-L1/UKXI.tex,1,1,missing-question,Le contenu doit contenir au moins une \question{...}.
content/exercises/exo7/1-L1/UQJV.tex,1,1,missing-question,Le contenu doit contenir au moins une \question{...}.
content/exercises/exo7/1-L1/UR77.tex,1,1,missing-question,Le contenu doit contenir au moins une \question{...}.
content/exercises/exo7/1-L1/UTQZ.tex,1,1,missing-question,Le contenu doit contenir au moins une \question{...}.
content/exercises/exo7/1-L1/UUOs.tex,1,1,missing-question,Le contenu doit contenir au moins une \question{...}.
content/exercises/exo7/1-L1/UZc1.tex,1,1,missing-question,Le contenu doit contenir au moins une \question{...}.
content/exercises/exo7/1-L1/Ugfe.tex,1,1,missing-question,Le contenu doit contenir au moins une \question{...}.
content/exercises/exo7/1-L1/UlZ3.tex,1,1,missing-question,Le contenu doit contenir au moins une \question{...}.
content/exercises/exo7/1-L1/UnkX.tex,1,1,missing-question,Le contenu doit contenir au moins une \question{...}.
content/exercises/exo7/1-L1/Uo7u.tex,1,1,missing-question,Le contenu doit contenir au moins une \question{...}.
content/exercises/exo7/1-L1/Uukn.tex,1,1,missing-question,Le contenu doit contenir au moins une \question{...}.
content/exercises/exo7/1-L1/Uz6R.tex,1,1,missing-question,Le contenu doit contenir au moins une \question{...}.
content/exercises/exo7/1-L1/V0E0.tex,1,1,missing-question,Le contenu doit contenir au moins une \question{...}.
content/exercises/exo7/1-L1/VKmW.tex,1,1,missing-question,Le contenu doit contenir au moins une \question{...}.
content/exercises/exo7/1-L1/VKtE.tex,1,1,missing-question,Le contenu doit contenir au moins une \question{...}.
content/exercises/exo7/1-L1/VLPI.tex,1,1,missing-question,Le contenu doit contenir au moins une \question{...}.
content/exercises/exo7/1-L1/VMyg.tex,1,1,missing-question,Le contenu doit contenir au moins une \question{...}.
content/exercises/exo7/1-L1/VPZK.tex,1,1,missing-question,Le contenu doit contenir au moins une \question{...}.
content/exercises/exo7/1-L1/VbbI.tex,1,1,missing-question,Le contenu doit contenir au moins une \question{...}.
content/exercises/exo7/1-L1/VcMM.tex,1,1,missing-question,Le contenu doit contenir au moins une \question{...}.
content/exercises/exo7/1-L1/VdAe.tex,1,1,missing-question,Le contenu doit contenir au moins une \question{...}.
content/exercises/exo7/1-L1/VgfT.tex,1,1,missing-question,Le contenu doit contenir au moins une \question{...}.
content/exercises/exo7/1-L1/VjYP.tex,1,1,missing-question,Le contenu doit contenir au moins une \question{...}.
content/exercises/exo7/1-L1/Vjw7.tex,1,1,missing-question,Le contenu doit contenir au moins une \question{...}.
content/exercises/exo7/1-L1/VmVa.tex,1,1,missing-question,Le contenu doit contenir au moins une \question{...}.
content/exercises/exo7/1-L1/Vpcc.tex,1,1,missing-question,Le contenu doit contenir au moins une \question{...}.
content/exercises/exo7/1-L1/Vwcj.tex,1,1,missing-question,Le contenu doit contenir au moins une \question{...}.
content/exercises/exo7/1-L1/Vx2O.tex,1,1,missing-question,Le contenu doit contenir au moins une \question{...}.
content/exercises/exo7/1-L1/W1Nn.tex,1,1,missing-question,Le contenu doit contenir au moins une \question{...}.
content/exercises/exo7/1-L1/W4j2.tex,1,1,missing-question,Le contenu doit contenir au moins une \question{...}.
content/exercises/exo7/1-L1/WEp4.tex,1,1,missing-question,Le contenu doit contenir au moins une \question{...}.
content/exercises/exo7/1-L1/WFpe.tex,1,1,missing-question,Le contenu doit contenir au moins une \question{...}.
content/exercises/exo7/1-L1/WSMu.tex,1,1,missing-question,Le contenu doit contenir au moins une \question{...}.
content/exercises/exo7/1-L1/WZnZ.tex,1,1,missing-question,Le contenu doit contenir au moins une \question{...}.
content/exercises/exo7/1-L1/WZtC.tex,1,1,missing-question,Le contenu doit contenir au moins une \question{...}.
content/exercises/exo7/1-L1/WcfH.tex,1,1,missing-question,Le contenu doit contenir au moins une \question{...}.
content/exercises/exo7/1-L1/WdST.tex,1,1,missing-question,Le contenu doit contenir au moins une \question{...}.
content/exercises/exo7/1-L1/WjAK.tex,1,1,missing-question,Le contenu doit contenir au moins une \question{...}.
content/exercises/exo7/1-L1/WkWR.tex,1,1,missing-question,Le contenu doit contenir au moins une \question{...}.
content/exercises/exo7/1-L1/WvP6.tex,1,1,missing-question,Le contenu doit contenir au moins une \question{...}.
content/exercises/exo7/1-L1/Wwn4.tex,1,1,missing-question,Le contenu doit contenir au moins une \question{...}.
content/exercises/exo7/1-L1/WwuQ.tex,1,1,missing-question,Le contenu doit contenir au moins une \question{...}.
content/exercises/exo7/1-L1/X2q9.tex,1,1,missing-question,Le contenu doit contenir au moins une \question{...}.
content/exercises/exo7/1-L1/XB5t.tex,1,1,missing-question,Le contenu doit contenir au moins une \question{...}.
content/exercises/exo7/1-L1/XQ9M.tex,1,1,missing-question,Le contenu doit contenir au moins une \question{...}.
content/exercises/exo7/1-L1/XTRo.tex,1,1,missing-question,Le contenu doit contenir au moins une \question{...}.
content/exercises/exo7/1-L1/XUeU.tex,1,1,missing-question,Le contenu doit contenir au moins une \question{...}.
content/exercises/exo7/1-L1/Xk0N.tex,1,1,missing-question,Le contenu doit contenir au moins une \question{...}.
content/exercises/exo7/1-L1/XlP4.tex,1,1,missing-question,Le contenu doit contenir au moins une \question{...}.
content/exercises/exo7/1-L1/XlqG.tex,1,1,missing-question,Le contenu doit contenir au moins une \question{...}.
content/exercises/exo7/1-L1/XnWc.tex,1,1,missing-question,Le contenu doit contenir au moins une \question{...}.
content/exercises/exo7/1-L1/Xpyc.tex,1,1,missing-question,Le contenu doit contenir au moins une \question{...}.
content/exercises/exo7/1-L1/XsV8.tex,1,1,missing-question,Le contenu doit contenir au moins une \question{...}.
content/exercises/exo7/1-L1/Xthi.tex,1,1,missing-question,Le contenu doit contenir au moins une \question{...}.
content/exercises/exo7/1-L1/XuCM.tex,1,1,missing-question,Le contenu doit contenir au moins une \question{...}.
content/exercises/exo7/1-L1/Xuof.tex,1,1,missing-question,Le contenu doit contenir au moins une \question{...}.
content/exercises/exo7/1-L1/Y3se.tex,1,1,missing-question,Le contenu doit contenir au moins une \question{...}.
content/exercises/exo7/1-L1/Y8dt.tex,1,1,missing-question,Le contenu doit contenir au moins une \question{...}.
content/exercises/exo7/1-L1/YAQM.tex,1,1,missing-question,Le contenu doit contenir au moins une \question{...}.
content/exercises/exo7/1-L1/YD8u.tex,1,1,missing-question,Le contenu doit contenir au moins une \question{...}.
content/exercises/exo7/1-L1/YFpN.tex,1,1,missing-question,Le contenu doit contenir au moins une \question{...}.
content/exercises/exo7/1-L1/YGdC.tex,1,1,missing-question,Le contenu doit contenir au moins une \question{...}.
content/exercises/exo7/1-L1/YI0L.tex,1,1,missing-question,Le contenu doit contenir au moins une \question{...}.
content/exercises/exo7/1-L1/YJ7F.tex,1,1,missing-question,Le contenu doit contenir au moins une \question{...}.
content/exercises/exo7/1-L1/YMQT.tex,1,1,missing-question,Le contenu doit contenir au moins une \question{...}.
content/exercises/exo7/1-L1/YPdv.tex,1,1,missing-question,Le contenu doit contenir au moins une \question{...}.
content/exercises/exo7/1-L1/YXOf.tex,1,1,missing-question,Le contenu doit contenir au moins une \question{...}.
content/exercises/exo7/1-L1/YduG.tex,1,1,missing-question,Le contenu doit contenir au moins une \question{...}.
content/exercises/exo7/1-L1/Ye2t.tex,1,1,missing-question,Le contenu doit contenir au moins une \question{...}.
content/exercises/exo7/1-L1/Ygp6.tex,1,1,missing-question,Le contenu doit contenir au moins une \question{...}.
content/exercises/exo7/1-L1/Yj7A.tex,1,1,missing-question,Le contenu doit contenir au moins une \question{...}.
content/exercises/exo7/1-L1/Ysep.tex,1,1,missing-question,Le contenu doit contenir au moins une \question{...}.
content/exercises/exo7/1-L1/YtM6.tex,1,1,missing-question,Le contenu doit contenir au moins une \question{...}.
content/exercises/exo7/1-L1/YtTx.tex,1,1,missing-question,Le contenu doit contenir au moins une \question{...}.
content/exercises/exo7/1-L1/ZN3L.tex,1,1,missing-question,Le contenu doit contenir au moins une \question{...}.
content/exercises/exo7/1-L1/ZRtS.tex,1,1,missing-question,Le contenu doit contenir au moins une \question{...}.
content/exercises/exo7/1-L1/ZeK0.tex,1,1,missing-question,Le contenu doit contenir au moins une \question{...}.
content/exercises/exo7/1-L1/Zmuc.tex,1,1,missing-question,Le contenu doit contenir au moins une \question{...}.
content/exercises/exo7/1-L1/ZqM3.tex,1,1,missing-question,Le contenu doit contenir au moins une \question{...}.
content/exercises/exo7/1-L1/a0v5.tex,1,1,missing-question,Le contenu doit contenir au moins une \question{...}.
content/exercises/exo7/1-L1/a2q3.tex,1,1,missing-question,Le contenu doit contenir au moins une \question{...}.
content/exercises/exo7/1-L1/aIgX.tex,1,1,missing-question,Le contenu doit contenir au moins une \question{...}.
content/exercises/exo7/1-L1/aTRB.tex,1,1,missing-question,Le contenu doit contenir au moins une \question{...}.
content/exercises/exo7/1-L1/aTml.tex,1,1,missing-question,Le contenu doit contenir au moins une \question{...}.
content/exercises/exo7/1-L1/aakr.tex,1,1,missing-question,Le contenu doit contenir au moins une \question{...}.
content/exercises/exo7/1-L1/afRC.tex,1,1,missing-question,Le contenu doit contenir au moins une \question{...}.
content/exercises/exo7/1-L1/aohj.tex,1,1,missing-question,Le contenu doit contenir au moins une \question{...}.
content/exercises/exo7/1-L1/apbJ.tex,1,1,missing-question,Le contenu doit contenir au moins une \question{...}.
content/exercises/exo7/1-L1/aqoy.tex,1,1,missing-question,Le contenu doit contenir au moins une \question{...}.
content/exercises/exo7/1-L1/aqqG.tex,1,1,missing-question,Le contenu doit contenir au moins une \question{...}.
content/exercises/exo7/1-L1/avh9.tex,1,1,missing-question,Le contenu doit contenir au moins une \question{...}.
content/exercises/exo7/1-L1/axB5.tex,1,1,missing-question,Le contenu doit contenir au moins une \question{...}.
content/exercises/exo7/1-L1/az1w.tex,1,1,missing-question,Le contenu doit contenir au moins une \question{...}.
content/exercises/exo7/1-L1/b8Wa.tex,1,1,missing-question,Le contenu doit contenir au moins une \question{...}.
content/exercises/exo7/1-L1/b8iz.tex,1,1,missing-question,Le contenu doit contenir au moins une \question{...}.
content/exercises/exo7/1-L1/bA0a.tex,1,1,missing-question,Le contenu doit contenir au moins une \question{...}.
content/exercises/exo7/1-L1/bHrN.tex,1,1,missing-question,Le contenu doit contenir au moins une \question{...}.
content/exercises/exo7/1-L1/bUTe.tex,1,1,missing-question,Le contenu doit contenir au moins une \question{...}.
content/exercises/exo7/1-L1/bXsK.tex,1,1,missing-question,Le contenu doit contenir au moins une \question{...}.
content/exercises/exo7/1-L1/bZCQ.tex,1,1,missing-question,Le contenu doit contenir au moins une \question{...}.
content/exercises/exo7/1-L1/bZZ6.tex,1,1,missing-question,Le contenu doit contenir au moins une \question{...}.
content/exercises/exo7/1-L1/bnNZ.tex,1,1,missing-question,Le contenu doit contenir au moins une \question{...}.
content/exercises/exo7/1-L1/bsPP.tex,1,1,missing-question,Le contenu doit contenir au moins une \question{...}.
content/exercises/exo7/1-L1/btIB.tex,15,1,malformed-command,La commande \contenu{...} n'est pas fermée correctement.
content/exercises/exo7/1-L1/buFl.tex,1,1,missing-question,Le contenu doit contenir au moins une \question{...}.
content/exercises/exo7/1-L1/buop.tex,1,1,missing-question,Le contenu doit contenir au moins une \question{...}.
content/exercises/exo7/1-L1/buqo.tex,1,1,missing-question,Le contenu doit contenir au moins une \question{...}.
content/exercises/exo7/1-L1/bwA8.tex,1,1,missing-question,Le contenu doit contenir au moins une \question{...}.
content/exercises/exo7/1-L1/bxuY.tex,1,1,missing-question,Le contenu doit contenir au moins une \question{...}.
content/exercises/exo7/1-L1/c9Gy.tex,1,1,missing-question,Le contenu doit contenir au moins une \question{...}.
content/exercises/exo7/1-L1/c9Ks.tex,1,1,missing-question,Le contenu doit contenir au moins une \question{...}.
content/exercises/exo7/1-L1/cDps.tex,1,1,missing-question,Le contenu doit contenir au moins une \question{...}.
content/exercises/exo7/1-L1/cNEO.tex,1,1,missing-question,Le contenu doit contenir au moins une \question{...}.
content/exercises/exo7/1-L1/cSEA.tex,1,1,missing-question,Le contenu doit contenir au moins une \question{...}.
content/exercises/exo7/1-L1/cWue.tex,1,1,missing-question,Le contenu doit contenir au moins une \question{...}.
content/exercises/exo7/1-L1/cWuh.tex,1,1,missing-question,Le contenu doit contenir au moins une \question{...}.
content/exercises/exo7/1-L1/cXQH.tex,1,1,missing-question,Le contenu doit contenir au moins une \question{...}.
content/exercises/exo7/1-L1/cY57.tex,1,1,missing-question,Le contenu doit contenir au moins une \question{...}.
content/exercises/exo7/1-L1/cdjy.tex,1,1,missing-question,Le contenu doit contenir au moins une \question{...}.
content/exercises/exo7/1-L1/cj8p.tex,1,1,missing-question,Le contenu doit contenir au moins une \question{...}.
content/exercises/exo7/1-L1/clQF.tex,1,1,missing-question,Le contenu doit contenir au moins une \question{...}.
content/exercises/exo7/1-L1/d4Eo.tex,1,1,missing-question,Le contenu doit contenir au moins une \question{...}.
content/exercises/exo7/1-L1/d8TO.tex,1,1,missing-question,Le contenu doit contenir au moins une \question{...}.
content/exercises/exo7/1-L1/dC49.tex,1,1,missing-question,Le contenu doit contenir au moins une \question{...}.
content/exercises/exo7/1-L1/dExH.tex,1,1,missing-question,Le contenu doit contenir au moins une \question{...}.
content/exercises/exo7/1-L1/dHvI.tex,1,1,missing-question,Le contenu doit contenir au moins une \question{...}.
content/exercises/exo7/1-L1/dLlx.tex,1,1,missing-question,Le contenu doit contenir au moins une \question{...}.
content/exercises/exo7/1-L1/dWzU.tex,1,1,missing-question,Le contenu doit contenir au moins une \question{...}.
content/exercises/exo7/1-L1/dY61.tex,1,1,missing-question,Le contenu doit contenir au moins une \question{...}.
content/exercises/exo7/1-L1/dYjG.tex,1,1,missing-question,Le contenu doit contenir au moins une \question{...}.
content/exercises/exo7/1-L1/dtYr.tex,1,1,missing-question,Le contenu doit contenir au moins une \question{...}.
content/exercises/exo7/1-L1/duCO.tex,1,1,missing-question,Le contenu doit contenir au moins une \question{...}.
content/exercises/exo7/1-L1/e1a6.tex,1,1,missing-question,Le contenu doit contenir au moins une \question{...}.
content/exercises/exo7/1-L1/e1l4.tex,1,1,missing-question,Le contenu doit contenir au moins une \question{...}.
content/exercises/exo7/1-L1/e82C.tex,1,1,missing-question,Le contenu doit contenir au moins une \question{...}.
content/exercises/exo7/1-L1/eLeg.tex,1,1,missing-question,Le contenu doit contenir au moins une \question{...}.
content/exercises/exo7/1-L1/eVaI.tex,1,1,missing-question,Le contenu doit contenir au moins une \question{...}.
content/exercises/exo7/1-L1/ekjp.tex,1,1,missing-question,Le contenu doit contenir au moins une \question{...}.
content/exercises/exo7/1-L1/enFJ.tex,1,1,missing-question,Le contenu doit contenir au moins une \question{...}.
content/exercises/exo7/1-L1/eoYL.tex,1,1,missing-question,Le contenu doit contenir au moins une \question{...}.
content/exercises/exo7/1-L1/evxU.tex,1,1,missing-question,Le contenu doit contenir au moins une \question{...}.
content/exercises/exo7/1-L1/eyzV.tex,1,1,missing-question,Le contenu doit contenir au moins une \question{...}.
content/exercises/exo7/1-L1/ezr6.tex,1,1,missing-question,Le contenu doit contenir au moins une \question{...}.
content/exercises/exo7/1-L1/f1E9.tex,1,1,missing-question,Le contenu doit contenir au moins une \question{...}.
content/exercises/exo7/1-L1/f3Ya.tex,1,1,missing-question,Le contenu doit contenir au moins une \question{...}.
content/exercises/exo7/1-L1/fEsb.tex,1,1,missing-question,Le contenu doit contenir au moins une \question{...}.
content/exercises/exo7/1-L1/fHUA.tex,1,1,missing-question,Le contenu doit contenir au moins une \question{...}.
content/exercises/exo7/1-L1/fJ02.tex,1,1,missing-question,Le contenu doit contenir au moins une \question{...}.
content/exercises/exo7/1-L1/fK2U.tex,1,1,missing-question,Le contenu doit contenir au moins une \question{...}.
content/exercises/exo7/1-L1/fKcG.tex,1,1,missing-question,Le contenu doit contenir au moins une \question{...}.
content/exercises/exo7/1-L1/fSY6.tex,1,1,missing-question,Le contenu doit contenir au moins une \question{...}.
content/exercises/exo7/1-L1/fX7v.tex,1,1,missing-question,Le contenu doit contenir au moins une \question{...}.
content/exercises/exo7/1-L1/fXy0.tex,1,1,missing-question,Le contenu doit contenir au moins une \question{...}.
content/exercises/exo7/1-L1/fa8O.tex,1,1,missing-question,Le contenu doit contenir au moins une \question{...}.
content/exercises/exo7/1-L1/fdhp.tex,1,1,missing-question,Le contenu doit contenir au moins une \question{...}.
content/exercises/exo7/1-L1/fnoC.tex,1,1,missing-question,Le contenu doit contenir au moins une \question{...}.
content/exercises/exo7/1-L1/fwxJ.tex,1,1,missing-question,Le contenu doit contenir au moins une \question{...}.
content/exercises/exo7/1-L1/fxQl.tex,1,1,missing-question,Le contenu doit contenir au moins une \question{...}.
content/exercises/exo7/1-L1/g4zK.tex,1,1,missing-question,Le contenu doit contenir au moins une \question{...}.
content/exercises/exo7/1-L1/g61u.tex,1,1,missing-question,Le contenu doit contenir au moins une \question{...}.
content/exercises/exo7/1-L1/g8hB.tex,1,1,missing-question,Le contenu doit contenir au moins une \question{...}.
content/exercises/exo7/1-L1/g9Pk.tex,1,1,missing-question,Le contenu doit contenir au moins une \question{...}.
content/exercises/exo7/1-L1/gA1L.tex,1,1,missing-question,Le contenu doit contenir au moins une \question{...}.
content/exercises/exo7/1-L1/gBkB.tex,1,1,missing-question,Le contenu doit contenir au moins une \question{...}.
content/exercises/exo7/1-L1/gCCE.tex,1,1,missing-question,Le contenu doit contenir au moins une \question{...}.
content/exercises/exo7/1-L1/gQFE.tex,1,1,missing-question,Le contenu doit contenir au moins une \question{...}.
content/exercises/exo7/1-L1/gbUK.tex,1,1,missing-question,Le contenu doit contenir au moins une \question{...}.
content/exercises/exo7/1-L1/gfjw.tex,1,1,missing-question,Le contenu doit contenir au moins une \question{...}.
content/exercises/exo7/1-L1/gjOq.tex,1,1,missing-question,Le contenu doit contenir au moins une \question{...}.
content/exercises/exo7/1-L1/grA2.tex,1,1,missing-question,Le contenu doit contenir au moins une \question{...}.
content/exercises/exo7/1-L1/gsMw.tex,1,1,missing-question,Le contenu doit contenir au moins une \question{...}.
content/exercises/exo7/1-L1/gw5L.tex,1,1,missing-question,Le contenu doit contenir au moins une \question{...}.
content/exercises/exo7/1-L1/h2p9.tex,1,1,missing-question,Le contenu doit contenir au moins une \question{...}.
content/exercises/exo7/1-L1/h39C.tex,1,1,missing-question,Le contenu doit contenir au moins une \question{...}.
content/exercises/exo7/1-L1/h3fz.tex,1,1,missing-question,Le contenu doit contenir au moins une \question{...}.
content/exercises/exo7/1-L1/h6b4.tex,1,1,missing-question,Le contenu doit contenir au moins une \question{...}.
content/exercises/exo7/1-L1/h9bC.tex,1,1,missing-question,Le contenu doit contenir au moins une \question{...}.
content/exercises/exo7/1-L1/hBkl.tex,1,1,missing-question,Le contenu doit contenir au moins une \question{...}.
content/exercises/exo7/1-L1/hL0e.tex,1,1,missing-question,Le contenu doit contenir au moins une \question{...}.
content/exercises/exo7/1-L1/hLi4.tex,1,1,missing-question,Le contenu doit contenir au moins une \question{...}.
content/exercises/exo7/1-L1/hORY.tex,1,1,missing-question,Le contenu doit contenir au moins une \question{...}.
content/exercises/exo7/1-L1/hShn.tex,1,1,missing-question,Le contenu doit contenir au moins une \question{...}.
content/exercises/exo7/1-L1/hStd.tex,1,1,missing-question,Le contenu doit contenir au moins une \question{...}.
content/exercises/exo7/1-L1/hTaT.tex,1,1,missing-question,Le contenu doit contenir au moins une \question{...}.
content/exercises/exo7/1-L1/hWwa.tex,1,1,missing-question,Le contenu doit contenir au moins une \question{...}.
content/exercises/exo7/1-L1/hhOM.tex,1,1,missing-question,Le contenu doit contenir au moins une \question{...}.
content/exercises/exo7/1-L1/hiSs.tex,1,1,missing-question,Le contenu doit contenir au moins une \question{...}.
content/exercises/exo7/1-L1/hlbY.tex,1,1,missing-question,Le contenu doit contenir au moins une \question{...}.
content/exercises/exo7/1-L1/hsxT.tex,1,1,missing-question,Le contenu doit contenir au moins une \question{...}.
content/exercises/exo7/1-L1/i1kX.tex,1,1,missing-question,Le contenu doit contenir au moins une \question{...}.
content/exercises/exo7/1-L1/iIik.tex,1,1,missing-question,Le contenu doit contenir au moins une \question{...}.
content/exercises/exo7/1-L1/iJtO.tex,1,1,missing-question,Le contenu doit contenir au moins une \question{...}.
content/exercises/exo7/1-L1/iS4B.tex,1,1,missing-question,Le contenu doit contenir au moins une \question{...}.
content/exercises/exo7/1-L1/iS8H.tex,1,1,missing-question,Le contenu doit contenir au moins une \question{...}.
content/exercises/exo7/1-L1/iTlV.tex,1,1,missing-question,Le contenu doit contenir au moins une \question{...}.
content/exercises/exo7/1-L1/iWnb.tex,1,1,missing-question,Le contenu doit contenir au moins une \question{...}.
content/exercises/exo7/1-L1/ibZe.tex,1,1,missing-question,Le contenu doit contenir au moins une \question{...}.
content/exercises/exo7/1-L1/ifE0.tex,1,1,missing-question,Le contenu doit contenir au moins une \question{...}.
content/exercises/exo7/1-L1/ifGh.tex,1,1,missing-question,Le contenu doit contenir au moins une \question{...}.
content/exercises/exo7/1-L1/ihLK.tex,1,1,missing-question,Le contenu doit contenir au moins une \question{...}.
content/exercises/exo7/1-L1/imqn.tex,1,1,missing-question,Le contenu doit contenir au moins une \question{...}.
content/exercises/exo7/1-L1/iuUL.tex,1,1,missing-question,Le contenu doit contenir au moins une \question{...}.
content/exercises/exo7/1-L1/izxL.tex,1,1,missing-question,Le contenu doit contenir au moins une \question{...}.
content/exercises/exo7/1-L1/j2NM.tex,1,1,missing-question,Le contenu doit contenir au moins une \question{...}.
content/exercises/exo7/1-L1/j9IH.tex,1,1,missing-question,Le contenu doit contenir au moins une \question{...}.
content/exercises/exo7/1-L1/jALS.tex,1,1,missing-question,Le contenu doit contenir au moins une \question{...}.
content/exercises/exo7/1-L1/jEHz.tex,1,1,missing-question,Le contenu doit contenir au moins une \question{...}.
content/exercises/exo7/1-L1/jJsH.tex,1,1,missing-question,Le contenu doit contenir au moins une \question{...}.
content/exercises/exo7/1-L1/jKaO.tex,1,1,missing-question,Le contenu doit contenir au moins une \question{...}.
content/exercises/exo7/1-L1/jM3F.tex,1,1,missing-question,Le contenu doit contenir au moins une \question{...}.
content/exercises/exo7/1-L1/jOPi.tex,1,1,missing-question,Le contenu doit contenir au moins une \question{...}.
content/exercises/exo7/1-L1/jQX6.tex,1,1,missing-question,Le contenu doit contenir au moins une \question{...}.
content/exercises/exo7/1-L1/jRsA.tex,1,1,missing-question,Le contenu doit contenir au moins une \question{...}.
content/exercises/exo7/1-L1/ja8x.tex,1,1,missing-question,Le contenu doit contenir au moins une \question{...}.
content/exercises/exo7/1-L1/jdbB.tex,1,1,missing-question,Le contenu doit contenir au moins une \question{...}.
content/exercises/exo7/1-L1/johh.tex,1,1,missing-question,Le contenu doit contenir au moins une \question{...}.
content/exercises/exo7/1-L1/jqg1.tex,1,1,missing-question,Le contenu doit contenir au moins une \question{...}.
content/exercises/exo7/1-L1/k0n2.tex,1,1,missing-question,Le contenu doit contenir au moins une \question{...}.
content/exercises/exo7/1-L1/k5Sm.tex,1,1,missing-question,Le contenu doit contenir au moins une \question{...}.
content/exercises/exo7/1-L1/k88u.tex,1,1,missing-question,Le contenu doit contenir au moins une \question{...}.
content/exercises/exo7/1-L1/kBNi.tex,1,1,missing-question,Le contenu doit contenir au moins une \question{...}.
content/exercises/exo7/1-L1/kDQQ.tex,1,1,missing-question,Le contenu doit contenir au moins une \question{...}.
content/exercises/exo7/1-L1/kEAg.tex,1,1,missing-question,Le contenu doit contenir au moins une \question{...}.
content/exercises/exo7/1-L1/kIJF.tex,1,1,missing-question,Le contenu doit contenir au moins une \question{...}.
content/exercises/exo7/1-L1/kJBd.tex,1,1,missing-question,Le contenu doit contenir au moins une \question{...}.
content/exercises/exo7/1-L1/kUNR.tex,1,1,missing-question,Le contenu doit contenir au moins une \question{...}.
content/exercises/exo7/1-L1/kXSq.tex,1,1,missing-question,Le contenu doit contenir au moins une \question{...}.
content/exercises/exo7/1-L1/kapI.tex,1,1,missing-question,Le contenu doit contenir au moins une \question{...}.
content/exercises/exo7/1-L1/kiCw.tex,1,1,missing-question,Le contenu doit contenir au moins une \question{...}.
content/exercises/exo7/1-L1/km6r.tex,1,1,missing-question,Le contenu doit contenir au moins une \question{...}.
content/exercises/exo7/1-L1/kn8m.tex,1,1,missing-question,Le contenu doit contenir au moins une \question{...}.
content/exercises/exo7/1-L1/kr5o.tex,1,1,missing-question,Le contenu doit contenir au moins une \question{...}.
content/exercises/exo7/1-L1/kwiG.tex,1,1,missing-question,Le contenu doit contenir au moins une \question{...}.
content/exercises/exo7/1-L1/l2eY.tex,1,1,missing-question,Le contenu doit contenir au moins une \question{...}.
content/exercises/exo7/1-L1/l6G9.tex,1,1,missing-question,Le contenu doit contenir au moins une \question{...}.
content/exercises/exo7/1-L1/l6wk.tex,1,1,missing-question,Le contenu doit contenir au moins une \question{...}.
content/exercises/exo7/1-L1/l9we.tex,1,1,missing-question,Le contenu doit contenir au moins une \question{...}.
content/exercises/exo7/1-L1/lJN8.tex,1,1,missing-question,Le contenu doit contenir au moins une \question{...}.
content/exercises/exo7/1-L1/lLlP.tex,1,1,missing-question,Le contenu doit contenir au moins une \question{...}.
content/exercises/exo7/1-L1/lPuA.tex,1,1,missing-question,Le contenu doit contenir au moins une \question{...}.
content/exercises/exo7/1-L1/lZwk.tex,1,1,missing-question,Le contenu doit contenir au moins une \question{...}.
content/exercises/exo7/1-L1/lfw6.tex,1,1,missing-question,Le contenu doit contenir au moins une \question{...}.
content/exercises/exo7/1-L1/ll4z.tex,1,1,missing-question,Le contenu doit contenir au moins une \question{...}.
content/exercises/exo7/1-L1/lo5S.tex,1,1,missing-question,Le contenu doit contenir au moins une \question{...}.
content/exercises/exo7/1-L1/lrjM.tex,1,1,missing-question,Le contenu doit contenir au moins une \question{...}.
content/exercises/exo7/1-L1/lu1U.tex,1,1,missing-question,Le contenu doit contenir au moins une \question{...}.
content/exercises/exo7/1-L1/lu6r.tex,1,1,missing-question,Le contenu doit contenir au moins une \question{...}.
content/exercises/exo7/1-L1/lvqN.tex,1,1,missing-question,Le contenu doit contenir au moins une \question{...}.
content/exercises/exo7/1-L1/m3eF.tex,1,1,missing-question,Le contenu doit contenir au moins une \question{...}.
content/exercises/exo7/1-L1/m4e1.tex,1,1,missing-question,Le contenu doit contenir au moins une \question{...}.
content/exercises/exo7/1-L1/m5c6.tex,1,1,missing-question,Le contenu doit contenir au moins une \question{...}.
content/exercises/exo7/1-L1/m7Kx.tex,1,1,missing-question,Le contenu doit contenir au moins une \question{...}.
content/exercises/exo7/1-L1/mCvD.tex,1,1,missing-question,Le contenu doit contenir au moins une \question{...}.
content/exercises/exo7/1-L1/mEsz.tex,1,1,missing-question,Le contenu doit contenir au moins une \question{...}.
content/exercises/exo7/1-L1/mJrc.tex,1,1,missing-question,Le contenu doit contenir au moins une \question{...}.
content/exercises/exo7/1-L1/mQAV.tex,1,1,missing-question,Le contenu doit contenir au moins une \question{...}.
content/exercises/exo7/1-L1/mYeY.tex,1,1,missing-question,Le contenu doit contenir au moins une \question{...}.
content/exercises/exo7/1-L1/mcTX.tex,1,1,missing-question,Le contenu doit contenir au moins une \question{...}.
content/exercises/exo7/1-L1/mcxp.tex,1,1,missing-question,Le contenu doit contenir au moins une \question{...}.
content/exercises/exo7/1-L1/mfEY.tex,1,1,missing-question,Le contenu doit contenir au moins une \question{...}.
content/exercises/exo7/1-L1/mj1U.tex,1,1,missing-question,Le contenu doit contenir au moins une \question{...}.
content/exercises/exo7/1-L1/mvVJ.tex,1,1,missing-question,Le contenu doit contenir au moins une \question{...}.
content/exercises/exo7/1-L1/myBw.tex,1,1,missing-question,Le contenu doit contenir au moins une \question{...}.
content/exercises/exo7/1-L1/myH0.tex,1,1,missing-question,Le contenu doit contenir au moins une \question{...}.
content/exercises/exo7/1-L1/myPM.tex,1,1,missing-question,Le contenu doit contenir au moins une \question{...}.
content/exercises/exo7/1-L1/n08t.tex,1,1,missing-question,Le contenu doit contenir au moins une \question{...}.
content/exercises/exo7/1-L1/n5Yh.tex,1,1,missing-question,Le contenu doit contenir au moins une \question{...}.
content/exercises/exo7/1-L1/n9Lu.tex,1,1,missing-question,Le contenu doit contenir au moins une \question{...}.
content/exercises/exo7/1-L1/nJBV.tex,1,1,missing-question,Le contenu doit contenir au moins une \question{...}.
content/exercises/exo7/1-L1/nMx4.tex,1,1,missing-question,Le contenu doit contenir au moins une \question{...}.
content/exercises/exo7/1-L1/nPB7.tex,1,1,missing-question,Le contenu doit contenir au moins une \question{...}.
content/exercises/exo7/1-L1/nPDl.tex,1,1,missing-question,Le contenu doit contenir au moins une \question{...}.
content/exercises/exo7/1-L1/nQsF.tex,1,1,missing-question,Le contenu doit contenir au moins une \question{...}.
content/exercises/exo7/1-L1/nYle.tex,1,1,missing-question,Le contenu doit contenir au moins une \question{...}.
content/exercises/exo7/1-L1/najl.tex,1,1,missing-question,Le contenu doit contenir au moins une \question{...}.
content/exercises/exo7/1-L1/ncjV.tex,1,1,missing-question,Le contenu doit contenir au moins une \question{...}.
content/exercises/exo7/1-L1/nclu.tex,1,1,missing-question,Le contenu doit contenir au moins une \question{...}.
content/exercises/exo7/1-L1/ng6r.tex,1,1,missing-question,Le contenu doit contenir au moins une \question{...}.
content/exercises/exo7/1-L1/nnKf.tex,1,1,missing-question,Le contenu doit contenir au moins une \question{...}.
content/exercises/exo7/1-L1/nptT.tex,1,1,missing-question,Le contenu doit contenir au moins une \question{...}.
content/exercises/exo7/1-L1/nr5J.tex,1,1,missing-question,Le contenu doit contenir au moins une \question{...}.
content/exercises/exo7/1-L1/o4PH.tex,1,1,missing-question,Le contenu doit contenir au moins une \question{...}.
content/exercises/exo7/1-L1/o5kO.tex,1,1,missing-question,Le contenu doit contenir au moins une \question{...}.
content/exercises/exo7/1-L1/o5qa.tex,1,1,missing-question,Le contenu doit contenir au moins une \question{...}.
content/exercises/exo7/1-L1/o7Ga.tex,1,1,missing-question,Le contenu doit contenir au moins une \question{...}.
content/exercises/exo7/1-L1/oJWj.tex,1,1,missing-question,Le contenu doit contenir au moins une \question{...}.
content/exercises/exo7/1-L1/oKUF.tex,1,1,missing-question,Le contenu doit contenir au moins une \question{...}.
content/exercises/exo7/1-L1/oMNG.tex,1,1,missing-question,Le contenu doit contenir au moins une \question{...}.
content/exercises/exo7/1-L1/oTNz.tex,1,1,missing-question,Le contenu doit contenir au moins une \question{...}.
content/exercises/exo7/1-L1/oiH3.tex,1,1,missing-question,Le contenu doit contenir au moins une \question{...}.
content/exercises/exo7/1-L1/oijR.tex,1,1,missing-question,Le contenu doit contenir au moins une \question{...}.
content/exercises/exo7/1-L1/ojWx.tex,1,1,missing-question,Le contenu doit contenir au moins une \question{...}.
content/exercises/exo7/1-L1/oomR.tex,1,1,missing-question,Le contenu doit contenir au moins une \question{...}.
content/exercises/exo7/1-L1/p2a2.tex,1,1,missing-question,Le contenu doit contenir au moins une \question{...}.
content/exercises/exo7/1-L1/p4NQ.tex,1,1,missing-question,Le contenu doit contenir au moins une \question{...}.
content/exercises/exo7/1-L1/p6MT.tex,1,1,missing-question,Le contenu doit contenir au moins une \question{...}.
content/exercises/exo7/1-L1/p8qU.tex,1,1,missing-question,Le contenu doit contenir au moins une \question{...}.
content/exercises/exo7/1-L1/p8r0.tex,1,1,missing-question,Le contenu doit contenir au moins une \question{...}.
content/exercises/exo7/1-L1/pAZE.tex,1,1,missing-question,Le contenu doit contenir au moins une \question{...}.
content/exercises/exo7/1-L1/pHkt.tex,1,1,missing-question,Le contenu doit contenir au moins une \question{...}.
content/exercises/exo7/1-L1/pLGG.tex,1,1,missing-question,Le contenu doit contenir au moins une \question{...}.
content/exercises/exo7/1-L1/pebI.tex,1,1,missing-question,Le contenu doit contenir au moins une \question{...}.
content/exercises/exo7/1-L1/pfEc.tex,1,1,missing-question,Le contenu doit contenir au moins une \question{...}.
content/exercises/exo7/1-L1/pmfY.tex,1,1,missing-question,Le contenu doit contenir au moins une \question{...}.
content/exercises/exo7/1-L1/pnMd.tex,1,1,missing-question,Le contenu doit contenir au moins une \question{...}.
content/exercises/exo7/1-L1/ppu7.tex,1,1,missing-question,Le contenu doit contenir au moins une \question{...}.
content/exercises/exo7/1-L1/pqvz.tex,1,1,missing-question,Le contenu doit contenir au moins une \question{...}.
content/exercises/exo7/1-L1/pr98.tex,1,1,missing-question,Le contenu doit contenir au moins une \question{...}.
content/exercises/exo7/1-L1/prHr.tex,1,1,missing-question,Le contenu doit contenir au moins une \question{...}.
content/exercises/exo7/1-L1/prVD.tex,1,1,missing-question,Le contenu doit contenir au moins une \question{...}.
content/exercises/exo7/1-L1/pvVs.tex,1,1,missing-question,Le contenu doit contenir au moins une \question{...}.
content/exercises/exo7/1-L1/pyqB.tex,1,1,missing-question,Le contenu doit contenir au moins une \question{...}.
content/exercises/exo7/1-L1/q3UC.tex,1,1,missing-question,Le contenu doit contenir au moins une \question{...}.
content/exercises/exo7/1-L1/q7CJ.tex,1,1,missing-question,Le contenu doit contenir au moins une \question{...}.
content/exercises/exo7/1-L1/q7kH.tex,1,1,missing-question,Le contenu doit contenir au moins une \question{...}.
content/exercises/exo7/1-L1/qKO8.tex,1,1,missing-question,Le contenu doit contenir au moins une \question{...}.
content/exercises/exo7/1-L1/qZIp.tex,1,1,missing-question,Le contenu doit contenir au moins une \question{...}.
content/exercises/exo7/1-L1/qiEV.tex,1,1,missing-question,Le contenu doit contenir au moins une \question{...}.
content/exercises/exo7/1-L1/qlHT.tex,1,1,missing-question,Le contenu doit contenir au moins une \question{...}.
content/exercises/exo7/1-L1/qlrD.tex,1,1,missing-question,Le contenu doit contenir au moins une \question{...}.
content/exercises/exo7/1-L1/qoag.tex,1,1,missing-question,Le contenu doit contenir au moins une \question{...}.
content/exercises/exo7/1-L1/qxL9.tex,1,1,missing-question,Le contenu doit contenir au moins une \question{...}.
content/exercises/exo7/1-L1/r2IH.tex,15,1,malformed-command,La commande \contenu{...} n'est pas fermée correctement.
content/exercises/exo7/1-L1/r8mL.tex,1,1,missing-question,Le contenu doit contenir au moins une \question{...}.
content/exercises/exo7/1-L1/r9MJ.tex,1,1,missing-question,Le contenu doit contenir au moins une \question{...}.
content/exercises/exo7/1-L1/rPnY.tex,1,1,missing-question,Le contenu doit contenir au moins une \question{...}.
content/exercises/exo7/1-L1/rQ1z.tex,1,1,missing-question,Le contenu doit contenir au moins une \question{...}.
content/exercises/exo7/1-L1/rQk9.tex,1,1,missing-question,Le contenu doit contenir au moins une \question{...}.
content/exercises/exo7/1-L1/rVLs.tex,1,1,missing-question,Le contenu doit contenir au moins une \question{...}.
content/exercises/exo7/1-L1/rWEK.tex,1,1,missing-question,Le contenu doit contenir au moins une \question{...}.
content/exercises/exo7/1-L1/rWWW.tex,1,1,missing-question,Le contenu doit contenir au moins une \question{...}.
content/exercises/exo7/1-L1/reLh.tex,1,1,missing-question,Le contenu doit contenir au moins une \question{...}.
content/exercises/exo7/1-L1/rkR4.tex,1,1,missing-question,Le contenu doit contenir au moins une \question{...}.
content/exercises/exo7/1-L1/rlBg.tex,1,1,missing-question,Le contenu doit contenir au moins une \question{...}.
content/exercises/exo7/1-L1/roGH.tex,1,1,missing-question,Le contenu doit contenir au moins une \question{...}.
content/exercises/exo7/1-L1/roUr.tex,1,1,missing-question,Le contenu doit contenir au moins une \question{...}.
content/exercises/exo7/1-L1/rpEa.tex,1,1,missing-question,Le contenu doit contenir au moins une \question{...}.
content/exercises/exo7/1-L1/rtbW.tex,1,1,missing-question,Le contenu doit contenir au moins une \question{...}.
content/exercises/exo7/1-L1/rvdv.tex,1,1,missing-question,Le contenu doit contenir au moins une \question{...}.
content/exercises/exo7/1-L1/rx4g.tex,1,1,missing-question,Le contenu doit contenir au moins une \question{...}.
content/exercises/exo7/1-L1/ryqe.tex,1,1,missing-question,Le contenu doit contenir au moins une \question{...}.
content/exercises/exo7/1-L1/s3ot.tex,1,1,missing-question,Le contenu doit contenir au moins une \question{...}.
content/exercises/exo7/1-L1/sDk8.tex,1,1,missing-question,Le contenu doit contenir au moins une \question{...}.
content/exercises/exo7/1-L1/sIHq.tex,1,1,missing-question,Le contenu doit contenir au moins une \question{...}.
content/exercises/exo7/1-L1/sL68.tex,1,1,missing-question,Le contenu doit contenir au moins une \question{...}.
content/exercises/exo7/1-L1/sPWC.tex,1,1,missing-question,Le contenu doit contenir au moins une \question{...}.
content/exercises/exo7/1-L1/sPuN.tex,1,1,missing-question,Le contenu doit contenir au moins une \question{...}.
content/exercises/exo7/1-L1/sQpu.tex,1,1,missing-question,Le contenu doit contenir au moins une \question{...}.
content/exercises/exo7/1-L1/sSR8.tex,1,1,missing-question,Le contenu doit contenir au moins une \question{...}.
content/exercises/exo7/1-L1/sdsL.tex,1,1,missing-question,Le contenu doit contenir au moins une \question{...}.
content/exercises/exo7/1-L1/sqKX.tex,1,1,missing-question,Le contenu doit contenir au moins une \question{...}.
content/exercises/exo7/1-L1/srFD.tex,1,1,missing-question,Le contenu doit contenir au moins une \question{...}.
content/exercises/exo7/1-L1/svhu.tex,1,1,missing-question,Le contenu doit contenir au moins une \question{...}.
content/exercises/exo7/1-L1/t0Mi.tex,1,1,missing-question,Le contenu doit contenir au moins une \question{...}.
content/exercises/exo7/1-L1/t5TT.tex,1,1,missing-question,Le contenu doit contenir au moins une \question{...}.
content/exercises/exo7/1-L1/tFK9.tex,1,1,missing-question,Le contenu doit contenir au moins une \question{...}.
content/exercises/exo7/1-L1/tIqC.tex,1,1,missing-question,Le contenu doit contenir au moins une \question{...}.
content/exercises/exo7/1-L1/tMZy.tex,1,1,missing-question,Le contenu doit contenir au moins une \question{...}.
content/exercises/exo7/1-L1/tVvJ.tex,1,1,missing-question,Le contenu doit contenir au moins une \question{...}.
content/exercises/exo7/1-L1/tmqV.tex,1,1,missing-question,Le contenu doit contenir au moins une \question{...}.
content/exercises/exo7/1-L1/tqAb.tex,1,1,missing-question,Le contenu doit contenir au moins une \question{...}.
content/exercises/exo7/1-L1/trjv.tex,1,1,missing-question,Le contenu doit contenir au moins une \question{...}.
content/exercises/exo7/1-L1/tuNk.tex,1,1,missing-question,Le contenu doit contenir au moins une \question{...}.
content/exercises/exo7/1-L1/tzkl.tex,1,1,missing-question,Le contenu doit contenir au moins une \question{...}.
content/exercises/exo7/1-L1/u306.tex,1,1,missing-question,Le contenu doit contenir au moins une \question{...}.
content/exercises/exo7/1-L1/u8Bb.tex,1,1,missing-question,Le contenu doit contenir au moins une \question{...}.
content/exercises/exo7/1-L1/u8nl.tex,1,1,missing-question,Le contenu doit contenir au moins une \question{...}.
content/exercises/exo7/1-L1/uCBZ.tex,1,1,missing-question,Le contenu doit contenir au moins une \question{...}.
content/exercises/exo7/1-L1/uQv6.tex,1,1,missing-question,Le contenu doit contenir au moins une \question{...}.
content/exercises/exo7/1-L1/uV34.tex,1,1,missing-question,Le contenu doit contenir au moins une \question{...}.
content/exercises/exo7/1-L1/uW7v.tex,1,1,missing-question,Le contenu doit contenir au moins une \question{...}.
content/exercises/exo7/1-L1/uX9w.tex,1,1,missing-question,Le contenu doit contenir au moins une \question{...}.
content/exercises/exo7/1-L1/ua2m.tex,1,1,missing-question,Le contenu doit contenir au moins une \question{...}.
content/exercises/exo7/1-L1/udmT.tex,1,1,missing-question,Le contenu doit contenir au moins une \question{...}.
content/exercises/exo7/1-L1/ufbo.tex,1,1,missing-question,Le contenu doit contenir au moins une \question{...}.
content/exercises/exo7/1-L1/ugPi.tex,1,1,missing-question,Le contenu doit contenir au moins une \question{...}.
content/exercises/exo7/1-L1/uun0.tex,1,1,missing-question,Le contenu doit contenir au moins une \question{...}.
content/exercises/exo7/1-L1/v12I.tex,1,1,missing-question,Le contenu doit contenir au moins une \question{...}.
content/exercises/exo7/1-L1/v20r.tex,1,1,missing-question,Le contenu doit contenir au moins une \question{...}.
content/exercises/exo7/1-L1/v3rV.tex,1,1,missing-question,Le contenu doit contenir au moins une \question{...}.
content/exercises/exo7/1-L1/v530.tex,1,1,missing-question,Le contenu doit contenir au moins une \question{...}.
content/exercises/exo7/1-L1/v7rR.tex,1,1,missing-question,Le contenu doit contenir au moins une \question{...}.
content/exercises/exo7/1-L1/v96z.tex,1,1,missing-question,Le contenu doit contenir au moins une \question{...}.
content/exercises/exo7/1-L1/vAIA.tex,1,1,missing-question,Le contenu doit contenir au moins une \question{...}.
content/exercises/exo7/1-L1/vCPG.tex,1,1,missing-question,Le contenu doit contenir au moins une \question{...}.
content/exercises/exo7/1-L1/vKLu.tex,1,1,missing-question,Le contenu doit contenir au moins une \question{...}.
content/exercises/exo7/1-L1/vMDD.tex,1,1,missing-question,Le contenu doit contenir au moins une \question{...}.
content/exercises/exo7/1-L1/vOwK.tex,1,1,missing-question,Le contenu doit contenir au moins une \question{...}.
content/exercises/exo7/1-L1/vVwD.tex,1,1,missing-question,Le contenu doit contenir au moins une \question{...}.
content/exercises/exo7/1-L1/vXpJ.tex,1,1,missing-question,Le contenu doit contenir au moins une \question{...}.
content/exercises/exo7/1-L1/vY1D.tex,1,1,missing-question,Le contenu doit contenir au moins une \question{...}.
content/exercises/exo7/1-L1/va1U.tex,1,1,missing-question,Le contenu doit contenir au moins une \question{...}.
content/exercises/exo7/1-L1/vg20.tex,1,1,missing-question,Le contenu doit contenir au moins une \question{...}.
content/exercises/exo7/1-L1/viAI.tex,1,1,missing-question,Le contenu doit contenir au moins une \question{...}.
content/exercises/exo7/1-L1/vkNh.tex,1,1,missing-question,Le contenu doit contenir au moins une \question{...}.
content/exercises/exo7/1-L1/vpf7.tex,1,1,missing-question,Le contenu doit contenir au moins une \question{...}.
content/exercises/exo7/1-L1/w8E4.tex,1,1,missing-question,Le contenu doit contenir au moins une \question{...}.
content/exercises/exo7/1-L1/wEsQ.tex,1,1,missing-question,Le contenu doit contenir au moins une \question{...}.
content/exercises/exo7/1-L1/wFUP.tex,1,1,missing-question,Le contenu doit contenir au moins une \question{...}.
content/exercises/exo7/1-L1/wKtw.tex,1,1,missing-question,Le contenu doit contenir au moins une \question{...}.
content/exercises/exo7/1-L1/wO0U.tex,1,1,missing-question,Le contenu doit contenir au moins une \question{...}.
content/exercises/exo7/1-L1/wQPr.tex,1,1,missing-question,Le contenu doit contenir au moins une \question{...}.
content/exercises/exo7/1-L1/wXFc.tex,1,1,missing-question,Le contenu doit contenir au moins une \question{...}.
content/exercises/exo7/1-L1/wbmQ.tex,1,1,missing-question,Le contenu doit contenir au moins une \question{...}.
content/exercises/exo7/1-L1/wk1K.tex,1,1,missing-question,Le contenu doit contenir au moins une \question{...}.
content/exercises/exo7/1-L1/wmEJ.tex,1,1,missing-question,Le contenu doit contenir au moins une \question{...}.
content/exercises/exo7/1-L1/wmiV.tex,1,1,missing-question,Le contenu doit contenir au moins une \question{...}.
content/exercises/exo7/1-L1/wnRk.tex,1,1,missing-question,Le contenu doit contenir au moins une \question{...}.
content/exercises/exo7/1-L1/woFl.tex,1,1,missing-question,Le contenu doit contenir au moins une \question{...}.
content/exercises/exo7/1-L1/wrhg.tex,1,1,missing-question,Le contenu doit contenir au moins une \question{...}.
content/exercises/exo7/1-L1/wv4u.tex,1,1,missing-question,Le contenu doit contenir au moins une \question{...}.
content/exercises/exo7/1-L1/wxir.tex,1,1,missing-question,Le contenu doit contenir au moins une \question{...}.
content/exercises/exo7/1-L1/wxy4.tex,1,1,missing-question,Le contenu doit contenir au moins une \question{...}.
content/exercises/exo7/1-L1/wya7.tex,1,1,missing-question,Le contenu doit contenir au moins une \question{...}.
content/exercises/exo7/1-L1/x1Ce.tex,1,1,missing-question,Le contenu doit contenir au moins une \question{...}.
content/exercises/exo7/1-L1/x2o6.tex,1,1,missing-question,Le contenu doit contenir au moins une \question{...}.
content/exercises/exo7/1-L1/xGki.tex,1,1,missing-question,Le contenu doit contenir au moins une \question{...}.
content/exercises/exo7/1-L1/xMMF.tex,1,1,missing-question,Le contenu doit contenir au moins une \question{...}.
content/exercises/exo7/1-L1/xO1E.tex,1,1,missing-question,Le contenu doit contenir au moins une \question{...}.
content/exercises/exo7/1-L1/xSwR.tex,1,1,missing-question,Le contenu doit contenir au moins une \question{...}.
content/exercises/exo7/1-L1/xUGu.tex,1,1,missing-question,Le contenu doit contenir au moins une \question{...}.
content/exercises/exo7/1-L1/xYAo.tex,1,1,missing-question,Le contenu doit contenir au moins une \question{...}.
content/exercises/exo7/1-L1/xZ7L.tex,1,1,missing-question,Le contenu doit contenir au moins une \question{...}.
content/exercises/exo7/1-L1/xZVC.tex,1,1,missing-question,Le contenu doit contenir au moins une \question{...}.
content/exercises/exo7/1-L1/xhXq.tex,1,1,missing-question,Le contenu doit contenir au moins une \question{...}.
content/exercises/exo7/1-L1/xmZv.tex,1,1,missing-question,Le contenu doit contenir au moins une \question{...}.
content/exercises/exo7/1-L1/xrqm.tex,1,1,missing-question,Le contenu doit contenir au moins une \question{...}.
content/exercises/exo7/1-L1/xyeb.tex,1,1,missing-question,Le contenu doit contenir au moins une \question{...}.
content/exercises/exo7/1-L1/y0PM.tex,1,1,missing-question,Le contenu doit contenir au moins une \question{...}.
content/exercises/exo7/1-L1/y7Yi.tex,1,1,missing-question,Le contenu doit contenir au moins une \question{...}.
content/exercises/exo7/1-L1/y7hU.tex,1,1,missing-question,Le contenu doit contenir au moins une \question{...}.
content/exercises/exo7/1-L1/y8P7.tex,1,1,missing-question,Le contenu doit contenir au moins une \question{...}.
content/exercises/exo7/1-L1/yAq4.tex,1,1,missing-question,Le contenu doit contenir au moins une \question{...}.
content/exercises/exo7/1-L1/yENV.tex,1,1,missing-question,Le contenu doit contenir au moins une \question{...}.
content/exercises/exo7/1-L1/ySZJ.tex,1,1,missing-question,Le contenu doit contenir au moins une \question{...}.
content/exercises/exo7/1-L1/yXkg.tex,1,1,missing-question,Le contenu doit contenir au moins une \question{...}.
content/exercises/exo7/1-L1/yYrt.tex,1,1,missing-question,Le contenu doit contenir au moins une \question{...}.
content/exercises/exo7/1-L1/yaKq.tex,1,1,missing-question,Le contenu doit contenir au moins une \question{...}.
content/exercises/exo7/1-L1/ymri.tex,1,1,missing-question,Le contenu doit contenir au moins une \question{...}.
content/exercises/exo7/1-L1/yzMb.tex,1,1,missing-question,Le contenu doit contenir au moins une \question{...}.
content/exercises/exo7/1-L1/z8B0.tex,1,1,missing-question,Le contenu doit contenir au moins une \question{...}.
content/exercises/exo7/1-L1/z9to.tex,1,1,missing-question,Le contenu doit contenir au moins une \question{...}.
content/exercises/exo7/1-L1/zEBh.tex,1,1,missing-question,Le contenu doit contenir au moins une \question{...}.
content/exercises/exo7/1-L1/zU4L.tex,1,1,missing-question,Le contenu doit contenir au moins une \question{...}.
content/exercises/exo7/1-L1/zcLc.tex,1,1,missing-question,Le contenu doit contenir au moins une \question{...}.
content/exercises/exo7/1-L1/zeya.tex,1,1,missing-question,Le contenu doit contenir au moins une \question{...}.
content/exercises/exo7/1-L1/zjJZ.tex,1,1,missing-question,Le contenu doit contenir au moins une \question{...}.
content/exercises/exo7/1-L1/zmgu.tex,1,1,missing-question,Le contenu doit contenir au moins une \question{...}.
content/exercises/exo7/1-L1/zwYy.tex,1,1,missing-question,Le contenu doit contenir au moins une \question{...}.
content/exercises/exo7/1-L1/zxf5.tex,1,1,missing-question,Le contenu doit contenir au moins une \question{...}.
content/exercises/exo7/10-L3/0Fxm.tex,1,1,missing-question,Le contenu doit contenir au moins une \question{...}.
content/exercises/exo7/10-L3/0HIA.tex,1,1,missing-question,Le contenu doit contenir au moins une \question{...}.
content/exercises/exo7/10-L3/0LTG.tex,1,1,missing-question,Le contenu doit contenir au moins une \question{...}.
content/exercises/exo7/10-L3/0oW8.tex,1,1,missing-question,Le contenu doit contenir au moins une \question{...}.
content/exercises/exo7/10-L3/12ab.tex,1,1,missing-question,Le contenu doit contenir au moins une \question{...}.
content/exercises/exo7/10-L3/152e.tex,1,1,missing-question,Le contenu doit contenir au moins une \question{...}.
content/exercises/exo7/10-L3/1N5H.tex,1,1,missing-question,Le contenu doit contenir au moins une \question{...}.
content/exercises/exo7/10-L3/2BGg.tex,1,1,missing-question,Le contenu doit contenir au moins une \question{...}.
content/exercises/exo7/10-L3/3AiT.tex,1,1,missing-question,Le contenu doit contenir au moins une \question{...}.
content/exercises/exo7/10-L3/3PvM.tex,1,1,missing-question,Le contenu doit contenir au moins une \question{...}.
content/exercises/exo7/10-L3/3pPc.tex,1,1,missing-question,Le contenu doit contenir au moins une \question{...}.
content/exercises/exo7/10-L3/4Ulm.tex,1,1,missing-question,Le contenu doit contenir au moins une \question{...}.
content/exercises/exo7/10-L3/4XuP.tex,1,1,missing-question,Le contenu doit contenir au moins une \question{...}.
content/exercises/exo7/10-L3/4knS.tex,1,1,missing-question,Le contenu doit contenir au moins une \question{...}.
content/exercises/exo7/10-L3/4vcp.tex,1,1,missing-question,Le contenu doit contenir au moins une \question{...}.
content/exercises/exo7/10-L3/51ah.tex,1,1,missing-question,Le contenu doit contenir au moins une \question{...}.
content/exercises/exo7/10-L3/59hi.tex,1,1,missing-question,Le contenu doit contenir au moins une \question{...}.
content/exercises/exo7/10-L3/5EMK.tex,1,1,missing-question,Le contenu doit contenir au moins une \question{...}.
content/exercises/exo7/10-L3/5Emq.tex,1,1,missing-question,Le contenu doit contenir au moins une \question{...}.
content/exercises/exo7/10-L3/5OY1.tex,1,1,missing-question,Le contenu doit contenir au moins une \question{...}.
content/exercises/exo7/10-L3/6YuL.tex,1,1,missing-question,Le contenu doit contenir au moins une \question{...}.
content/exercises/exo7/10-L3/75Lb.tex,1,1,missing-question,Le contenu doit contenir au moins une \question{...}.
content/exercises/exo7/10-L3/7FiX.tex,1,1,missing-question,Le contenu doit contenir au moins une \question{...}.
content/exercises/exo7/10-L3/8rAm.tex,1,1,missing-question,Le contenu doit contenir au moins une \question{...}.
content/exercises/exo7/10-L3/ANlk.tex,1,1,missing-question,Le contenu doit contenir au moins une \question{...}.
content/exercises/exo7/10-L3/BVvb.tex,1,1,missing-question,Le contenu doit contenir au moins une \question{...}.
content/exercises/exo7/10-L3/BymN.tex,1,1,missing-question,Le contenu doit contenir au moins une \question{...}.
content/exercises/exo7/10-L3/C6zI.tex,1,1,missing-question,Le contenu doit contenir au moins une \question{...}.
content/exercises/exo7/10-L3/CMzy.tex,1,1,missing-question,Le contenu doit contenir au moins une \question{...}.
content/exercises/exo7/10-L3/CNUr.tex,1,1,missing-question,Le contenu doit contenir au moins une \question{...}.
content/exercises/exo7/10-L3/DvdI.tex,1,1,missing-question,Le contenu doit contenir au moins une \question{...}.
content/exercises/exo7/10-L3/Egrd.tex,1,1,missing-question,Le contenu doit contenir au moins une \question{...}.
content/exercises/exo7/10-L3/FUh4.tex,1,1,missing-question,Le contenu doit contenir au moins une \question{...}.
content/exercises/exo7/10-L3/Fstr.tex,1,1,missing-question,Le contenu doit contenir au moins une \question{...}.
content/exercises/exo7/10-L3/G5GZ.tex,1,1,missing-question,Le contenu doit contenir au moins une \question{...}.
content/exercises/exo7/10-L3/GGba.tex,1,1,missing-question,Le contenu doit contenir au moins une \question{...}.
content/exercises/exo7/10-L3/GXGN.tex,1,1,missing-question,Le contenu doit contenir au moins une \question{...}.
content/exercises/exo7/10-L3/Gd4z.tex,1,1,missing-question,Le contenu doit contenir au moins une \question{...}.
content/exercises/exo7/10-L3/GiGG.tex,1,1,missing-question,Le contenu doit contenir au moins une \question{...}.
content/exercises/exo7/10-L3/Gmka.tex,1,1,missing-question,Le contenu doit contenir au moins une \question{...}.
content/exercises/exo7/10-L3/Gq94.tex,1,1,missing-question,Le contenu doit contenir au moins une \question{...}.
content/exercises/exo7/10-L3/HSMH.tex,1,1,missing-question,Le contenu doit contenir au moins une \question{...}.
content/exercises/exo7/10-L3/HWQn.tex,1,1,missing-question,Le contenu doit contenir au moins une \question{...}.
content/exercises/exo7/10-L3/HqnA.tex,1,1,missing-question,Le contenu doit contenir au moins une \question{...}.
content/exercises/exo7/10-L3/HvFk.tex,1,1,missing-question,Le contenu doit contenir au moins une \question{...}.
content/exercises/exo7/10-L3/HzOU.tex,1,1,missing-question,Le contenu doit contenir au moins une \question{...}.
content/exercises/exo7/10-L3/Ij69.tex,1,1,missing-question,Le contenu doit contenir au moins une \question{...}.
content/exercises/exo7/10-L3/J6hj.tex,1,1,missing-question,Le contenu doit contenir au moins une \question{...}.
content/exercises/exo7/10-L3/Jge6.tex,1,1,missing-question,Le contenu doit contenir au moins une \question{...}.
content/exercises/exo7/10-L3/KMzu.tex,1,1,missing-question,Le contenu doit contenir au moins une \question{...}.
content/exercises/exo7/10-L3/LwBP.tex,1,1,missing-question,Le contenu doit contenir au moins une \question{...}.
content/exercises/exo7/10-L3/MPL7.tex,1,1,missing-question,Le contenu doit contenir au moins une \question{...}.
content/exercises/exo7/10-L3/Mn2I.tex,1,1,missing-question,Le contenu doit contenir au moins une \question{...}.
content/exercises/exo7/10-L3/NJxb.tex,1,1,missing-question,Le contenu doit contenir au moins une \question{...}.
content/exercises/exo7/10-L3/OmyB.tex,1,1,missing-question,Le contenu doit contenir au moins une \question{...}.
content/exercises/exo7/10-L3/Oxp7.tex,1,1,missing-question,Le contenu doit contenir au moins une \question{...}.
content/exercises/exo7/10-L3/P5oB.tex,1,1,missing-question,Le contenu doit contenir au moins une \question{...}.
content/exercises/exo7/10-L3/QJNh.tex,1,1,missing-question,Le contenu doit contenir au moins une \question{...}.
content/exercises/exo7/10-L3/QYP7.tex,1,1,missing-question,Le contenu doit contenir au moins une \question{...}.
content/exercises/exo7/10-L3/Qbqr.tex,1,1,missing-question,Le contenu doit contenir au moins une \question{...}.
content/exercises/exo7/10-L3/RzX8.tex,1,1,missing-question,Le contenu doit contenir au moins une \question{...}.
content/exercises/exo7/10-L3/S2QD.tex,1,1,missing-question,Le contenu doit contenir au moins une \question{...}.
content/exercises/exo7/10-L3/SGdE.tex,1,1,missing-question,Le contenu doit contenir au moins une \question{...}.
content/exercises/exo7/10-L3/SHvS.tex,1,1,missing-question,Le contenu doit contenir au moins une \question{...}.
content/exercises/exo7/10-L3/TSRw.tex,1,1,missing-question,Le contenu doit contenir au moins une \question{...}.
content/exercises/exo7/10-L3/Tys2.tex,1,1,missing-question,Le contenu doit contenir au moins une \question{...}.
content/exercises/exo7/10-L3/UBY2.tex,1,1,missing-question,Le contenu doit contenir au moins une \question{...}.
content/exercises/exo7/10-L3/VIXb.tex,1,1,missing-question,Le contenu doit contenir au moins une \question{...}.
content/exercises/exo7/10-L3/VO4G.tex,1,1,missing-question,Le contenu doit contenir au moins une \question{...}.
content/exercises/exo7/10-L3/Vgqx.tex,1,1,missing-question,Le contenu doit contenir au moins une \question{...}.
content/exercises/exo7/10-L3/W6xF.tex,1,1,missing-question,Le contenu doit contenir au moins une \question{...}.
content/exercises/exo7/10-L3/WEqt.tex,1,1,missing-question,Le contenu doit contenir au moins une \question{...}.
content/exercises/exo7/10-L3/WOXq.tex,1,1,missing-question,Le contenu doit contenir au moins une \question{...}.
content/exercises/exo7/10-L3/Wd1H.tex,1,1,missing-question,Le contenu doit contenir au moins une \question{...}.
content/exercises/exo7/10-L3/X5Me.tex,1,1,missing-question,Le contenu doit contenir au moins une \question{...}.
content/exercises/exo7/10-L3/X5so.tex,1,1,missing-question,Le contenu doit contenir au moins une \question{...}.
content/exercises/exo7/10-L3/XD2w.tex,1,1,missing-question,Le contenu doit contenir au moins une \question{...}.
content/exercises/exo7/10-L3/XOq6.tex,1,1,missing-question,Le contenu doit contenir au moins une \question{...}.
content/exercises/exo7/10-L3/Xy9i.tex,1,1,missing-question,Le contenu doit contenir au moins une \question{...}.
content/exercises/exo7/10-L3/ZHrD.tex,1,1,missing-question,Le contenu doit contenir au moins une \question{...}.
content/exercises/exo7/10-L3/ZPbs.tex,1,1,missing-question,Le contenu doit contenir au moins une \question{...}.
content/exercises/exo7/10-L3/aA8g.tex,1,1,missing-question,Le contenu doit contenir au moins une \question{...}.
content/exercises/exo7/10-L3/avVb.tex,1,1,missing-question,Le contenu doit contenir au moins une \question{...}.
content/exercises/exo7/10-L3/aylB.tex,1,1,missing-question,Le contenu doit contenir au moins une \question{...}.
content/exercises/exo7/10-L3/bNge.tex,1,1,missing-question,Le contenu doit contenir au moins une \question{...}.
content/exercises/exo7/10-L3/cMpR.tex,1,1,missing-question,Le contenu doit contenir au moins une \question{...}.
content/exercises/exo7/10-L3/d8BX.tex,1,1,missing-question,Le contenu doit contenir au moins une \question{...}.
content/exercises/exo7/10-L3/dddt.tex,1,1,missing-question,Le contenu doit contenir au moins une \question{...}.
content/exercises/exo7/10-L3/eSaC.tex,1,1,missing-question,Le contenu doit contenir au moins une \question{...}.
content/exercises/exo7/10-L3/eVaz.tex,1,1,missing-question,Le contenu doit contenir au moins une \question{...}.
content/exercises/exo7/10-L3/frxt.tex,1,1,missing-question,Le contenu doit contenir au moins une \question{...}.
content/exercises/exo7/10-L3/h2lp.tex,1,1,missing-question,Le contenu doit contenir au moins une \question{...}.
content/exercises/exo7/10-L3/hXDA.tex,1,1,missing-question,Le contenu doit contenir au moins une \question{...}.
content/exercises/exo7/10-L3/iH85.tex,1,1,missing-question,Le contenu doit contenir au moins une \question{...}.
content/exercises/exo7/10-L3/iRhF.tex,1,1,missing-question,Le contenu doit contenir au moins une \question{...}.
content/exercises/exo7/10-L3/icBG.tex,1,1,missing-question,Le contenu doit contenir au moins une \question{...}.
content/exercises/exo7/10-L3/ihNU.tex,1,1,missing-question,Le contenu doit contenir au moins une \question{...}.
content/exercises/exo7/10-L3/ilek.tex,1,1,missing-question,Le contenu doit contenir au moins une \question{...}.
content/exercises/exo7/10-L3/j1XE.tex,1,1,missing-question,Le contenu doit contenir au moins une \question{...}.
content/exercises/exo7/10-L3/jk0G.tex,1,1,missing-question,Le contenu doit contenir au moins une \question{...}.
content/exercises/exo7/10-L3/kHWW.tex,1,1,missing-question,Le contenu doit contenir au moins une \question{...}.
content/exercises/exo7/10-L3/kJNH.tex,1,1,missing-question,Le contenu doit contenir au moins une \question{...}.
content/exercises/exo7/10-L3/n3TX.tex,1,1,missing-question,Le contenu doit contenir au moins une \question{...}.
content/exercises/exo7/10-L3/nIKP.tex,1,1,missing-question,Le contenu doit contenir au moins une \question{...}.
content/exercises/exo7/10-L3/nwP4.tex,1,1,missing-question,Le contenu doit contenir au moins une \question{...}.
content/exercises/exo7/10-L3/o3TT.tex,1,1,missing-question,Le contenu doit contenir au moins une \question{...}.
content/exercises/exo7/10-L3/o6sS.tex,1,1,missing-question,Le contenu doit contenir au moins une \question{...}.
content/exercises/exo7/10-L3/oGBE.tex,1,1,missing-question,Le contenu doit contenir au moins une \question{...}.
content/exercises/exo7/10-L3/oV2p.tex,1,1,missing-question,Le contenu doit contenir au moins une \question{...}.
content/exercises/exo7/10-L3/oj9m.tex,1,1,missing-question,Le contenu doit contenir au moins une \question{...}.
content/exercises/exo7/10-L3/ooHo.tex,1,1,missing-question,Le contenu doit contenir au moins une \question{...}.
content/exercises/exo7/10-L3/p2C6.tex,1,1,missing-question,Le contenu doit contenir au moins une \question{...}.
content/exercises/exo7/10-L3/pBhn.tex,1,1,missing-question,Le contenu doit contenir au moins une \question{...}.
content/exercises/exo7/10-L3/pqnU.tex,1,1,missing-question,Le contenu doit contenir au moins une \question{...}.
content/exercises/exo7/10-L3/q9iR.tex,1,1,missing-question,Le contenu doit contenir au moins une \question{...}.
content/exercises/exo7/10-L3/qqqZ.tex,1,1,missing-question,Le contenu doit contenir au moins une \question{...}.
content/exercises/exo7/10-L3/qw2r.tex,1,1,missing-question,Le contenu doit contenir au moins une \question{...}.
content/exercises/exo7/10-L3/r3Ia.tex,1,1,missing-question,Le contenu doit contenir au moins une \question{...}.
content/exercises/exo7/10-L3/rGqA.tex,1,1,missing-question,Le contenu doit contenir au moins une \question{...}.
content/exercises/exo7/10-L3/rWDu.tex,1,1,missing-question,Le contenu doit contenir au moins une \question{...}.
content/exercises/exo7/10-L3/rdAv.tex,1,1,missing-question,Le contenu doit contenir au moins une \question{...}.
content/exercises/exo7/10-L3/ro9P.tex,1,1,missing-question,Le contenu doit contenir au moins une \question{...}.
content/exercises/exo7/10-L3/stTX.tex,1,1,missing-question,Le contenu doit contenir au moins une \question{...}.
content/exercises/exo7/10-L3/tM0t.tex,1,1,missing-question,Le contenu doit contenir au moins une \question{...}.
content/exercises/exo7/10-L3/u35R.tex,1,1,missing-question,Le contenu doit contenir au moins une \question{...}.
content/exercises/exo7/10-L3/uYu8.tex,1,1,missing-question,Le contenu doit contenir au moins une \question{...}.
content/exercises/exo7/10-L3/uift.tex,1,1,missing-question,Le contenu doit contenir au moins une \question{...}.
content/exercises/exo7/10-L3/vm7K.tex,1,1,missing-question,Le contenu doit contenir au moins une \question{...}.
content/exercises/exo7/10-L3/vqha.tex,1,1,missing-question,Le contenu doit contenir au moins une \question{...}.
content/exercises/exo7/10-L3/wCvC.tex,1,1,missing-question,Le contenu doit contenir au moins une \question{...}.
content/exercises/exo7/10-L3/wnV3.tex,1,1,missing-question,Le contenu doit contenir au moins une \question{...}.
content/exercises/exo7/10-L3/wynH.tex,1,1,missing-question,Le contenu doit contenir au moins une \question{...}.
content/exercises/exo7/10-L3/xh4w.tex,1,1,missing-question,Le contenu doit contenir au moins une \question{...}.
content/exercises/exo7/10-L3/y3Ux.tex,1,1,missing-question,Le contenu doit contenir au moins une \question{...}.
content/exercises/exo7/10-L3/yJVk.tex,1,1,missing-question,Le contenu doit contenir au moins une \question{...}.
content/exercises/exo7/10-L3/zXLh.tex,1,1,missing-question,Le contenu doit contenir au moins une \question{...}.
content/exercises/exo7/10-L3/zwtg.tex,1,1,missing-question,Le contenu doit contenir au moins une \question{...}.
content/exercises/exo7/11-L3/1eql.tex,1,1,missing-question,Le contenu doit contenir au moins une \question{...}.
content/exercises/exo7/11-L3/2ynq.tex,15,1,malformed-command,La commande \contenu{...} n'est pas fermée correctement.
content/exercises/exo7/11-L3/30nq.tex,1,1,missing-question,Le contenu doit contenir au moins une \question{...}.
content/exercises/exo7/11-L3/5GAP.tex,1,1,missing-question,Le contenu doit contenir au moins une \question{...}.
content/exercises/exo7/11-L3/5ZQI.tex,1,1,missing-question,Le contenu doit contenir au moins une \question{...}.
content/exercises/exo7/11-L3/7PNs.tex,1,1,missing-question,Le contenu doit contenir au moins une \question{...}.
content/exercises/exo7/11-L3/9BfR.tex,1,1,missing-question,Le contenu doit contenir au moins une \question{...}.
content/exercises/exo7/11-L3/C7D1.tex,1,1,missing-question,Le contenu doit contenir au moins une \question{...}.
content/exercises/exo7/11-L3/C8KC.tex,1,1,missing-question,Le contenu doit contenir au moins une \question{...}.
content/exercises/exo7/11-L3/Inq5.tex,1,1,missing-question,Le contenu doit contenir au moins une \question{...}.
content/exercises/exo7/11-L3/MlMS.tex,1,1,missing-question,Le contenu doit contenir au moins une \question{...}.
content/exercises/exo7/11-L3/PpRJ.tex,1,1,missing-question,Le contenu doit contenir au moins une \question{...}.
content/exercises/exo7/11-L3/TiQA.tex,1,1,missing-question,Le contenu doit contenir au moins une \question{...}.
content/exercises/exo7/11-L3/VJM8.tex,1,1,missing-question,Le contenu doit contenir au moins une \question{...}.
content/exercises/exo7/11-L3/WbNh.tex,1,1,missing-question,Le contenu doit contenir au moins une \question{...}.
content/exercises/exo7/11-L3/X2ls.tex,1,1,missing-question,Le contenu doit contenir au moins une \question{...}.
content/exercises/exo7/11-L3/ZxqW.tex,1,1,missing-question,Le contenu doit contenir au moins une \question{...}.
content/exercises/exo7/11-L3/b7YG.tex,1,1,missing-question,Le contenu doit contenir au moins une \question{...}.
content/exercises/exo7/11-L3/bfSJ.tex,1,1,missing-question,Le contenu doit contenir au moins une \question{...}.
content/exercises/exo7/11-L3/lwZu.tex,1,1,missing-question,Le contenu doit contenir au moins une \question{...}.
content/exercises/exo7/11-L3/nlfO.tex,1,1,missing-question,Le contenu doit contenir au moins une \question{...}.
content/exercises/exo7/11-L3/uhuG.tex,1,1,missing-question,Le contenu doit contenir au moins une \question{...}.
content/exercises/exo7/11-L3/wyOV.tex,1,1,missing-question,Le contenu doit contenir au moins une \question{...}.
content/exercises/exo7/11-L3/xh31.tex,1,1,missing-question,Le contenu doit contenir au moins une \question{...}.
content/exercises/exo7/12-L3/09gN.tex,1,1,missing-question,Le contenu doit contenir au moins une \question{...}.
content/exercises/exo7/12-L3/14kX.tex,1,1,missing-question,Le contenu doit contenir au moins une \question{...}.
content/exercises/exo7/12-L3/1A0w.tex,1,1,missing-question,Le contenu doit contenir au moins une \question{...}.
content/exercises/exo7/12-L3/1dUF.tex,1,1,missing-question,Le contenu doit contenir au moins une \question{...}.
content/exercises/exo7/12-L3/2T6O.tex,1,1,missing-question,Le contenu doit contenir au moins une \question{...}.
content/exercises/exo7/12-L3/2vfh.tex,1,1,missing-question,Le contenu doit contenir au moins une \question{...}.
content/exercises/exo7/12-L3/3dv4.tex,1,1,missing-question,Le contenu doit contenir au moins une \question{...}.
content/exercises/exo7/12-L3/5WE0.tex,1,1,missing-question,Le contenu doit contenir au moins une \question{...}.
content/exercises/exo7/12-L3/70TU.tex,1,1,missing-question,Le contenu doit contenir au moins une \question{...}.
content/exercises/exo7/12-L3/8Lzc.tex,1,1,missing-question,Le contenu doit contenir au moins une \question{...}.
content/exercises/exo7/12-L3/8typ.tex,1,1,missing-question,Le contenu doit contenir au moins une \question{...}.
content/exercises/exo7/12-L3/98GB.tex,1,1,missing-question,Le contenu doit contenir au moins une \question{...}.
content/exercises/exo7/12-L3/Bf5x.tex,1,1,missing-question,Le contenu doit contenir au moins une \question{...}.
content/exercises/exo7/12-L3/CDtM.tex,1,1,missing-question,Le contenu doit contenir au moins une \question{...}.
content/exercises/exo7/12-L3/CLP1.tex,1,1,missing-question,Le contenu doit contenir au moins une \question{...}.
content/exercises/exo7/12-L3/CkYT.tex,1,1,missing-question,Le contenu doit contenir au moins une \question{...}.
content/exercises/exo7/12-L3/E1Mw.tex,1,1,missing-question,Le contenu doit contenir au moins une \question{...}.
content/exercises/exo7/12-L3/GkV2.tex,1,1,missing-question,Le contenu doit contenir au moins une \question{...}.
content/exercises/exo7/12-L3/ICh4.tex,1,1,missing-question,Le contenu doit contenir au moins une \question{...}.
content/exercises/exo7/12-L3/IHoL.tex,1,1,missing-question,Le contenu doit contenir au moins une \question{...}.
content/exercises/exo7/12-L3/JkXC.tex,1,1,missing-question,Le contenu doit contenir au moins une \question{...}.
content/exercises/exo7/12-L3/JoiK.tex,1,1,missing-question,Le contenu doit contenir au moins une \question{...}.
content/exercises/exo7/12-L3/Jsjw.tex,1,1,missing-question,Le contenu doit contenir au moins une \question{...}.
content/exercises/exo7/12-L3/K5jc.tex,1,1,missing-question,Le contenu doit contenir au moins une \question{...}.
content/exercises/exo7/12-L3/KCoN.tex,1,1,missing-question,Le contenu doit contenir au moins une \question{...}.
content/exercises/exo7/12-L3/Kect.tex,1,1,missing-question,Le contenu doit contenir au moins une \question{...}.
content/exercises/exo7/12-L3/KkE7.tex,1,1,missing-question,Le contenu doit contenir au moins une \question{...}.
content/exercises/exo7/12-L3/LIQc.tex,1,1,missing-question,Le contenu doit contenir au moins une \question{...}.
content/exercises/exo7/12-L3/LpZm.tex,1,1,missing-question,Le contenu doit contenir au moins une \question{...}.
content/exercises/exo7/12-L3/LtzA.tex,1,1,missing-question,Le contenu doit contenir au moins une \question{...}.
content/exercises/exo7/12-L3/O2Xs.tex,1,1,missing-question,Le contenu doit contenir au moins une \question{...}.
content/exercises/exo7/12-L3/OVsz.tex,1,1,missing-question,Le contenu doit contenir au moins une \question{...}.
content/exercises/exo7/12-L3/RbXY.tex,1,1,missing-question,Le contenu doit contenir au moins une \question{...}.
content/exercises/exo7/12-L3/S52G.tex,1,1,missing-question,Le contenu doit contenir au moins une \question{...}.
content/exercises/exo7/12-L3/Shkr.tex,1,1,missing-question,Le contenu doit contenir au moins une \question{...}.
content/exercises/exo7/12-L3/TIe7.tex,1,1,missing-question,Le contenu doit contenir au moins une \question{...}.
content/exercises/exo7/12-L3/TidD.tex,1,1,missing-question,Le contenu doit contenir au moins une \question{...}.
content/exercises/exo7/12-L3/Ub0K.tex,1,1,missing-question,Le contenu doit contenir au moins une \question{...}.
content/exercises/exo7/12-L3/WBCr.tex,1,1,missing-question,Le contenu doit contenir au moins une \question{...}.
content/exercises/exo7/12-L3/XxX0.tex,1,1,missing-question,Le contenu doit contenir au moins une \question{...}.
content/exercises/exo7/12-L3/Yc3t.tex,1,1,missing-question,Le contenu doit contenir au moins une \question{...}.
content/exercises/exo7/12-L3/YdMM.tex,1,1,missing-question,Le contenu doit contenir au moins une \question{...}.
content/exercises/exo7/12-L3/ZAnC.tex,1,1,missing-question,Le contenu doit contenir au moins une \question{...}.
content/exercises/exo7/12-L3/a6Zg.tex,1,1,missing-question,Le contenu doit contenir au moins une \question{...}.
content/exercises/exo7/12-L3/a7nw.tex,1,1,missing-question,Le contenu doit contenir au moins une \question{...}.
content/exercises/exo7/12-L3/alG6.tex,1,1,missing-question,Le contenu doit contenir au moins une \question{...}.
content/exercises/exo7/12-L3/dOm9.tex,1,1,missing-question,Le contenu doit contenir au moins une \question{...}.
content/exercises/exo7/12-L3/deNJ.tex,1,1,missing-question,Le contenu doit contenir au moins une \question{...}.
content/exercises/exo7/12-L3/dheZ.tex,1,1,missing-question,Le contenu doit contenir au moins une \question{...}.
content/exercises/exo7/12-L3/fhj4.tex,1,1,missing-question,Le contenu doit contenir au moins une \question{...}.
content/exercises/exo7/12-L3/h9Gc.tex,1,1,missing-question,Le contenu doit contenir au moins une \question{...}.
content/exercises/exo7/12-L3/hTAU.tex,1,1,missing-question,Le contenu doit contenir au moins une \question{...}.
content/exercises/exo7/12-L3/hYs1.tex,1,1,missing-question,Le contenu doit contenir au moins une \question{...}.
content/exercises/exo7/12-L3/i2CT.tex,1,1,missing-question,Le contenu doit contenir au moins une \question{...}.
content/exercises/exo7/12-L3/iq4j.tex,1,1,missing-question,Le contenu doit contenir au moins une \question{...}.
content/exercises/exo7/12-L3/jCnx.tex,1,1,missing-question,Le contenu doit contenir au moins une \question{...}.
content/exercises/exo7/12-L3/jzWA.tex,1,1,missing-question,Le contenu doit contenir au moins une \question{...}.
content/exercises/exo7/12-L3/kb1d.tex,1,1,missing-question,Le contenu doit contenir au moins une \question{...}.
content/exercises/exo7/12-L3/kovW.tex,1,1,missing-question,Le contenu doit contenir au moins une \question{...}.
content/exercises/exo7/12-L3/migz.tex,1,1,missing-question,Le contenu doit contenir au moins une \question{...}.
content/exercises/exo7/12-L3/njSj.tex,1,1,missing-question,Le contenu doit contenir au moins une \question{...}.
content/exercises/exo7/12-L3/numD.tex,1,1,missing-question,Le contenu doit contenir au moins une \question{...}.
content/exercises/exo7/12-L3/oe6R.tex,1,1,missing-question,Le contenu doit contenir au moins une \question{...}.
content/exercises/exo7/12-L3/oeN5.tex,1,1,missing-question,Le contenu doit contenir au moins une \question{...}.
content/exercises/exo7/12-L3/okkl.tex,1,1,missing-question,Le contenu doit contenir au moins une \question{...}.
content/exercises/exo7/12-L3/ooGJ.tex,1,1,missing-question,Le contenu doit contenir au moins une \question{...}.
content/exercises/exo7/12-L3/sBqV.tex,1,1,missing-question,Le contenu doit contenir au moins une \question{...}.
content/exercises/exo7/12-L3/sZGa.tex,1,1,missing-question,Le contenu doit contenir au moins une \question{...}.
content/exercises/exo7/12-L3/t0jE.tex,1,1,missing-question,Le contenu doit contenir au moins une \question{...}.
content/exercises/exo7/12-L3/ufSI.tex,1,1,missing-question,Le contenu doit contenir au moins une \question{...}.
content/exercises/exo7/12-L3/wYb2.tex,1,1,missing-question,Le contenu doit contenir au moins une \question{...}.
content/exercises/exo7/12-L3/z6r2.tex,1,1,missing-question,Le contenu doit contenir au moins une \question{...}.
content/exercises/exo7/13-L3/0UFu.tex,1,1,missing-question,Le contenu doit contenir au moins une \question{...}.
content/exercises/exo7/13-L3/235E.tex,1,1,missing-question,Le contenu doit contenir au moins une \question{...}.
content/exercises/exo7/13-L3/5msH.tex,1,1,missing-question,Le contenu doit contenir au moins une \question{...}.
content/exercises/exo7/13-L3/6AQn.tex,1,1,missing-question,Le contenu doit contenir au moins une \question{...}.
content/exercises/exo7/13-L3/CYSC.tex,1,1,missing-question,Le contenu doit contenir au moins une \question{...}.
content/exercises/exo7/13-L3/DNt3.tex,1,1,missing-question,Le contenu doit contenir au moins une \question{...}.
content/exercises/exo7/13-L3/EuVK.tex,1,1,missing-question,Le contenu doit contenir au moins une \question{...}.
content/exercises/exo7/13-L3/KccK.tex,1,1,missing-question,Le contenu doit contenir au moins une \question{...}.
content/exercises/exo7/13-L3/KjwB.tex,1,1,missing-question,Le contenu doit contenir au moins une \question{...}.
content/exercises/exo7/13-L3/N0vI.tex,1,1,missing-question,Le contenu doit contenir au moins une \question{...}.
content/exercises/exo7/13-L3/Nt2U.tex,1,1,missing-question,Le contenu doit contenir au moins une \question{...}.
content/exercises/exo7/13-L3/OCRy.tex,1,1,missing-question,Le contenu doit contenir au moins une \question{...}.
content/exercises/exo7/13-L3/Q1oO.tex,1,1,missing-question,Le contenu doit contenir au moins une \question{...}.
content/exercises/exo7/13-L3/S8NR.tex,1,1,missing-question,Le contenu doit contenir au moins une \question{...}.
content/exercises/exo7/13-L3/SslJ.tex,21,1,single-item-enumerate,Un exercice avec une seule question ne doit pas contenir un environnement enumerate avec un seul \item.
content/exercises/exo7/13-L3/USRI.tex,1,1,missing-question,Le contenu doit contenir au moins une \question{...}.
content/exercises/exo7/13-L3/VETN.tex,1,1,missing-question,Le contenu doit contenir au moins une \question{...}.
content/exercises/exo7/13-L3/bm9U.tex,1,1,missing-question,Le contenu doit contenir au moins une \question{...}.
content/exercises/exo7/13-L3/ckKK.tex,1,1,missing-question,Le contenu doit contenir au moins une \question{...}.
content/exercises/exo7/13-L3/fjA6.tex,1,1,missing-question,Le contenu doit contenir au moins une \question{...}.
content/exercises/exo7/13-L3/iN7D.tex,1,1,missing-question,Le contenu doit contenir au moins une \question{...}.
content/exercises/exo7/13-L3/nK7l.tex,1,1,missing-question,Le contenu doit contenir au moins une \question{...}.
content/exercises/exo7/13-L3/ntPk.tex,1,1,missing-question,Le contenu doit contenir au moins une \question{...}.
content/exercises/exo7/13-L3/spfV.tex,1,1,missing-question,Le contenu doit contenir au moins une \question{...}.
content/exercises/exo7/13-L3/wYG7.tex,1,1,missing-question,Le contenu doit contenir au moins une \question{...}.
content/exercises/exo7/13-L3/xu6O.tex,1,1,missing-question,Le contenu doit contenir au moins une \question{...}.
content/exercises/exo7/13-L3/z66s.tex,1,1,missing-question,Le contenu doit contenir au moins une \question{...}.
content/exercises/exo7/13-L3/zsFC.tex,1,1,missing-question,Le contenu doit contenir au moins une \question{...}.
content/exercises/exo7/14-L3/08zF.tex,1,1,missing-question,Le contenu doit contenir au moins une \question{...}.
content/exercises/exo7/14-L3/1O8L.tex,1,1,missing-question,Le contenu doit contenir au moins une \question{...}.
content/exercises/exo7/14-L3/2DnG.tex,1,1,missing-question,Le contenu doit contenir au moins une \question{...}.
content/exercises/exo7/14-L3/3hpp.tex,1,1,missing-question,Le contenu doit contenir au moins une \question{...}.
content/exercises/exo7/14-L3/4c5g.tex,1,1,missing-question,Le contenu doit contenir au moins une \question{...}.
content/exercises/exo7/14-L3/5kiZ.tex,1,1,missing-question,Le contenu doit contenir au moins une \question{...}.
content/exercises/exo7/14-L3/JEso.tex,1,1,missing-question,Le contenu doit contenir au moins une \question{...}.
content/exercises/exo7/14-L3/KEvK.tex,1,1,missing-question,Le contenu doit contenir au moins une \question{...}.
content/exercises/exo7/14-L3/OAcf.tex,15,1,malformed-command,La commande \contenu{...} n'est pas fermée correctement.
content/exercises/exo7/14-L3/OcLM.tex,1,1,missing-question,Le contenu doit contenir au moins une \question{...}.
content/exercises/exo7/14-L3/R8dG.tex,1,1,missing-question,Le contenu doit contenir au moins une \question{...}.
content/exercises/exo7/14-L3/TrbD.tex,1,1,missing-question,Le contenu doit contenir au moins une \question{...}.
content/exercises/exo7/14-L3/UQ72.tex,1,1,missing-question,Le contenu doit contenir au moins une \question{...}.
content/exercises/exo7/14-L3/V3qf.tex,1,1,missing-question,Le contenu doit contenir au moins une \question{...}.
content/exercises/exo7/14-L3/WBV6.tex,1,1,missing-question,Le contenu doit contenir au moins une \question{...}.
content/exercises/exo7/14-L3/bcC9.tex,1,1,missing-question,Le contenu doit contenir au moins une \question{...}.
content/exercises/exo7/14-L3/c4eb.tex,1,1,missing-question,Le contenu doit contenir au moins une \question{...}.
content/exercises/exo7/14-L3/dOAU.tex,1,1,missing-question,Le contenu doit contenir au moins une \question{...}.
content/exercises/exo7/14-L3/dSlU.tex,1,1,missing-question,Le contenu doit contenir au moins une \question{...}.
content/exercises/exo7/14-L3/grsq.tex,1,1,missing-question,Le contenu doit contenir au moins une \question{...}.
content/exercises/exo7/14-L3/iY9a.tex,1,1,missing-question,Le contenu doit contenir au moins une \question{...}.
content/exercises/exo7/14-L3/l0kQ.tex,1,1,missing-question,Le contenu doit contenir au moins une \question{...}.
content/exercises/exo7/14-L3/lOx2.tex,1,1,missing-question,Le contenu doit contenir au moins une \question{...}.
content/exercises/exo7/14-L3/lhtz.tex,1,1,missing-question,Le contenu doit contenir au moins une \question{...}.
content/exercises/exo7/14-L3/rZv4.tex,1,1,missing-question,Le contenu doit contenir au moins une \question{...}.
content/exercises/exo7/14-L3/xNxI.tex,1,1,missing-question,Le contenu doit contenir au moins une \question{...}.
content/exercises/exo7/15-L3/02L2.tex,1,1,missing-question,Le contenu doit contenir au moins une \question{...}.
content/exercises/exo7/15-L3/0MAi.tex,1,1,missing-question,Le contenu doit contenir au moins une \question{...}.
content/exercises/exo7/15-L3/0eLS.tex,1,1,missing-question,Le contenu doit contenir au moins une \question{...}.
content/exercises/exo7/15-L3/0pCq.tex,1,1,missing-question,Le contenu doit contenir au moins une \question{...}.
content/exercises/exo7/15-L3/11sg.tex,1,1,missing-question,Le contenu doit contenir au moins une \question{...}.
content/exercises/exo7/15-L3/15aB.tex,1,1,missing-question,Le contenu doit contenir au moins une \question{...}.
content/exercises/exo7/15-L3/1Kvq.tex,1,1,missing-question,Le contenu doit contenir au moins une \question{...}.
content/exercises/exo7/15-L3/1h7L.tex,1,1,missing-question,Le contenu doit contenir au moins une \question{...}.
content/exercises/exo7/15-L3/27hf.tex,1,1,missing-question,Le contenu doit contenir au moins une \question{...}.
content/exercises/exo7/15-L3/2RHR.tex,1,1,missing-question,Le contenu doit contenir au moins une \question{...}.
content/exercises/exo7/15-L3/2f5K.tex,1,1,missing-question,Le contenu doit contenir au moins une \question{...}.
content/exercises/exo7/15-L3/3GrS.tex,1,1,missing-question,Le contenu doit contenir au moins une \question{...}.
content/exercises/exo7/15-L3/4Kue.tex,1,1,missing-question,Le contenu doit contenir au moins une \question{...}.
content/exercises/exo7/15-L3/4TNa.tex,1,1,missing-question,Le contenu doit contenir au moins une \question{...}.
content/exercises/exo7/15-L3/4ZhQ.tex,1,1,missing-question,Le contenu doit contenir au moins une \question{...}.
content/exercises/exo7/15-L3/50Wc.tex,1,1,missing-question,Le contenu doit contenir au moins une \question{...}.
content/exercises/exo7/15-L3/5IlS.tex,1,1,missing-question,Le contenu doit contenir au moins une \question{...}.
content/exercises/exo7/15-L3/5XJj.tex,1,1,missing-question,Le contenu doit contenir au moins une \question{...}.
content/exercises/exo7/15-L3/5dBt.tex,1,1,missing-question,Le contenu doit contenir au moins une \question{...}.
content/exercises/exo7/15-L3/5k3R.tex,1,1,missing-question,Le contenu doit contenir au moins une \question{...}.
content/exercises/exo7/15-L3/64je.tex,1,1,missing-question,Le contenu doit contenir au moins une \question{...}.
content/exercises/exo7/15-L3/6Esj.tex,1,1,missing-question,Le contenu doit contenir au moins une \question{...}.
content/exercises/exo7/15-L3/75S7.tex,1,1,missing-question,Le contenu doit contenir au moins une \question{...}.
content/exercises/exo7/15-L3/96m3.tex,1,1,missing-question,Le contenu doit contenir au moins une \question{...}.
content/exercises/exo7/15-L3/AzJ3.tex,1,1,missing-question,Le contenu doit contenir au moins une \question{...}.
content/exercises/exo7/15-L3/B4FC.tex,1,1,missing-question,Le contenu doit contenir au moins une \question{...}.
content/exercises/exo7/15-L3/B8g4.tex,1,1,missing-question,Le contenu doit contenir au moins une \question{...}.
content/exercises/exo7/15-L3/Bw4f.tex,1,1,missing-question,Le contenu doit contenir au moins une \question{...}.
content/exercises/exo7/15-L3/C2ww.tex,1,1,missing-question,Le contenu doit contenir au moins une \question{...}.
content/exercises/exo7/15-L3/Cm2B.tex,1,1,missing-question,Le contenu doit contenir au moins une \question{...}.
content/exercises/exo7/15-L3/DDMC.tex,1,1,missing-question,Le contenu doit contenir au moins une \question{...}.
content/exercises/exo7/15-L3/Dhkd.tex,1,1,missing-question,Le contenu doit contenir au moins une \question{...}.
content/exercises/exo7/15-L3/DuWl.tex,1,1,missing-question,Le contenu doit contenir au moins une \question{...}.
content/exercises/exo7/15-L3/EaFK.tex,1,1,missing-question,Le contenu doit contenir au moins une \question{...}.
content/exercises/exo7/15-L3/Ehaf.tex,1,1,missing-question,Le contenu doit contenir au moins une \question{...}.
content/exercises/exo7/15-L3/F4PR.tex,1,1,missing-question,Le contenu doit contenir au moins une \question{...}.
content/exercises/exo7/15-L3/FI6j.tex,1,1,missing-question,Le contenu doit contenir au moins une \question{...}.
content/exercises/exo7/15-L3/Fi1c.tex,1,1,missing-question,Le contenu doit contenir au moins une \question{...}.
content/exercises/exo7/15-L3/G1P5.tex,1,1,missing-question,Le contenu doit contenir au moins une \question{...}.
content/exercises/exo7/15-L3/G4tg.tex,1,1,missing-question,Le contenu doit contenir au moins une \question{...}.
content/exercises/exo7/15-L3/G69G.tex,1,1,missing-question,Le contenu doit contenir au moins une \question{...}.
content/exercises/exo7/15-L3/GAaX.tex,1,1,missing-question,Le contenu doit contenir au moins une \question{...}.
content/exercises/exo7/15-L3/GHV5.tex,1,1,missing-question,Le contenu doit contenir au moins une \question{...}.
content/exercises/exo7/15-L3/GMru.tex,1,1,missing-question,Le contenu doit contenir au moins une \question{...}.
content/exercises/exo7/15-L3/GUt0.tex,1,1,missing-question,Le contenu doit contenir au moins une \question{...}.
content/exercises/exo7/15-L3/GgvY.tex,1,1,missing-question,Le contenu doit contenir au moins une \question{...}.
content/exercises/exo7/15-L3/H7XC.tex,1,1,missing-question,Le contenu doit contenir au moins une \question{...}.
content/exercises/exo7/15-L3/HGYs.tex,1,1,missing-question,Le contenu doit contenir au moins une \question{...}.
content/exercises/exo7/15-L3/IBcg.tex,1,1,missing-question,Le contenu doit contenir au moins une \question{...}.
content/exercises/exo7/15-L3/ITVL.tex,1,1,missing-question,Le contenu doit contenir au moins une \question{...}.
content/exercises/exo7/15-L3/JkAf.tex,1,1,missing-question,Le contenu doit contenir au moins une \question{...}.
content/exercises/exo7/15-L3/Jp3l.tex,1,1,missing-question,Le contenu doit contenir au moins une \question{...}.
content/exercises/exo7/15-L3/Kfwc.tex,1,1,missing-question,Le contenu doit contenir au moins une \question{...}.
content/exercises/exo7/15-L3/KxJj.tex,1,1,missing-question,Le contenu doit contenir au moins une \question{...}.
content/exercises/exo7/15-L3/L2Bi.tex,1,1,missing-question,Le contenu doit contenir au moins une \question{...}.
content/exercises/exo7/15-L3/LxNv.tex,1,1,missing-question,Le contenu doit contenir au moins une \question{...}.
content/exercises/exo7/15-L3/MHak.tex,1,1,missing-question,Le contenu doit contenir au moins une \question{...}.
content/exercises/exo7/15-L3/MU15.tex,1,1,missing-question,Le contenu doit contenir au moins une \question{...}.
content/exercises/exo7/15-L3/Nh1y.tex,1,1,missing-question,Le contenu doit contenir au moins une \question{...}.
content/exercises/exo7/15-L3/O0yC.tex,1,1,missing-question,Le contenu doit contenir au moins une \question{...}.
content/exercises/exo7/15-L3/OzMy.tex,1,1,missing-question,Le contenu doit contenir au moins une \question{...}.
content/exercises/exo7/15-L3/PAn1.tex,1,1,missing-question,Le contenu doit contenir au moins une \question{...}.
content/exercises/exo7/15-L3/PEig.tex,1,1,missing-question,Le contenu doit contenir au moins une \question{...}.
content/exercises/exo7/15-L3/PHYB.tex,1,1,missing-question,Le contenu doit contenir au moins une \question{...}.
content/exercises/exo7/15-L3/PrCI.tex,1,1,missing-question,Le contenu doit contenir au moins une \question{...}.
content/exercises/exo7/15-L3/Q0cX.tex,1,1,missing-question,Le contenu doit contenir au moins une \question{...}.
content/exercises/exo7/15-L3/QFBr.tex,1,1,missing-question,Le contenu doit contenir au moins une \question{...}.
content/exercises/exo7/15-L3/QV4l.tex,1,1,missing-question,Le contenu doit contenir au moins une \question{...}.
content/exercises/exo7/15-L3/QdfF.tex,1,1,missing-question,Le contenu doit contenir au moins une \question{...}.
content/exercises/exo7/15-L3/RJPG.tex,1,1,missing-question,Le contenu doit contenir au moins une \question{...}.
content/exercises/exo7/15-L3/Rdsp.tex,1,1,missing-question,Le contenu doit contenir au moins une \question{...}.
content/exercises/exo7/15-L3/Rr6y.tex,1,1,missing-question,Le contenu doit contenir au moins une \question{...}.
content/exercises/exo7/15-L3/S836.tex,1,1,missing-question,Le contenu doit contenir au moins une \question{...}.
content/exercises/exo7/15-L3/SCay.tex,1,1,missing-question,Le contenu doit contenir au moins une \question{...}.
content/exercises/exo7/15-L3/SFDO.tex,1,1,missing-question,Le contenu doit contenir au moins une \question{...}.
content/exercises/exo7/15-L3/SOiA.tex,1,1,missing-question,Le contenu doit contenir au moins une \question{...}.
content/exercises/exo7/15-L3/TVAz.tex,1,1,missing-question,Le contenu doit contenir au moins une \question{...}.
content/exercises/exo7/15-L3/UH45.tex,1,1,missing-question,Le contenu doit contenir au moins une \question{...}.
content/exercises/exo7/15-L3/UdQo.tex,1,1,missing-question,Le contenu doit contenir au moins une \question{...}.
content/exercises/exo7/15-L3/UimZ.tex,1,1,missing-question,Le contenu doit contenir au moins une \question{...}.
content/exercises/exo7/15-L3/VQhu.tex,1,1,missing-question,Le contenu doit contenir au moins une \question{...}.
content/exercises/exo7/15-L3/VucZ.tex,1,1,missing-question,Le contenu doit contenir au moins une \question{...}.
content/exercises/exo7/15-L3/Vwz8.tex,1,1,missing-question,Le contenu doit contenir au moins une \question{...}.
content/exercises/exo7/15-L3/WTVw.tex,1,1,missing-question,Le contenu doit contenir au moins une \question{...}.
content/exercises/exo7/15-L3/Wxqq.tex,1,1,missing-question,Le contenu doit contenir au moins une \question{...}.
content/exercises/exo7/15-L3/XqRK.tex,1,1,missing-question,Le contenu doit contenir au moins une \question{...}.
content/exercises/exo7/15-L3/XqfD.tex,1,1,missing-question,Le contenu doit contenir au moins une \question{...}.
content/exercises/exo7/15-L3/YH0O.tex,1,1,missing-question,Le contenu doit contenir au moins une \question{...}.
content/exercises/exo7/15-L3/ZZyo.tex,1,1,missing-question,Le contenu doit contenir au moins une \question{...}.
content/exercises/exo7/15-L3/aYw8.tex,1,1,missing-question,Le contenu doit contenir au moins une \question{...}.
content/exercises/exo7/15-L3/b2xz.tex,1,1,missing-question,Le contenu doit contenir au moins une \question{...}.
content/exercises/exo7/15-L3/bWhy.tex,1,1,missing-question,Le contenu doit contenir au moins une \question{...}.
content/exercises/exo7/15-L3/bjmM.tex,1,1,missing-question,Le contenu doit contenir au moins une \question{...}.
content/exercises/exo7/15-L3/br61.tex,1,1,missing-question,Le contenu doit contenir au moins une \question{...}.
content/exercises/exo7/15-L3/c3Ew.tex,1,1,missing-question,Le contenu doit contenir au moins une \question{...}.
content/exercises/exo7/15-L3/c7MM.tex,1,1,missing-question,Le contenu doit contenir au moins une \question{...}.
content/exercises/exo7/15-L3/cCHV.tex,1,1,missing-question,Le contenu doit contenir au moins une \question{...}.
content/exercises/exo7/15-L3/chOc.tex,1,1,missing-question,Le contenu doit contenir au moins une \question{...}.
content/exercises/exo7/15-L3/cngg.tex,1,1,missing-question,Le contenu doit contenir au moins une \question{...}.
content/exercises/exo7/15-L3/cnvO.tex,1,1,missing-question,Le contenu doit contenir au moins une \question{...}.
content/exercises/exo7/15-L3/dem8.tex,1,1,missing-question,Le contenu doit contenir au moins une \question{...}.
content/exercises/exo7/15-L3/drfP.tex,1,1,missing-question,Le contenu doit contenir au moins une \question{...}.
content/exercises/exo7/15-L3/eP4C.tex,1,1,missing-question,Le contenu doit contenir au moins une \question{...}.
content/exercises/exo7/15-L3/enuA.tex,1,1,missing-question,Le contenu doit contenir au moins une \question{...}.
content/exercises/exo7/15-L3/gXtl.tex,1,1,missing-question,Le contenu doit contenir au moins une \question{...}.
content/exercises/exo7/15-L3/ghlx.tex,1,1,missing-question,Le contenu doit contenir au moins une \question{...}.
content/exercises/exo7/15-L3/gpVL.tex,1,1,missing-question,Le contenu doit contenir au moins une \question{...}.
content/exercises/exo7/15-L3/h0OR.tex,1,1,missing-question,Le contenu doit contenir au moins une \question{...}.
content/exercises/exo7/15-L3/hUYN.tex,1,1,missing-question,Le contenu doit contenir au moins une \question{...}.
content/exercises/exo7/15-L3/hZhE.tex,1,1,missing-question,Le contenu doit contenir au moins une \question{...}.
content/exercises/exo7/15-L3/iQhG.tex,1,1,missing-question,Le contenu doit contenir au moins une \question{...}.
content/exercises/exo7/15-L3/iWW0.tex,1,1,missing-question,Le contenu doit contenir au moins une \question{...}.
content/exercises/exo7/15-L3/iaZW.tex,1,1,missing-question,Le contenu doit contenir au moins une \question{...}.
content/exercises/exo7/15-L3/ig7q.tex,1,1,missing-question,Le contenu doit contenir au moins une \question{...}.
content/exercises/exo7/15-L3/ixz9.tex,1,1,missing-question,Le contenu doit contenir au moins une \question{...}.
content/exercises/exo7/15-L3/jDeJ.tex,1,1,missing-question,Le contenu doit contenir au moins une \question{...}.
content/exercises/exo7/15-L3/jMS1.tex,1,1,missing-question,Le contenu doit contenir au moins une \question{...}.
content/exercises/exo7/15-L3/k6qI.tex,1,1,missing-question,Le contenu doit contenir au moins une \question{...}.
content/exercises/exo7/15-L3/lABt.tex,1,1,missing-question,Le contenu doit contenir au moins une \question{...}.
content/exercises/exo7/15-L3/lHXk.tex,1,1,missing-question,Le contenu doit contenir au moins une \question{...}.
content/exercises/exo7/15-L3/mIIm.tex,1,1,missing-question,Le contenu doit contenir au moins une \question{...}.
content/exercises/exo7/15-L3/mm3X.tex,1,1,missing-question,Le contenu doit contenir au moins une \question{...}.
content/exercises/exo7/15-L3/nJBR.tex,1,1,missing-question,Le contenu doit contenir au moins une \question{...}.
content/exercises/exo7/15-L3/nLwZ.tex,1,1,missing-question,Le contenu doit contenir au moins une \question{...}.
content/exercises/exo7/15-L3/oJOB.tex,1,1,missing-question,Le contenu doit contenir au moins une \question{...}.
content/exercises/exo7/15-L3/oUAa.tex,1,1,missing-question,Le contenu doit contenir au moins une \question{...}.
content/exercises/exo7/15-L3/oiwk.tex,1,1,missing-question,Le contenu doit contenir au moins une \question{...}.
content/exercises/exo7/15-L3/opnO.tex,1,1,missing-question,Le contenu doit contenir au moins une \question{...}.
content/exercises/exo7/15-L3/q9Y6.tex,1,1,missing-question,Le contenu doit contenir au moins une \question{...}.
content/exercises/exo7/15-L3/q9oo.tex,1,1,missing-question,Le contenu doit contenir au moins une \question{...}.
content/exercises/exo7/15-L3/qGXD.tex,1,1,missing-question,Le contenu doit contenir au moins une \question{...}.
content/exercises/exo7/15-L3/qLLa.tex,1,1,missing-question,Le contenu doit contenir au moins une \question{...}.
content/exercises/exo7/15-L3/qOuQ.tex,1,1,missing-question,Le contenu doit contenir au moins une \question{...}.
content/exercises/exo7/15-L3/qfy6.tex,1,1,missing-question,Le contenu doit contenir au moins une \question{...}.
content/exercises/exo7/15-L3/qg0E.tex,1,1,missing-question,Le contenu doit contenir au moins une \question{...}.
content/exercises/exo7/15-L3/qrJe.tex,1,1,missing-question,Le contenu doit contenir au moins une \question{...}.
content/exercises/exo7/15-L3/rz3E.tex,1,1,missing-question,Le contenu doit contenir au moins une \question{...}.
content/exercises/exo7/15-L3/sHT9.tex,1,1,missing-question,Le contenu doit contenir au moins une \question{...}.
content/exercises/exo7/15-L3/sLpy.tex,1,1,missing-question,Le contenu doit contenir au moins une \question{...}.
content/exercises/exo7/15-L3/tJp9.tex,1,1,missing-question,Le contenu doit contenir au moins une \question{...}.
content/exercises/exo7/15-L3/thiG.tex,1,1,missing-question,Le contenu doit contenir au moins une \question{...}.
content/exercises/exo7/15-L3/u6Uv.tex,1,1,missing-question,Le contenu doit contenir au moins une \question{...}.
content/exercises/exo7/15-L3/uLK5.tex,1,1,missing-question,Le contenu doit contenir au moins une \question{...}.
content/exercises/exo7/15-L3/uPgk.tex,1,1,missing-question,Le contenu doit contenir au moins une \question{...}.
content/exercises/exo7/15-L3/wJ29.tex,1,1,missing-question,Le contenu doit contenir au moins une \question{...}.
content/exercises/exo7/15-L3/wJDR.tex,1,1,missing-question,Le contenu doit contenir au moins une \question{...}.
content/exercises/exo7/15-L3/wMcJ.tex,1,1,missing-question,Le contenu doit contenir au moins une \question{...}.
content/exercises/exo7/15-L3/wPKn.tex,1,1,missing-question,Le contenu doit contenir au moins une \question{...}.
content/exercises/exo7/15-L3/wQng.tex,1,1,missing-question,Le contenu doit contenir au moins une \question{...}.
content/exercises/exo7/15-L3/wWP7.tex,1,1,missing-question,Le contenu doit contenir au moins une \question{...}.
content/exercises/exo7/15-L3/x8rP.tex,1,1,missing-question,Le contenu doit contenir au moins une \question{...}.
content/exercises/exo7/15-L3/xdjG.tex,1,1,missing-question,Le contenu doit contenir au moins une \question{...}.
content/exercises/exo7/15-L3/xiLU.tex,1,1,missing-question,Le contenu doit contenir au moins une \question{...}.
content/exercises/exo7/15-L3/y41U.tex,1,1,missing-question,Le contenu doit contenir au moins une \question{...}.
content/exercises/exo7/15-L3/yTIu.tex,1,1,missing-question,Le contenu doit contenir au moins une \question{...}.
content/exercises/exo7/15-L3/yTNh.tex,1,1,missing-question,Le contenu doit contenir au moins une \question{...}.
content/exercises/exo7/15-L3/yeBq.tex,1,1,missing-question,Le contenu doit contenir au moins une \question{...}.
content/exercises/exo7/15-L3/yhQu.tex,1,1,missing-question,Le contenu doit contenir au moins une \question{...}.
content/exercises/exo7/15-L3/z0gD.tex,1,1,missing-question,Le contenu doit contenir au moins une \question{...}.
content/exercises/exo7/15-L3/zNAu.tex,1,1,missing-question,Le contenu doit contenir au moins une \question{...}.
content/exercises/exo7/15-L3/zVxX.tex,1,1,missing-question,Le contenu doit contenir au moins une \question{...}.
content/exercises/exo7/16-L3/05HX.tex,1,1,missing-question,Le contenu doit contenir au moins une \question{...}.
content/exercises/exo7/16-L3/0Ih4.tex,1,1,missing-question,Le contenu doit contenir au moins une \question{...}.
content/exercises/exo7/16-L3/0ntm.tex,1,1,missing-question,Le contenu doit contenir au moins une \question{...}.
content/exercises/exo7/16-L3/12dQ.tex,1,1,missing-question,Le contenu doit contenir au moins une \question{...}.
content/exercises/exo7/16-L3/1cym.tex,1,1,missing-question,Le contenu doit contenir au moins une \question{...}.
content/exercises/exo7/16-L3/1dnQ.tex,1,1,missing-question,Le contenu doit contenir au moins une \question{...}.
content/exercises/exo7/16-L3/1mkd.tex,1,1,missing-question,Le contenu doit contenir au moins une \question{...}.
content/exercises/exo7/16-L3/1pRC.tex,1,1,missing-question,Le contenu doit contenir au moins une \question{...}.
content/exercises/exo7/16-L3/1sb1.tex,1,1,missing-question,Le contenu doit contenir au moins une \question{...}.
content/exercises/exo7/16-L3/1xgl.tex,1,1,missing-question,Le contenu doit contenir au moins une \question{...}.
content/exercises/exo7/16-L3/25rU.tex,1,1,missing-question,Le contenu doit contenir au moins une \question{...}.
content/exercises/exo7/16-L3/2GmU.tex,1,1,missing-question,Le contenu doit contenir au moins une \question{...}.
content/exercises/exo7/16-L3/2Pnj.tex,1,1,missing-question,Le contenu doit contenir au moins une \question{...}.
content/exercises/exo7/16-L3/2Tp8.tex,1,1,missing-question,Le contenu doit contenir au moins une \question{...}.
content/exercises/exo7/16-L3/2kNx.tex,1,1,missing-question,Le contenu doit contenir au moins une \question{...}.
content/exercises/exo7/16-L3/2n0l.tex,1,1,missing-question,Le contenu doit contenir au moins une \question{...}.
content/exercises/exo7/16-L3/2sdl.tex,1,1,missing-question,Le contenu doit contenir au moins une \question{...}.
content/exercises/exo7/16-L3/3HaW.tex,1,1,missing-question,Le contenu doit contenir au moins une \question{...}.
content/exercises/exo7/16-L3/3S0w.tex,15,1,malformed-command,La commande \contenu{...} n'est pas fermée correctement.
content/exercises/exo7/16-L3/3S0w.tex,20,11,malformed-command,La commande \question{...} n'est pas fermée correctement.
content/exercises/exo7/16-L3/3S0w.tex,23,1,malformed-command,La commande \reponse{...} n'est pas fermée correctement.
content/exercises/exo7/16-L3/4h0V.tex,1,1,missing-question,Le contenu doit contenir au moins une \question{...}.
content/exercises/exo7/16-L3/4pUk.tex,1,1,missing-question,Le contenu doit contenir au moins une \question{...}.
content/exercises/exo7/16-L3/4psh.tex,1,1,missing-question,Le contenu doit contenir au moins une \question{...}.
content/exercises/exo7/16-L3/4xBq.tex,1,1,missing-question,Le contenu doit contenir au moins une \question{...}.
content/exercises/exo7/16-L3/5hfG.tex,1,1,missing-question,Le contenu doit contenir au moins une \question{...}.
content/exercises/exo7/16-L3/5lim.tex,1,1,missing-question,Le contenu doit contenir au moins une \question{...}.
content/exercises/exo7/16-L3/63ti.tex,1,1,missing-question,Le contenu doit contenir au moins une \question{...}.
content/exercises/exo7/16-L3/63yD.tex,1,1,missing-question,Le contenu doit contenir au moins une \question{...}.
content/exercises/exo7/16-L3/6CMx.tex,1,1,missing-question,Le contenu doit contenir au moins une \question{...}.
content/exercises/exo7/16-L3/6LA3.tex,1,1,missing-question,Le contenu doit contenir au moins une \question{...}.
content/exercises/exo7/16-L3/6NzA.tex,1,1,missing-question,Le contenu doit contenir au moins une \question{...}.
content/exercises/exo7/16-L3/6RbL.tex,1,1,missing-question,Le contenu doit contenir au moins une \question{...}.
content/exercises/exo7/16-L3/6aXN.tex,1,1,missing-question,Le contenu doit contenir au moins une \question{...}.
content/exercises/exo7/16-L3/6p3u.tex,1,1,missing-question,Le contenu doit contenir au moins une \question{...}.
content/exercises/exo7/16-L3/6plS.tex,1,1,missing-question,Le contenu doit contenir au moins une \question{...}.
content/exercises/exo7/16-L3/7Ulz.tex,1,1,missing-question,Le contenu doit contenir au moins une \question{...}.
content/exercises/exo7/16-L3/8W8h.tex,1,1,missing-question,Le contenu doit contenir au moins une \question{...}.
content/exercises/exo7/16-L3/8WOs.tex,1,1,missing-question,Le contenu doit contenir au moins une \question{...}.
content/exercises/exo7/16-L3/8eCj.tex,15,1,malformed-command,La commande \contenu{...} n'est pas fermée correctement.
content/exercises/exo7/16-L3/8suD.tex,1,1,missing-question,Le contenu doit contenir au moins une \question{...}.
content/exercises/exo7/16-L3/909y.tex,1,1,missing-question,Le contenu doit contenir au moins une \question{...}.
content/exercises/exo7/16-L3/9AEq.tex,15,1,malformed-command,La commande \contenu{...} n'est pas fermée correctement.
content/exercises/exo7/16-L3/9LNs.tex,1,1,missing-question,Le contenu doit contenir au moins une \question{...}.
content/exercises/exo7/16-L3/9SGT.tex,1,1,missing-question,Le contenu doit contenir au moins une \question{...}.
content/exercises/exo7/16-L3/9wBY.tex,1,1,missing-question,Le contenu doit contenir au moins une \question{...}.
content/exercises/exo7/16-L3/A1js.tex,1,1,missing-question,Le contenu doit contenir au moins une \question{...}.
content/exercises/exo7/16-L3/ATJk.tex,1,1,missing-question,Le contenu doit contenir au moins une \question{...}.
content/exercises/exo7/16-L3/AvR9.tex,1,1,missing-question,Le contenu doit contenir au moins une \question{...}.
content/exercises/exo7/16-L3/B8N3.tex,1,1,missing-question,Le contenu doit contenir au moins une \question{...}.
content/exercises/exo7/16-L3/CDp3.tex,1,1,missing-question,Le contenu doit contenir au moins une \question{...}.
content/exercises/exo7/16-L3/CbDy.tex,1,1,missing-question,Le contenu doit contenir au moins une \question{...}.
content/exercises/exo7/16-L3/Ctll.tex,1,1,missing-question,Le contenu doit contenir au moins une \question{...}.
content/exercises/exo7/16-L3/D4k7.tex,1,1,missing-question,Le contenu doit contenir au moins une \question{...}.
content/exercises/exo7/16-L3/DKjb.tex,1,1,missing-question,Le contenu doit contenir au moins une \question{...}.
content/exercises/exo7/16-L3/DnqT.tex,1,1,missing-question,Le contenu doit contenir au moins une \question{...}.
content/exercises/exo7/16-L3/EB4M.tex,1,1,missing-question,Le contenu doit contenir au moins une \question{...}.
content/exercises/exo7/16-L3/EPgu.tex,1,1,missing-question,Le contenu doit contenir au moins une \question{...}.
content/exercises/exo7/16-L3/EfLK.tex,1,1,missing-question,Le contenu doit contenir au moins une \question{...}.
content/exercises/exo7/16-L3/F7LV.tex,1,1,missing-question,Le contenu doit contenir au moins une \question{...}.
content/exercises/exo7/16-L3/FVcq.tex,1,1,missing-question,Le contenu doit contenir au moins une \question{...}.
content/exercises/exo7/16-L3/Fc5u.tex,1,1,missing-question,Le contenu doit contenir au moins une \question{...}.
content/exercises/exo7/16-L3/Fkjn.tex,1,1,missing-question,Le contenu doit contenir au moins une \question{...}.
content/exercises/exo7/16-L3/FpFh.tex,15,1,malformed-command,La commande \contenu{...} n'est pas fermée correctement.
content/exercises/exo7/16-L3/GP6T.tex,1,1,missing-question,Le contenu doit contenir au moins une \question{...}.
content/exercises/exo7/16-L3/H3Ck.tex,1,1,missing-question,Le contenu doit contenir au moins une \question{...}.
content/exercises/exo7/16-L3/HH7M.tex,1,1,missing-question,Le contenu doit contenir au moins une \question{...}.
content/exercises/exo7/16-L3/HZcK.tex,1,1,missing-question,Le contenu doit contenir au moins une \question{...}.
content/exercises/exo7/16-L3/HedE.tex,1,1,missing-question,Le contenu doit contenir au moins une \question{...}.
content/exercises/exo7/16-L3/Hr3E.tex,1,1,missing-question,Le contenu doit contenir au moins une \question{...}.
content/exercises/exo7/16-L3/HwUy.tex,1,1,missing-question,Le contenu doit contenir au moins une \question{...}.
content/exercises/exo7/16-L3/IOoW.tex,1,1,missing-question,Le contenu doit contenir au moins une \question{...}.
content/exercises/exo7/16-L3/KL1F.tex,1,1,missing-question,Le contenu doit contenir au moins une \question{...}.
content/exercises/exo7/16-L3/KYrq.tex,1,1,missing-question,Le contenu doit contenir au moins une \question{...}.
content/exercises/exo7/16-L3/KzJS.tex,1,1,missing-question,Le contenu doit contenir au moins une \question{...}.
content/exercises/exo7/16-L3/LGxu.tex,1,1,missing-question,Le contenu doit contenir au moins une \question{...}.
content/exercises/exo7/16-L3/LMxM.tex,1,1,missing-question,Le contenu doit contenir au moins une \question{...}.
content/exercises/exo7/16-L3/LTGu.tex,1,1,missing-question,Le contenu doit contenir au moins une \question{...}.
content/exercises/exo7/16-L3/LWty.tex,1,1,missing-question,Le contenu doit contenir au moins une \question{...}.
content/exercises/exo7/16-L3/Llxq.tex,1,1,missing-question,Le contenu doit contenir au moins une \question{...}.
content/exercises/exo7/16-L3/LmJU.tex,1,1,missing-question,Le contenu doit contenir au moins une \question{...}.
content/exercises/exo7/16-L3/LqU5.tex,1,1,missing-question,Le contenu doit contenir au moins une \question{...}.
content/exercises/exo7/16-L3/LzDw.tex,1,1,missing-question,Le contenu doit contenir au moins une \question{...}.
content/exercises/exo7/16-L3/MbFQ.tex,1,1,missing-question,Le contenu doit contenir au moins une \question{...}.
content/exercises/exo7/16-L3/MbU8.tex,1,1,missing-question,Le contenu doit contenir au moins une \question{...}.
content/exercises/exo7/16-L3/Mied.tex,1,1,missing-question,Le contenu doit contenir au moins une \question{...}.
content/exercises/exo7/16-L3/MyzE.tex,1,1,missing-question,Le contenu doit contenir au moins une \question{...}.
content/exercises/exo7/16-L3/N8pH.tex,1,1,missing-question,Le contenu doit contenir au moins une \question{...}.
content/exercises/exo7/16-L3/Ntjj.tex,1,1,missing-question,Le contenu doit contenir au moins une \question{...}.
content/exercises/exo7/16-L3/O6SP.tex,1,1,missing-question,Le contenu doit contenir au moins une \question{...}.
content/exercises/exo7/16-L3/OX7S.tex,1,1,missing-question,Le contenu doit contenir au moins une \question{...}.
content/exercises/exo7/16-L3/Olfz.tex,1,1,missing-question,Le contenu doit contenir au moins une \question{...}.
content/exercises/exo7/16-L3/OuTT.tex,1,1,missing-question,Le contenu doit contenir au moins une \question{...}.
content/exercises/exo7/16-L3/P1e9.tex,1,1,missing-question,Le contenu doit contenir au moins une \question{...}.
content/exercises/exo7/16-L3/PLpo.tex,1,1,missing-question,Le contenu doit contenir au moins une \question{...}.
content/exercises/exo7/16-L3/POAh.tex,1,1,missing-question,Le contenu doit contenir au moins une \question{...}.
content/exercises/exo7/16-L3/PQnQ.tex,1,1,missing-question,Le contenu doit contenir au moins une \question{...}.
content/exercises/exo7/16-L3/PjQj.tex,1,1,missing-question,Le contenu doit contenir au moins une \question{...}.
content/exercises/exo7/16-L3/Q0pE.tex,1,1,missing-question,Le contenu doit contenir au moins une \question{...}.
content/exercises/exo7/16-L3/QCdm.tex,1,1,missing-question,Le contenu doit contenir au moins une \question{...}.
content/exercises/exo7/16-L3/QDCj.tex,1,1,missing-question,Le contenu doit contenir au moins une \question{...}.
content/exercises/exo7/16-L3/QDHm.tex,1,1,missing-question,Le contenu doit contenir au moins une \question{...}.
content/exercises/exo7/16-L3/QYH1.tex,1,1,missing-question,Le contenu doit contenir au moins une \question{...}.
content/exercises/exo7/16-L3/QYO5.tex,1,1,missing-question,Le contenu doit contenir au moins une \question{...}.
content/exercises/exo7/16-L3/Qm9a.tex,1,1,missing-question,Le contenu doit contenir au moins une \question{...}.
content/exercises/exo7/16-L3/QmwL.tex,1,1,missing-question,Le contenu doit contenir au moins une \question{...}.
content/exercises/exo7/16-L3/RFJr.tex,1,1,missing-question,Le contenu doit contenir au moins une \question{...}.
content/exercises/exo7/16-L3/RcLX.tex,1,1,missing-question,Le contenu doit contenir au moins une \question{...}.
content/exercises/exo7/16-L3/Rs3r.tex,1,1,missing-question,Le contenu doit contenir au moins une \question{...}.
content/exercises/exo7/16-L3/SRKm.tex,1,1,missing-question,Le contenu doit contenir au moins une \question{...}.
content/exercises/exo7/16-L3/SqW4.tex,1,1,missing-question,Le contenu doit contenir au moins une \question{...}.
content/exercises/exo7/16-L3/SsRD.tex,1,1,missing-question,Le contenu doit contenir au moins une \question{...}.
content/exercises/exo7/16-L3/T0Ki.tex,1,1,missing-question,Le contenu doit contenir au moins une \question{...}.
content/exercises/exo7/16-L3/UV6Q.tex,1,1,missing-question,Le contenu doit contenir au moins une \question{...}.
content/exercises/exo7/16-L3/V0OI.tex,1,1,missing-question,Le contenu doit contenir au moins une \question{...}.
content/exercises/exo7/16-L3/VR0z.tex,1,1,missing-question,Le contenu doit contenir au moins une \question{...}.
content/exercises/exo7/16-L3/VVwH.tex,1,1,missing-question,Le contenu doit contenir au moins une \question{...}.
content/exercises/exo7/16-L3/Va1t.tex,1,1,missing-question,Le contenu doit contenir au moins une \question{...}.
content/exercises/exo7/16-L3/VaWp.tex,1,1,missing-question,Le contenu doit contenir au moins une \question{...}.
content/exercises/exo7/16-L3/VmUL.tex,1,1,missing-question,Le contenu doit contenir au moins une \question{...}.
content/exercises/exo7/16-L3/VuNb.tex,1,1,missing-question,Le contenu doit contenir au moins une \question{...}.
content/exercises/exo7/16-L3/WWgs.tex,1,1,missing-question,Le contenu doit contenir au moins une \question{...}.
content/exercises/exo7/16-L3/WiUV.tex,1,1,missing-question,Le contenu doit contenir au moins une \question{...}.
content/exercises/exo7/16-L3/XSHR.tex,1,1,missing-question,Le contenu doit contenir au moins une \question{...}.
content/exercises/exo7/16-L3/YIsU.tex,1,1,missing-question,Le contenu doit contenir au moins une \question{...}.
content/exercises/exo7/16-L3/YZ4F.tex,1,1,missing-question,Le contenu doit contenir au moins une \question{...}.
content/exercises/exo7/16-L3/Ye0F.tex,1,1,missing-question,Le contenu doit contenir au moins une \question{...}.
content/exercises/exo7/16-L3/Ykk7.tex,1,1,missing-question,Le contenu doit contenir au moins une \question{...}.
content/exercises/exo7/16-L3/ZR6s.tex,1,1,missing-question,Le contenu doit contenir au moins une \question{...}.
content/exercises/exo7/16-L3/Zc3q.tex,1,1,missing-question,Le contenu doit contenir au moins une \question{...}.
content/exercises/exo7/16-L3/aEBv.tex,1,1,missing-question,Le contenu doit contenir au moins une \question{...}.
content/exercises/exo7/16-L3/ak5Q.tex,1,1,missing-question,Le contenu doit contenir au moins une \question{...}.
content/exercises/exo7/16-L3/ammi.tex,1,1,missing-question,Le contenu doit contenir au moins une \question{...}.
content/exercises/exo7/16-L3/bFgw.tex,1,1,missing-question,Le contenu doit contenir au moins une \question{...}.
content/exercises/exo7/16-L3/bG1F.tex,1,1,missing-question,Le contenu doit contenir au moins une \question{...}.
content/exercises/exo7/16-L3/bQfY.tex,1,1,missing-question,Le contenu doit contenir au moins une \question{...}.
content/exercises/exo7/16-L3/bSd8.tex,1,1,missing-question,Le contenu doit contenir au moins une \question{...}.
content/exercises/exo7/16-L3/bX6R.tex,1,1,missing-question,Le contenu doit contenir au moins une \question{...}.
content/exercises/exo7/16-L3/blLe.tex,1,1,missing-question,Le contenu doit contenir au moins une \question{...}.
content/exercises/exo7/16-L3/cHf9.tex,1,1,missing-question,Le contenu doit contenir au moins une \question{...}.
content/exercises/exo7/16-L3/cLhr.tex,1,1,missing-question,Le contenu doit contenir au moins une \question{...}.
content/exercises/exo7/16-L3/cMqY.tex,1,1,missing-question,Le contenu doit contenir au moins une \question{...}.
content/exercises/exo7/16-L3/cYvX.tex,1,1,missing-question,Le contenu doit contenir au moins une \question{...}.
content/exercises/exo7/16-L3/cmHi.tex,1,1,missing-question,Le contenu doit contenir au moins une \question{...}.
content/exercises/exo7/16-L3/cuWf.tex,1,1,missing-question,Le contenu doit contenir au moins une \question{...}.
content/exercises/exo7/16-L3/cz9b.tex,1,1,missing-question,Le contenu doit contenir au moins une \question{...}.
content/exercises/exo7/16-L3/eG0j.tex,1,1,missing-question,Le contenu doit contenir au moins une \question{...}.
content/exercises/exo7/16-L3/fCku.tex,1,1,missing-question,Le contenu doit contenir au moins une \question{...}.
content/exercises/exo7/16-L3/fRRB.tex,1,1,missing-question,Le contenu doit contenir au moins une \question{...}.
content/exercises/exo7/16-L3/fVVY.tex,1,1,missing-question,Le contenu doit contenir au moins une \question{...}.
content/exercises/exo7/16-L3/fbox.tex,1,1,missing-question,Le contenu doit contenir au moins une \question{...}.
content/exercises/exo7/16-L3/fd5N.tex,1,1,missing-question,Le contenu doit contenir au moins une \question{...}.
content/exercises/exo7/16-L3/frsP.tex,1,1,missing-question,Le contenu doit contenir au moins une \question{...}.
content/exercises/exo7/16-L3/gQPA.tex,1,1,missing-question,Le contenu doit contenir au moins une \question{...}.
content/exercises/exo7/16-L3/gR6v.tex,1,1,missing-question,Le contenu doit contenir au moins une \question{...}.
content/exercises/exo7/16-L3/gT5B.tex,1,1,missing-question,Le contenu doit contenir au moins une \question{...}.
content/exercises/exo7/16-L3/gmOc.tex,1,1,missing-question,Le contenu doit contenir au moins une \question{...}.
content/exercises/exo7/16-L3/gp57.tex,1,1,missing-question,Le contenu doit contenir au moins une \question{...}.
content/exercises/exo7/16-L3/gvTZ.tex,1,1,missing-question,Le contenu doit contenir au moins une \question{...}.
content/exercises/exo7/16-L3/hCEk.tex,1,1,missing-question,Le contenu doit contenir au moins une \question{...}.
content/exercises/exo7/16-L3/hKb0.tex,1,1,missing-question,Le contenu doit contenir au moins une \question{...}.
content/exercises/exo7/16-L3/hUGA.tex,1,1,missing-question,Le contenu doit contenir au moins une \question{...}.
content/exercises/exo7/16-L3/hUr9.tex,1,1,missing-question,Le contenu doit contenir au moins une \question{...}.
content/exercises/exo7/16-L3/hcbo.tex,1,1,missing-question,Le contenu doit contenir au moins une \question{...}.
content/exercises/exo7/16-L3/hdYh.tex,1,1,missing-question,Le contenu doit contenir au moins une \question{...}.
content/exercises/exo7/16-L3/hs5f.tex,1,1,missing-question,Le contenu doit contenir au moins une \question{...}.
content/exercises/exo7/16-L3/hw1Z.tex,1,1,missing-question,Le contenu doit contenir au moins une \question{...}.
content/exercises/exo7/16-L3/i6l5.tex,1,1,missing-question,Le contenu doit contenir au moins une \question{...}.
content/exercises/exo7/16-L3/iM2F.tex,1,1,missing-question,Le contenu doit contenir au moins une \question{...}.
content/exercises/exo7/16-L3/iWtV.tex,1,1,missing-question,Le contenu doit contenir au moins une \question{...}.
content/exercises/exo7/16-L3/is1A.tex,1,1,missing-question,Le contenu doit contenir au moins une \question{...}.
content/exercises/exo7/16-L3/ix0a.tex,1,1,missing-question,Le contenu doit contenir au moins une \question{...}.
content/exercises/exo7/16-L3/jC03.tex,1,1,missing-question,Le contenu doit contenir au moins une \question{...}.
content/exercises/exo7/16-L3/k2Ja.tex,1,1,missing-question,Le contenu doit contenir au moins une \question{...}.
content/exercises/exo7/16-L3/k9Q1.tex,1,1,missing-question,Le contenu doit contenir au moins une \question{...}.
content/exercises/exo7/16-L3/k9tP.tex,1,1,missing-question,Le contenu doit contenir au moins une \question{...}.
content/exercises/exo7/16-L3/kQdh.tex,1,1,missing-question,Le contenu doit contenir au moins une \question{...}.
content/exercises/exo7/16-L3/kdB9.tex,1,1,missing-question,Le contenu doit contenir au moins une \question{...}.
content/exercises/exo7/16-L3/ktFi.tex,1,1,missing-question,Le contenu doit contenir au moins une \question{...}.
content/exercises/exo7/16-L3/lRoh.tex,1,1,missing-question,Le contenu doit contenir au moins une \question{...}.
content/exercises/exo7/16-L3/lZFM.tex,15,1,malformed-command,La commande \contenu{...} n'est pas fermée correctement.
content/exercises/exo7/16-L3/m2H5.tex,1,1,missing-question,Le contenu doit contenir au moins une \question{...}.
content/exercises/exo7/16-L3/m9MH.tex,1,1,missing-question,Le contenu doit contenir au moins une \question{...}.
content/exercises/exo7/16-L3/mJM5.tex,1,1,missing-question,Le contenu doit contenir au moins une \question{...}.
content/exercises/exo7/16-L3/mYtv.tex,1,1,missing-question,Le contenu doit contenir au moins une \question{...}.
content/exercises/exo7/16-L3/mbbU.tex,1,1,missing-question,Le contenu doit contenir au moins une \question{...}.
content/exercises/exo7/16-L3/mp9S.tex,1,1,missing-question,Le contenu doit contenir au moins une \question{...}.
content/exercises/exo7/16-L3/nLfk.tex,1,1,missing-question,Le contenu doit contenir au moins une \question{...}.
content/exercises/exo7/16-L3/o5WL.tex,1,1,missing-question,Le contenu doit contenir au moins une \question{...}.
content/exercises/exo7/16-L3/oHNO.tex,1,1,missing-question,Le contenu doit contenir au moins une \question{...}.
content/exercises/exo7/16-L3/oQqn.tex,1,1,missing-question,Le contenu doit contenir au moins une \question{...}.
content/exercises/exo7/16-L3/oeGd.tex,1,1,missing-question,Le contenu doit contenir au moins une \question{...}.
content/exercises/exo7/16-L3/p5U2.tex,1,1,missing-question,Le contenu doit contenir au moins une \question{...}.
content/exercises/exo7/16-L3/pVSJ.tex,1,1,missing-question,Le contenu doit contenir au moins une \question{...}.
content/exercises/exo7/16-L3/pZeD.tex,1,1,missing-question,Le contenu doit contenir au moins une \question{...}.
content/exercises/exo7/16-L3/pZnD.tex,1,1,missing-question,Le contenu doit contenir au moins une \question{...}.
content/exercises/exo7/16-L3/pvhU.tex,1,1,missing-question,Le contenu doit contenir au moins une \question{...}.
content/exercises/exo7/16-L3/qQKK.tex,1,1,missing-question,Le contenu doit contenir au moins une \question{...}.
content/exercises/exo7/16-L3/qZCd.tex,1,1,missing-question,Le contenu doit contenir au moins une \question{...}.
content/exercises/exo7/16-L3/r2Kc.tex,1,1,missing-question,Le contenu doit contenir au moins une \question{...}.
content/exercises/exo7/16-L3/r4qc.tex,1,1,missing-question,Le contenu doit contenir au moins une \question{...}.
content/exercises/exo7/16-L3/rEHP.tex,1,1,missing-question,Le contenu doit contenir au moins une \question{...}.
content/exercises/exo7/16-L3/rGsj.tex,1,1,missing-question,Le contenu doit contenir au moins une \question{...}.
content/exercises/exo7/16-L3/rP0l.tex,1,1,missing-question,Le contenu doit contenir au moins une \question{...}.
content/exercises/exo7/16-L3/rVhm.tex,1,1,missing-question,Le contenu doit contenir au moins une \question{...}.
content/exercises/exo7/16-L3/rjLE.tex,1,1,missing-question,Le contenu doit contenir au moins une \question{...}.
content/exercises/exo7/16-L3/rpqQ.tex,1,1,missing-question,Le contenu doit contenir au moins une \question{...}.
content/exercises/exo7/16-L3/sSuf.tex,1,1,missing-question,Le contenu doit contenir au moins une \question{...}.
content/exercises/exo7/16-L3/shC7.tex,1,1,missing-question,Le contenu doit contenir au moins une \question{...}.
content/exercises/exo7/16-L3/suEo.tex,1,1,missing-question,Le contenu doit contenir au moins une \question{...}.
content/exercises/exo7/16-L3/swlF.tex,1,1,missing-question,Le contenu doit contenir au moins une \question{...}.
content/exercises/exo7/16-L3/t8wm.tex,1,1,missing-question,Le contenu doit contenir au moins une \question{...}.
content/exercises/exo7/16-L3/tIOs.tex,1,1,missing-question,Le contenu doit contenir au moins une \question{...}.
content/exercises/exo7/16-L3/tOoW.tex,1,1,missing-question,Le contenu doit contenir au moins une \question{...}.
content/exercises/exo7/16-L3/tZTI.tex,1,1,missing-question,Le contenu doit contenir au moins une \question{...}.
content/exercises/exo7/16-L3/tdKX.tex,1,1,missing-question,Le contenu doit contenir au moins une \question{...}.
content/exercises/exo7/16-L3/tqUO.tex,1,1,missing-question,Le contenu doit contenir au moins une \question{...}.
content/exercises/exo7/16-L3/uFtV.tex,1,1,missing-question,Le contenu doit contenir au moins une \question{...}.
content/exercises/exo7/16-L3/uZpe.tex,1,1,missing-question,Le contenu doit contenir au moins une \question{...}.
content/exercises/exo7/16-L3/ujNU.tex,1,1,missing-question,Le contenu doit contenir au moins une \question{...}.
content/exercises/exo7/16-L3/usqB.tex,1,1,missing-question,Le contenu doit contenir au moins une \question{...}.
content/exercises/exo7/16-L3/vAy2.tex,1,1,missing-question,Le contenu doit contenir au moins une \question{...}.
content/exercises/exo7/16-L3/vIiJ.tex,1,1,missing-question,Le contenu doit contenir au moins une \question{...}.
content/exercises/exo7/16-L3/vaHR.tex,1,1,missing-question,Le contenu doit contenir au moins une \question{...}.
content/exercises/exo7/16-L3/vnVW.tex,1,1,missing-question,Le contenu doit contenir au moins une \question{...}.
content/exercises/exo7/16-L3/wEpg.tex,1,1,missing-question,Le contenu doit contenir au moins une \question{...}.
content/exercises/exo7/16-L3/wR7l.tex,1,1,missing-question,Le contenu doit contenir au moins une \question{...}.
content/exercises/exo7/16-L3/wk4y.tex,1,1,missing-question,Le contenu doit contenir au moins une \question{...}.
content/exercises/exo7/16-L3/wlsh.tex,1,1,missing-question,Le contenu doit contenir au moins une \question{...}.
content/exercises/exo7/16-L3/wwYv.tex,1,1,missing-question,Le contenu doit contenir au moins une \question{...}.
content/exercises/exo7/16-L3/xQjg.tex,1,1,missing-question,Le contenu doit contenir au moins une \question{...}.
content/exercises/exo7/16-L3/xUxF.tex,1,1,missing-question,Le contenu doit contenir au moins une \question{...}.
content/exercises/exo7/16-L3/xaHb.tex,1,1,missing-question,Le contenu doit contenir au moins une \question{...}.
content/exercises/exo7/16-L3/xhWb.tex,1,1,missing-question,Le contenu doit contenir au moins une \question{...}.
content/exercises/exo7/16-L3/xmwx.tex,1,1,missing-question,Le contenu doit contenir au moins une \question{...}.
content/exercises/exo7/16-L3/y0qo.tex,1,1,missing-question,Le contenu doit contenir au moins une \question{...}.
content/exercises/exo7/16-L3/yELO.tex,1,1,missing-question,Le contenu doit contenir au moins une \question{...}.
content/exercises/exo7/16-L3/yhtg.tex,1,1,missing-question,Le contenu doit contenir au moins une \question{...}.
content/exercises/exo7/16-L3/ypdC.tex,1,1,missing-question,Le contenu doit contenir au moins une \question{...}.
content/exercises/exo7/16-L3/yusR.tex,1,1,missing-question,Le contenu doit contenir au moins une \question{...}.
content/exercises/exo7/16-L3/yzJI.tex,1,1,missing-question,Le contenu doit contenir au moins une \question{...}.
content/exercises/exo7/16-L3/z6Jv.tex,1,1,missing-question,Le contenu doit contenir au moins une \question{...}.
content/exercises/exo7/16-L3/z9Lc.tex,1,1,missing-question,Le contenu doit contenir au moins une \question{...}.
content/exercises/exo7/16-L3/zBcv.tex,1,1,missing-question,Le contenu doit contenir au moins une \question{...}.
content/exercises/exo7/16-L3/zElt.tex,1,1,missing-question,Le contenu doit contenir au moins une \question{...}.
content/exercises/exo7/16-L3/zKkW.tex,1,1,missing-question,Le contenu doit contenir au moins une \question{...}.
content/exercises/exo7/16-L3/zQt2.tex,1,1,missing-question,Le contenu doit contenir au moins une \question{...}.
content/exercises/exo7/16-L3/zrtp.tex,1,1,missing-question,Le contenu doit contenir au moins une \question{...}.
content/exercises/exo7/17-L3/6LC8.tex,1,1,missing-question,Le contenu doit contenir au moins une \question{...}.
content/exercises/exo7/17-L3/LPSi.tex,1,1,missing-question,Le contenu doit contenir au moins une \question{...}.
content/exercises/exo7/17-L3/YhhN.tex,1,1,missing-question,Le contenu doit contenir au moins une \question{...}.
content/exercises/exo7/17-L3/qIUh.tex,1,1,missing-question,Le contenu doit contenir au moins une \question{...}.
content/exercises/exo7/17-L3/toom.tex,1,1,missing-question,Le contenu doit contenir au moins une \question{...}.
content/exercises/exo7/17-L3/xXAE.tex,1,1,missing-question,Le contenu doit contenir au moins une \question{...}.
content/exercises/exo7/17-L3/yzdj.tex,1,1,missing-question,Le contenu doit contenir au moins une \question{...}.
content/exercises/exo7/18-L3/1Djp.tex,1,1,missing-question,Le contenu doit contenir au moins une \question{...}.
content/exercises/exo7/18-L3/GnVW.tex,1,1,missing-question,Le contenu doit contenir au moins une \question{...}.
content/exercises/exo7/18-L3/MXIV.tex,1,1,missing-question,Le contenu doit contenir au moins une \question{...}.
content/exercises/exo7/18-L3/MyaQ.tex,1,1,missing-question,Le contenu doit contenir au moins une \question{...}.
content/exercises/exo7/18-L3/OAII.tex,1,1,missing-question,Le contenu doit contenir au moins une \question{...}.
content/exercises/exo7/18-L3/QEFT.tex,1,1,missing-question,Le contenu doit contenir au moins une \question{...}.
content/exercises/exo7/18-L3/zLeR.tex,1,1,missing-question,Le contenu doit contenir au moins une \question{...}.
content/exercises/exo7/18-L3/znET.tex,1,1,missing-question,Le contenu doit contenir au moins une \question{...}.
content/exercises/exo7/19-L3/Quyo.tex,1,1,missing-question,Le contenu doit contenir au moins une \question{...}.
content/exercises/exo7/19-L3/Z1IO.tex,1,1,missing-question,Le contenu doit contenir au moins une \question{...}.
content/exercises/exo7/19-L3/hEnR.tex,1,1,missing-question,Le contenu doit contenir au moins une \question{...}.
content/exercises/exo7/19-L3/hJcp.tex,1,1,missing-question,Le contenu doit contenir au moins une \question{...}.
content/exercises/exo7/19-L3/pxK8.tex,1,1,missing-question,Le contenu doit contenir au moins une \question{...}.
content/exercises/exo7/19-L3/vXlA.tex,1,1,missing-question,Le contenu doit contenir au moins une \question{...}.
content/exercises/exo7/19-L3/w9i2.tex,1,1,missing-question,Le contenu doit contenir au moins une \question{...}.
content/exercises/exo7/2-L1/02Hb.tex,1,1,missing-question,Le contenu doit contenir au moins une \question{...}.
content/exercises/exo7/2-L1/0CLQ.tex,1,1,missing-question,Le contenu doit contenir au moins une \question{...}.
content/exercises/exo7/2-L1/0IiN.tex,1,1,missing-question,Le contenu doit contenir au moins une \question{...}.
content/exercises/exo7/2-L1/0KOb.tex,1,1,missing-question,Le contenu doit contenir au moins une \question{...}.
content/exercises/exo7/2-L1/0MpI.tex,1,1,missing-question,Le contenu doit contenir au moins une \question{...}.
content/exercises/exo7/2-L1/0QfV.tex,1,1,missing-question,Le contenu doit contenir au moins une \question{...}.
content/exercises/exo7/2-L1/0QzW.tex,1,1,missing-question,Le contenu doit contenir au moins une \question{...}.
content/exercises/exo7/2-L1/0RZP.tex,1,1,missing-question,Le contenu doit contenir au moins une \question{...}.
content/exercises/exo7/2-L1/0TFn.tex,1,1,missing-question,Le contenu doit contenir au moins une \question{...}.
content/exercises/exo7/2-L1/0UwB.tex,1,1,missing-question,Le contenu doit contenir au moins une \question{...}.
content/exercises/exo7/2-L1/0VQv.tex,1,1,missing-question,Le contenu doit contenir au moins une \question{...}.
content/exercises/exo7/2-L1/0Yos.tex,1,1,missing-question,Le contenu doit contenir au moins une \question{...}.
content/exercises/exo7/2-L1/0Z5p.tex,1,1,missing-question,Le contenu doit contenir au moins une \question{...}.
content/exercises/exo7/2-L1/0akd.tex,1,1,missing-question,Le contenu doit contenir au moins une \question{...}.
content/exercises/exo7/2-L1/0azd.tex,1,1,missing-question,Le contenu doit contenir au moins une \question{...}.
content/exercises/exo7/2-L1/0kLR.tex,1,1,missing-question,Le contenu doit contenir au moins une \question{...}.
content/exercises/exo7/2-L1/0nI3.tex,1,1,missing-question,Le contenu doit contenir au moins une \question{...}.
content/exercises/exo7/2-L1/0oeF.tex,1,1,missing-question,Le contenu doit contenir au moins une \question{...}.
content/exercises/exo7/2-L1/0ss2.tex,1,1,missing-question,Le contenu doit contenir au moins une \question{...}.
content/exercises/exo7/2-L1/0wpC.tex,1,1,missing-question,Le contenu doit contenir au moins une \question{...}.
content/exercises/exo7/2-L1/11Qd.tex,1,1,missing-question,Le contenu doit contenir au moins une \question{...}.
content/exercises/exo7/2-L1/13ds.tex,1,1,missing-question,Le contenu doit contenir au moins une \question{...}.
content/exercises/exo7/2-L1/14xY.tex,1,1,missing-question,Le contenu doit contenir au moins une \question{...}.
content/exercises/exo7/2-L1/153u.tex,1,1,missing-question,Le contenu doit contenir au moins une \question{...}.
content/exercises/exo7/2-L1/169H.tex,1,1,missing-question,Le contenu doit contenir au moins une \question{...}.
content/exercises/exo7/2-L1/19ND.tex,1,1,missing-question,Le contenu doit contenir au moins une \question{...}.
content/exercises/exo7/2-L1/19jO.tex,1,1,missing-question,Le contenu doit contenir au moins une \question{...}.
content/exercises/exo7/2-L1/1ASo.tex,1,1,missing-question,Le contenu doit contenir au moins une \question{...}.
content/exercises/exo7/2-L1/1BJb.tex,1,1,missing-question,Le contenu doit contenir au moins une \question{...}.
content/exercises/exo7/2-L1/1DFC.tex,1,1,missing-question,Le contenu doit contenir au moins une \question{...}.
content/exercises/exo7/2-L1/1DwU.tex,1,1,missing-question,Le contenu doit contenir au moins une \question{...}.
content/exercises/exo7/2-L1/1J4h.tex,1,1,missing-question,Le contenu doit contenir au moins une \question{...}.
content/exercises/exo7/2-L1/1J5S.tex,1,1,missing-question,Le contenu doit contenir au moins une \question{...}.
content/exercises/exo7/2-L1/1LE0.tex,1,1,missing-question,Le contenu doit contenir au moins une \question{...}.
content/exercises/exo7/2-L1/1Mug.tex,1,1,missing-question,Le contenu doit contenir au moins une \question{...}.
content/exercises/exo7/2-L1/1i1g.tex,1,1,missing-question,Le contenu doit contenir au moins une \question{...}.
content/exercises/exo7/2-L1/1jkx.tex,1,1,missing-question,Le contenu doit contenir au moins une \question{...}.
content/exercises/exo7/2-L1/1l1K.tex,1,1,missing-question,Le contenu doit contenir au moins une \question{...}.
content/exercises/exo7/2-L1/1mo8.tex,1,1,missing-question,Le contenu doit contenir au moins une \question{...}.
content/exercises/exo7/2-L1/22Uw.tex,1,1,missing-question,Le contenu doit contenir au moins une \question{...}.
content/exercises/exo7/2-L1/22ev.tex,1,1,missing-question,Le contenu doit contenir au moins une \question{...}.
content/exercises/exo7/2-L1/244f.tex,1,1,missing-question,Le contenu doit contenir au moins une \question{...}.
content/exercises/exo7/2-L1/245Q.tex,1,1,missing-question,Le contenu doit contenir au moins une \question{...}.
content/exercises/exo7/2-L1/24aw.tex,1,1,missing-question,Le contenu doit contenir au moins une \question{...}.
content/exercises/exo7/2-L1/2Axr.tex,1,1,missing-question,Le contenu doit contenir au moins une \question{...}.
content/exercises/exo7/2-L1/2GLC.tex,1,1,missing-question,Le contenu doit contenir au moins une \question{...}.
content/exercises/exo7/2-L1/2HDw.tex,1,1,missing-question,Le contenu doit contenir au moins une \question{...}.
content/exercises/exo7/2-L1/2QlX.tex,1,1,missing-question,Le contenu doit contenir au moins une \question{...}.
content/exercises/exo7/2-L1/2RAt.tex,1,1,missing-question,Le contenu doit contenir au moins une \question{...}.
content/exercises/exo7/2-L1/2pVD.tex,1,1,missing-question,Le contenu doit contenir au moins une \question{...}.
content/exercises/exo7/2-L1/2udS.tex,1,1,missing-question,Le contenu doit contenir au moins une \question{...}.
content/exercises/exo7/2-L1/2zlZ.tex,1,1,missing-question,Le contenu doit contenir au moins une \question{...}.
content/exercises/exo7/2-L1/35aH.tex,1,1,missing-question,Le contenu doit contenir au moins une \question{...}.
content/exercises/exo7/2-L1/36Yn.tex,1,1,missing-question,Le contenu doit contenir au moins une \question{...}.
content/exercises/exo7/2-L1/37ZN.tex,1,1,missing-question,Le contenu doit contenir au moins une \question{...}.
content/exercises/exo7/2-L1/3Fjg.tex,1,1,missing-question,Le contenu doit contenir au moins une \question{...}.
content/exercises/exo7/2-L1/3IDC.tex,1,1,missing-question,Le contenu doit contenir au moins une \question{...}.
content/exercises/exo7/2-L1/3Kjf.tex,15,1,malformed-command,La commande \contenu{...} n'est pas fermée correctement.
content/exercises/exo7/2-L1/3Kjf.tex,22,11,malformed-command,La commande \question{...} n'est pas fermée correctement.
content/exercises/exo7/2-L1/3Kjf.tex,27,11,malformed-command,La commande \question{...} n'est pas fermée correctement.
content/exercises/exo7/2-L1/3Kjf.tex,42,11,malformed-command,La commande \question{...} n'est pas fermée correctement.
content/exercises/exo7/2-L1/3Kjf.tex,48,11,malformed-command,La commande \question{...} n'est pas fermée correctement.
content/exercises/exo7/2-L1/3Kjf.tex,56,11,malformed-command,La commande \question{...} n'est pas fermée correctement.
content/exercises/exo7/2-L1/3Kjf.tex,62,11,malformed-command,La commande \question{...} n'est pas fermée correctement.
content/exercises/exo7/2-L1/3Kjf.tex,68,11,malformed-command,La commande \question{...} n'est pas fermée correctement.
content/exercises/exo7/2-L1/3Kjf.tex,72,11,malformed-command,La commande \question{...} n'est pas fermée correctement.
content/exercises/exo7/2-L1/3Kjf.tex,78,11,malformed-command,La commande \question{...} n'est pas fermée correctement.
content/exercises/exo7/2-L1/3Kjf.tex,82,11,malformed-command,La commande \question{...} n'est pas fermée correctement.
content/exercises/exo7/2-L1/3Kjf.tex,88,11,malformed-command,La commande \question{...} n'est pas fermée correctement.
content/exercises/exo7/2-L1/3M43.tex,1,1,missing-question,Le contenu doit contenir au moins une \question{...}.
content/exercises/exo7/2-L1/3OCj.tex,1,1,missing-question,Le contenu doit contenir au moins une \question{...}.
content/exercises/exo7/2-L1/3OVi.tex,1,1,missing-question,Le contenu doit contenir au moins une \question{...}.
content/exercises/exo7/2-L1/3UMn.tex,1,1,missing-question,Le contenu doit contenir au moins une \question{...}.
content/exercises/exo7/2-L1/3UuC.tex,1,1,missing-question,Le contenu doit contenir au moins une \question{...}.
content/exercises/exo7/2-L1/3h3e.tex,1,1,missing-question,Le contenu doit contenir au moins une \question{...}.
content/exercises/exo7/2-L1/3nIC.tex,1,1,missing-question,Le contenu doit contenir au moins une \question{...}.
content/exercises/exo7/2-L1/4637.tex,1,1,missing-question,Le contenu doit contenir au moins une \question{...}.
content/exercises/exo7/2-L1/468u.tex,1,1,missing-question,Le contenu doit contenir au moins une \question{...}.
content/exercises/exo7/2-L1/47oB.tex,1,1,missing-question,Le contenu doit contenir au moins une \question{...}.
content/exercises/exo7/2-L1/4AIV.tex,1,1,missing-question,Le contenu doit contenir au moins une \question{...}.
content/exercises/exo7/2-L1/4Ahb.tex,1,1,missing-question,Le contenu doit contenir au moins une \question{...}.
content/exercises/exo7/2-L1/4OCH.tex,1,1,missing-question,Le contenu doit contenir au moins une \question{...}.
content/exercises/exo7/2-L1/4eRo.tex,1,1,missing-question,Le contenu doit contenir au moins une \question{...}.
content/exercises/exo7/2-L1/4mTF.tex,1,1,missing-question,Le contenu doit contenir au moins une \question{...}.
content/exercises/exo7/2-L1/4rr8.tex,1,1,missing-question,Le contenu doit contenir au moins une \question{...}.
content/exercises/exo7/2-L1/4tgT.tex,1,1,missing-question,Le contenu doit contenir au moins une \question{...}.
content/exercises/exo7/2-L1/50ik.tex,1,1,missing-question,Le contenu doit contenir au moins une \question{...}.
content/exercises/exo7/2-L1/56Lq.tex,1,1,missing-question,Le contenu doit contenir au moins une \question{...}.
content/exercises/exo7/2-L1/56TE.tex,1,1,missing-question,Le contenu doit contenir au moins une \question{...}.
content/exercises/exo7/2-L1/59DU.tex,1,1,missing-question,Le contenu doit contenir au moins une \question{...}.
content/exercises/exo7/2-L1/5JQI.tex,1,1,missing-question,Le contenu doit contenir au moins une \question{...}.
content/exercises/exo7/2-L1/5PeK.tex,1,1,missing-question,Le contenu doit contenir au moins une \question{...}.
content/exercises/exo7/2-L1/5XGQ.tex,1,1,missing-question,Le contenu doit contenir au moins une \question{...}.
content/exercises/exo7/2-L1/5alP.tex,1,1,missing-question,Le contenu doit contenir au moins une \question{...}.
content/exercises/exo7/2-L1/5ap3.tex,1,1,missing-question,Le contenu doit contenir au moins une \question{...}.
content/exercises/exo7/2-L1/5h9l.tex,1,1,missing-question,Le contenu doit contenir au moins une \question{...}.
content/exercises/exo7/2-L1/5mp6.tex,1,1,missing-question,Le contenu doit contenir au moins une \question{...}.
content/exercises/exo7/2-L1/62sB.tex,1,1,missing-question,Le contenu doit contenir au moins une \question{...}.
content/exercises/exo7/2-L1/64dq.tex,1,1,missing-question,Le contenu doit contenir au moins une \question{...}.
content/exercises/exo7/2-L1/66fn.tex,1,1,missing-question,Le contenu doit contenir au moins une \question{...}.
content/exercises/exo7/2-L1/6Ao1.tex,1,1,missing-question,Le contenu doit contenir au moins une \question{...}.
content/exercises/exo7/2-L1/6B3h.tex,1,1,missing-question,Le contenu doit contenir au moins une \question{...}.
content/exercises/exo7/2-L1/6BMT.tex,1,1,missing-question,Le contenu doit contenir au moins une \question{...}.
content/exercises/exo7/2-L1/6DsG.tex,1,1,missing-question,Le contenu doit contenir au moins une \question{...}.
content/exercises/exo7/2-L1/6Mz1.tex,1,1,missing-question,Le contenu doit contenir au moins une \question{...}.
content/exercises/exo7/2-L1/6Ruo.tex,1,1,missing-question,Le contenu doit contenir au moins une \question{...}.
content/exercises/exo7/2-L1/6VKd.tex,1,1,missing-question,Le contenu doit contenir au moins une \question{...}.
content/exercises/exo7/2-L1/6Vmh.tex,1,1,missing-question,Le contenu doit contenir au moins une \question{...}.
content/exercises/exo7/2-L1/6Z10.tex,1,1,missing-question,Le contenu doit contenir au moins une \question{...}.
content/exercises/exo7/2-L1/6cAX.tex,1,1,missing-question,Le contenu doit contenir au moins une \question{...}.
content/exercises/exo7/2-L1/6gfk.tex,1,1,missing-question,Le contenu doit contenir au moins une \question{...}.
content/exercises/exo7/2-L1/6gfl.tex,1,1,missing-question,Le contenu doit contenir au moins une \question{...}.
content/exercises/exo7/2-L1/6hGD.tex,1,1,missing-question,Le contenu doit contenir au moins une \question{...}.
content/exercises/exo7/2-L1/6jxs.tex,1,1,missing-question,Le contenu doit contenir au moins une \question{...}.
content/exercises/exo7/2-L1/6rC0.tex,1,1,missing-question,Le contenu doit contenir au moins une \question{...}.
content/exercises/exo7/2-L1/76CJ.tex,1,1,missing-question,Le contenu doit contenir au moins une \question{...}.
content/exercises/exo7/2-L1/7DdA.tex,1,1,missing-question,Le contenu doit contenir au moins une \question{...}.
content/exercises/exo7/2-L1/7ErJ.tex,1,1,missing-question,Le contenu doit contenir au moins une \question{...}.
content/exercises/exo7/2-L1/7FbT.tex,1,1,missing-question,Le contenu doit contenir au moins une \question{...}.
content/exercises/exo7/2-L1/7Gfm.tex,1,1,missing-question,Le contenu doit contenir au moins une \question{...}.
content/exercises/exo7/2-L1/7Mva.tex,1,1,missing-question,Le contenu doit contenir au moins une \question{...}.
content/exercises/exo7/2-L1/7X6C.tex,1,1,missing-question,Le contenu doit contenir au moins une \question{...}.
content/exercises/exo7/2-L1/7bbg.tex,1,1,missing-question,Le contenu doit contenir au moins une \question{...}.
content/exercises/exo7/2-L1/7h18.tex,1,1,missing-question,Le contenu doit contenir au moins une \question{...}.
content/exercises/exo7/2-L1/7pTC.tex,1,1,missing-question,Le contenu doit contenir au moins une \question{...}.
content/exercises/exo7/2-L1/7qJO.tex,1,1,missing-question,Le contenu doit contenir au moins une \question{...}.
content/exercises/exo7/2-L1/7tkq.tex,1,1,missing-question,Le contenu doit contenir au moins une \question{...}.
content/exercises/exo7/2-L1/7vYj.tex,1,1,missing-question,Le contenu doit contenir au moins une \question{...}.
content/exercises/exo7/2-L1/7vwz.tex,1,1,missing-question,Le contenu doit contenir au moins une \question{...}.
content/exercises/exo7/2-L1/8BKY.tex,1,1,missing-question,Le contenu doit contenir au moins une \question{...}.
content/exercises/exo7/2-L1/8QU1.tex,1,1,missing-question,Le contenu doit contenir au moins une \question{...}.
content/exercises/exo7/2-L1/8rVS.tex,1,1,missing-question,Le contenu doit contenir au moins une \question{...}.
content/exercises/exo7/2-L1/8yUP.tex,1,1,missing-question,Le contenu doit contenir au moins une \question{...}.
content/exercises/exo7/2-L1/8yrO.tex,1,1,missing-question,Le contenu doit contenir au moins une \question{...}.
content/exercises/exo7/2-L1/8z7e.tex,1,1,missing-question,Le contenu doit contenir au moins une \question{...}.
content/exercises/exo7/2-L1/8zx4.tex,1,1,missing-question,Le contenu doit contenir au moins une \question{...}.
content/exercises/exo7/2-L1/90Dk.tex,1,1,missing-question,Le contenu doit contenir au moins une \question{...}.
content/exercises/exo7/2-L1/92bp.tex,1,1,missing-question,Le contenu doit contenir au moins une \question{...}.
content/exercises/exo7/2-L1/96Sl.tex,1,1,missing-question,Le contenu doit contenir au moins une \question{...}.
content/exercises/exo7/2-L1/972E.tex,1,1,missing-question,Le contenu doit contenir au moins une \question{...}.
content/exercises/exo7/2-L1/9Dui.tex,1,1,missing-question,Le contenu doit contenir au moins une \question{...}.
content/exercises/exo7/2-L1/9FXC.tex,1,1,missing-question,Le contenu doit contenir au moins une \question{...}.
content/exercises/exo7/2-L1/9FaQ.tex,1,1,missing-question,Le contenu doit contenir au moins une \question{...}.
content/exercises/exo7/2-L1/9NNY.tex,1,1,missing-question,Le contenu doit contenir au moins une \question{...}.
content/exercises/exo7/2-L1/9XMd.tex,1,1,missing-question,Le contenu doit contenir au moins une \question{...}.
content/exercises/exo7/2-L1/9XZv.tex,1,1,missing-question,Le contenu doit contenir au moins une \question{...}.
content/exercises/exo7/2-L1/9Z4L.tex,1,1,missing-question,Le contenu doit contenir au moins une \question{...}.
content/exercises/exo7/2-L1/9axm.tex,1,1,missing-question,Le contenu doit contenir au moins une \question{...}.
content/exercises/exo7/2-L1/9c2f.tex,1,1,missing-question,Le contenu doit contenir au moins une \question{...}.
content/exercises/exo7/2-L1/9hXx.tex,1,1,missing-question,Le contenu doit contenir au moins une \question{...}.
content/exercises/exo7/2-L1/9ueP.tex,1,1,missing-question,Le contenu doit contenir au moins une \question{...}.
content/exercises/exo7/2-L1/9x6M.tex,1,1,missing-question,Le contenu doit contenir au moins une \question{...}.
content/exercises/exo7/2-L1/9zdF.tex,1,1,missing-question,Le contenu doit contenir au moins une \question{...}.
content/exercises/exo7/2-L1/A8Yd.tex,1,1,missing-question,Le contenu doit contenir au moins une \question{...}.
content/exercises/exo7/2-L1/AAvv.tex,1,1,missing-question,Le contenu doit contenir au moins une \question{...}.
content/exercises/exo7/2-L1/ACHS.tex,1,1,missing-question,Le contenu doit contenir au moins une \question{...}.
content/exercises/exo7/2-L1/AFYw.tex,1,1,missing-question,Le contenu doit contenir au moins une \question{...}.
content/exercises/exo7/2-L1/AHy2.tex,1,1,missing-question,Le contenu doit contenir au moins une \question{...}.
content/exercises/exo7/2-L1/ANN3.tex,1,1,missing-question,Le contenu doit contenir au moins une \question{...}.
content/exercises/exo7/2-L1/AQ6H.tex,1,1,missing-question,Le contenu doit contenir au moins une \question{...}.
content/exercises/exo7/2-L1/AQtx.tex,1,1,missing-question,Le contenu doit contenir au moins une \question{...}.
content/exercises/exo7/2-L1/ARVL.tex,1,1,missing-question,Le contenu doit contenir au moins une \question{...}.
content/exercises/exo7/2-L1/AYdv.tex,1,1,missing-question,Le contenu doit contenir au moins une \question{...}.
content/exercises/exo7/2-L1/AeqM.tex,1,1,missing-question,Le contenu doit contenir au moins une \question{...}.
content/exercises/exo7/2-L1/AgUw.tex,1,1,missing-question,Le contenu doit contenir au moins une \question{...}.
content/exercises/exo7/2-L1/AhZO.tex,1,1,missing-question,Le contenu doit contenir au moins une \question{...}.
content/exercises/exo7/2-L1/AuGs.tex,1,1,missing-question,Le contenu doit contenir au moins une \question{...}.
content/exercises/exo7/2-L1/AwBU.tex,1,1,missing-question,Le contenu doit contenir au moins une \question{...}.
content/exercises/exo7/2-L1/BJxY.tex,1,1,missing-question,Le contenu doit contenir au moins une \question{...}.
content/exercises/exo7/2-L1/BSwQ.tex,1,1,missing-question,Le contenu doit contenir au moins une \question{...}.
content/exercises/exo7/2-L1/BXRB.tex,1,1,missing-question,Le contenu doit contenir au moins une \question{...}.
content/exercises/exo7/2-L1/BXey.tex,1,1,missing-question,Le contenu doit contenir au moins une \question{...}.
content/exercises/exo7/2-L1/Ba8z.tex,1,1,missing-question,Le contenu doit contenir au moins une \question{...}.
content/exercises/exo7/2-L1/BhBw.tex,1,1,missing-question,Le contenu doit contenir au moins une \question{...}.
content/exercises/exo7/2-L1/BlHq.tex,1,1,missing-question,Le contenu doit contenir au moins une \question{...}.
content/exercises/exo7/2-L1/Buw4.tex,1,1,missing-question,Le contenu doit contenir au moins une \question{...}.
content/exercises/exo7/2-L1/BvSa.tex,1,1,missing-question,Le contenu doit contenir au moins une \question{...}.
content/exercises/exo7/2-L1/BwWC.tex,1,1,missing-question,Le contenu doit contenir au moins une \question{...}.
content/exercises/exo7/2-L1/C2pr.tex,1,1,missing-question,Le contenu doit contenir au moins une \question{...}.
content/exercises/exo7/2-L1/C5xh.tex,1,1,missing-question,Le contenu doit contenir au moins une \question{...}.
content/exercises/exo7/2-L1/CI1Y.tex,1,1,missing-question,Le contenu doit contenir au moins une \question{...}.
content/exercises/exo7/2-L1/CJcZ.tex,1,1,missing-question,Le contenu doit contenir au moins une \question{...}.
content/exercises/exo7/2-L1/CWuW.tex,1,1,missing-question,Le contenu doit contenir au moins une \question{...}.
content/exercises/exo7/2-L1/CYLx.tex,1,1,missing-question,Le contenu doit contenir au moins une \question{...}.
content/exercises/exo7/2-L1/Cf8y.tex,1,1,missing-question,Le contenu doit contenir au moins une \question{...}.
content/exercises/exo7/2-L1/CftD.tex,1,1,missing-question,Le contenu doit contenir au moins une \question{...}.
content/exercises/exo7/2-L1/CrfV.tex,1,1,missing-question,Le contenu doit contenir au moins une \question{...}.
content/exercises/exo7/2-L1/CwIQ.tex,1,1,missing-question,Le contenu doit contenir au moins une \question{...}.
content/exercises/exo7/2-L1/D1Mu.tex,1,1,missing-question,Le contenu doit contenir au moins une \question{...}.
content/exercises/exo7/2-L1/D2gm.tex,1,1,missing-question,Le contenu doit contenir au moins une \question{...}.
content/exercises/exo7/2-L1/D326.tex,1,1,missing-question,Le contenu doit contenir au moins une \question{...}.
content/exercises/exo7/2-L1/D4WM.tex,1,1,missing-question,Le contenu doit contenir au moins une \question{...}.
content/exercises/exo7/2-L1/D5ud.tex,1,1,missing-question,Le contenu doit contenir au moins une \question{...}.
content/exercises/exo7/2-L1/DAcN.tex,1,1,missing-question,Le contenu doit contenir au moins une \question{...}.
content/exercises/exo7/2-L1/DIRB.tex,1,1,missing-question,Le contenu doit contenir au moins une \question{...}.
content/exercises/exo7/2-L1/DK8M.tex,1,1,missing-question,Le contenu doit contenir au moins une \question{...}.
content/exercises/exo7/2-L1/DQYn.tex,1,1,missing-question,Le contenu doit contenir au moins une \question{...}.
content/exercises/exo7/2-L1/Dg5I.tex,1,1,missing-question,Le contenu doit contenir au moins une \question{...}.
content/exercises/exo7/2-L1/DlVH.tex,1,1,missing-question,Le contenu doit contenir au moins une \question{...}.
content/exercises/exo7/2-L1/DquN.tex,1,1,missing-question,Le contenu doit contenir au moins une \question{...}.
content/exercises/exo7/2-L1/DrSs.tex,1,1,missing-question,Le contenu doit contenir au moins une \question{...}.
content/exercises/exo7/2-L1/DrUZ.tex,1,1,missing-question,Le contenu doit contenir au moins une \question{...}.
content/exercises/exo7/2-L1/DyCu.tex,1,1,missing-question,Le contenu doit contenir au moins une \question{...}.
content/exercises/exo7/2-L1/E0yh.tex,1,1,missing-question,Le contenu doit contenir au moins une \question{...}.
content/exercises/exo7/2-L1/E1GI.tex,1,1,missing-question,Le contenu doit contenir au moins une \question{...}.
content/exercises/exo7/2-L1/EDjg.tex,1,1,missing-question,Le contenu doit contenir au moins une \question{...}.
content/exercises/exo7/2-L1/EG9l.tex,1,1,missing-question,Le contenu doit contenir au moins une \question{...}.
content/exercises/exo7/2-L1/EJfJ.tex,1,1,missing-question,Le contenu doit contenir au moins une \question{...}.
content/exercises/exo7/2-L1/EVLF.tex,1,1,missing-question,Le contenu doit contenir au moins une \question{...}.
content/exercises/exo7/2-L1/EWP3.tex,1,1,missing-question,Le contenu doit contenir au moins une \question{...}.
content/exercises/exo7/2-L1/EgcG.tex,1,1,missing-question,Le contenu doit contenir au moins une \question{...}.
content/exercises/exo7/2-L1/Eh26.tex,1,1,missing-question,Le contenu doit contenir au moins une \question{...}.
content/exercises/exo7/2-L1/EoI9.tex,1,1,missing-question,Le contenu doit contenir au moins une \question{...}.
content/exercises/exo7/2-L1/EpZ2.tex,1,1,missing-question,Le contenu doit contenir au moins une \question{...}.
content/exercises/exo7/2-L1/F10v.tex,1,1,missing-question,Le contenu doit contenir au moins une \question{...}.
content/exercises/exo7/2-L1/F2sw.tex,1,1,missing-question,Le contenu doit contenir au moins une \question{...}.
content/exercises/exo7/2-L1/F4IT.tex,1,1,missing-question,Le contenu doit contenir au moins une \question{...}.
content/exercises/exo7/2-L1/FDqW.tex,1,1,missing-question,Le contenu doit contenir au moins une \question{...}.
content/exercises/exo7/2-L1/FNXI.tex,1,1,missing-question,Le contenu doit contenir au moins une \question{...}.
content/exercises/exo7/2-L1/FU2O.tex,1,1,missing-question,Le contenu doit contenir au moins une \question{...}.
content/exercises/exo7/2-L1/FdGR.tex,1,1,missing-question,Le contenu doit contenir au moins une \question{...}.
content/exercises/exo7/2-L1/FdTF.tex,1,1,missing-question,Le contenu doit contenir au moins une \question{...}.
content/exercises/exo7/2-L1/Fdp2.tex,1,1,missing-question,Le contenu doit contenir au moins une \question{...}.
content/exercises/exo7/2-L1/Fi5O.tex,1,1,missing-question,Le contenu doit contenir au moins une \question{...}.
content/exercises/exo7/2-L1/Fkuf.tex,1,1,missing-question,Le contenu doit contenir au moins une \question{...}.
content/exercises/exo7/2-L1/FlPS.tex,1,1,missing-question,Le contenu doit contenir au moins une \question{...}.
content/exercises/exo7/2-L1/Fx2u.tex,1,1,missing-question,Le contenu doit contenir au moins une \question{...}.
content/exercises/exo7/2-L1/FxHF.tex,1,1,missing-question,Le contenu doit contenir au moins une \question{...}.
content/exercises/exo7/2-L1/G2R2.tex,1,1,missing-question,Le contenu doit contenir au moins une \question{...}.
content/exercises/exo7/2-L1/G3dr.tex,1,1,missing-question,Le contenu doit contenir au moins une \question{...}.
content/exercises/exo7/2-L1/G4bj.tex,1,1,missing-question,Le contenu doit contenir au moins une \question{...}.
content/exercises/exo7/2-L1/G7Rj.tex,1,1,missing-question,Le contenu doit contenir au moins une \question{...}.
content/exercises/exo7/2-L1/G7wl.tex,1,1,missing-question,Le contenu doit contenir au moins une \question{...}.
content/exercises/exo7/2-L1/G8mA.tex,1,1,missing-question,Le contenu doit contenir au moins une \question{...}.
content/exercises/exo7/2-L1/GDSM.tex,1,1,missing-question,Le contenu doit contenir au moins une \question{...}.
content/exercises/exo7/2-L1/GQUY.tex,1,1,missing-question,Le contenu doit contenir au moins une \question{...}.
content/exercises/exo7/2-L1/GSDl.tex,1,1,missing-question,Le contenu doit contenir au moins une \question{...}.
content/exercises/exo7/2-L1/GXfJ.tex,1,1,missing-question,Le contenu doit contenir au moins une \question{...}.
content/exercises/exo7/2-L1/GgbS.tex,1,1,missing-question,Le contenu doit contenir au moins une \question{...}.
content/exercises/exo7/2-L1/GkQ1.tex,1,1,missing-question,Le contenu doit contenir au moins une \question{...}.
content/exercises/exo7/2-L1/GpMF.tex,1,1,missing-question,Le contenu doit contenir au moins une \question{...}.
content/exercises/exo7/2-L1/Gpx1.tex,1,1,missing-question,Le contenu doit contenir au moins une \question{...}.
content/exercises/exo7/2-L1/GrBU.tex,1,1,missing-question,Le contenu doit contenir au moins une \question{...}.
content/exercises/exo7/2-L1/Gs2x.tex,1,1,missing-question,Le contenu doit contenir au moins une \question{...}.
content/exercises/exo7/2-L1/GtXz.tex,1,1,missing-question,Le contenu doit contenir au moins une \question{...}.
content/exercises/exo7/2-L1/Gwqq.tex,1,1,missing-question,Le contenu doit contenir au moins une \question{...}.
content/exercises/exo7/2-L1/GxHA.tex,1,1,missing-question,Le contenu doit contenir au moins une \question{...}.
content/exercises/exo7/2-L1/Gz4J.tex,1,1,missing-question,Le contenu doit contenir au moins une \question{...}.
content/exercises/exo7/2-L1/H2MA.tex,1,1,missing-question,Le contenu doit contenir au moins une \question{...}.
content/exercises/exo7/2-L1/H2dF.tex,1,1,missing-question,Le contenu doit contenir au moins une \question{...}.
content/exercises/exo7/2-L1/H6GC.tex,1,1,missing-question,Le contenu doit contenir au moins une \question{...}.
content/exercises/exo7/2-L1/H9R3.tex,1,1,missing-question,Le contenu doit contenir au moins une \question{...}.
content/exercises/exo7/2-L1/HCYf.tex,1,1,missing-question,Le contenu doit contenir au moins une \question{...}.
content/exercises/exo7/2-L1/HDhu.tex,1,1,missing-question,Le contenu doit contenir au moins une \question{...}.
content/exercises/exo7/2-L1/HDym.tex,1,1,missing-question,Le contenu doit contenir au moins une \question{...}.
content/exercises/exo7/2-L1/HMrd.tex,1,1,missing-question,Le contenu doit contenir au moins une \question{...}.
content/exercises/exo7/2-L1/HPax.tex,1,1,missing-question,Le contenu doit contenir au moins une \question{...}.
content/exercises/exo7/2-L1/HV5O.tex,1,1,missing-question,Le contenu doit contenir au moins une \question{...}.
content/exercises/exo7/2-L1/HZ9H.tex,1,1,missing-question,Le contenu doit contenir au moins une \question{...}.
content/exercises/exo7/2-L1/HZBj.tex,1,1,missing-question,Le contenu doit contenir au moins une \question{...}.
content/exercises/exo7/2-L1/Ha4d.tex,1,1,missing-question,Le contenu doit contenir au moins une \question{...}.
content/exercises/exo7/2-L1/HdTi.tex,1,1,missing-question,Le contenu doit contenir au moins une \question{...}.
content/exercises/exo7/2-L1/Hdpc.tex,1,1,missing-question,Le contenu doit contenir au moins une \question{...}.
content/exercises/exo7/2-L1/HopN.tex,1,1,missing-question,Le contenu doit contenir au moins une \question{...}.
content/exercises/exo7/2-L1/HovQ.tex,1,1,missing-question,Le contenu doit contenir au moins une \question{...}.
content/exercises/exo7/2-L1/I0Vq.tex,1,1,missing-question,Le contenu doit contenir au moins une \question{...}.
content/exercises/exo7/2-L1/IJZK.tex,1,1,missing-question,Le contenu doit contenir au moins une \question{...}.
content/exercises/exo7/2-L1/ILnQ.tex,1,1,missing-question,Le contenu doit contenir au moins une \question{...}.
content/exercises/exo7/2-L1/IO5v.tex,1,1,missing-question,Le contenu doit contenir au moins une \question{...}.
content/exercises/exo7/2-L1/IaAC.tex,1,1,missing-question,Le contenu doit contenir au moins une \question{...}.
content/exercises/exo7/2-L1/Ieca.tex,1,1,missing-question,Le contenu doit contenir au moins une \question{...}.
content/exercises/exo7/2-L1/Ifyp.tex,1,1,missing-question,Le contenu doit contenir au moins une \question{...}.
content/exercises/exo7/2-L1/In1b.tex,1,1,missing-question,Le contenu doit contenir au moins une \question{...}.
content/exercises/exo7/2-L1/In1q.tex,1,1,missing-question,Le contenu doit contenir au moins une \question{...}.
content/exercises/exo7/2-L1/Ipz1.tex,1,1,missing-question,Le contenu doit contenir au moins une \question{...}.
content/exercises/exo7/2-L1/IqMo.tex,1,1,missing-question,Le contenu doit contenir au moins une \question{...}.
content/exercises/exo7/2-L1/ItjC.tex,1,1,missing-question,Le contenu doit contenir au moins une \question{...}.
content/exercises/exo7/2-L1/JAlN.tex,1,1,missing-question,Le contenu doit contenir au moins une \question{...}.
content/exercises/exo7/2-L1/JEQO.tex,1,1,missing-question,Le contenu doit contenir au moins une \question{...}.
content/exercises/exo7/2-L1/JEf6.tex,1,1,missing-question,Le contenu doit contenir au moins une \question{...}.
content/exercises/exo7/2-L1/JI9W.tex,1,1,missing-question,Le contenu doit contenir au moins une \question{...}.
content/exercises/exo7/2-L1/JI9m.tex,1,1,missing-question,Le contenu doit contenir au moins une \question{...}.
content/exercises/exo7/2-L1/JIAk.tex,1,1,missing-question,Le contenu doit contenir au moins une \question{...}.
content/exercises/exo7/2-L1/JNIf.tex,1,1,missing-question,Le contenu doit contenir au moins une \question{...}.
content/exercises/exo7/2-L1/JRkx.tex,1,1,missing-question,Le contenu doit contenir au moins une \question{...}.
content/exercises/exo7/2-L1/JSfO.tex,1,1,missing-question,Le contenu doit contenir au moins une \question{...}.
content/exercises/exo7/2-L1/JZd3.tex,1,1,missing-question,Le contenu doit contenir au moins une \question{...}.
content/exercises/exo7/2-L1/JaoI.tex,1,1,missing-question,Le contenu doit contenir au moins une \question{...}.
content/exercises/exo7/2-L1/Je94.tex,1,1,missing-question,Le contenu doit contenir au moins une \question{...}.
content/exercises/exo7/2-L1/Jliz.tex,1,1,missing-question,Le contenu doit contenir au moins une \question{...}.
content/exercises/exo7/2-L1/K2A3.tex,1,1,missing-question,Le contenu doit contenir au moins une \question{...}.
content/exercises/exo7/2-L1/K35Y.tex,1,1,missing-question,Le contenu doit contenir au moins une \question{...}.
content/exercises/exo7/2-L1/K9s6.tex,1,1,missing-question,Le contenu doit contenir au moins une \question{...}.
content/exercises/exo7/2-L1/KFTe.tex,1,1,missing-question,Le contenu doit contenir au moins une \question{...}.
content/exercises/exo7/2-L1/KIWt.tex,1,1,missing-question,Le contenu doit contenir au moins une \question{...}.
content/exercises/exo7/2-L1/KJTX.tex,1,1,missing-question,Le contenu doit contenir au moins une \question{...}.
content/exercises/exo7/2-L1/KUIM.tex,1,1,missing-question,Le contenu doit contenir au moins une \question{...}.
content/exercises/exo7/2-L1/KV5e.tex,1,1,missing-question,Le contenu doit contenir au moins une \question{...}.
content/exercises/exo7/2-L1/KViR.tex,1,1,missing-question,Le contenu doit contenir au moins une \question{...}.
content/exercises/exo7/2-L1/KdHM.tex,1,1,missing-question,Le contenu doit contenir au moins une \question{...}.
content/exercises/exo7/2-L1/Ki8e.tex,1,1,missing-question,Le contenu doit contenir au moins une \question{...}.
content/exercises/exo7/2-L1/Kqfi.tex,1,1,missing-question,Le contenu doit contenir au moins une \question{...}.
content/exercises/exo7/2-L1/KrKi.tex,1,1,missing-question,Le contenu doit contenir au moins une \question{...}.
content/exercises/exo7/2-L1/Kthl.tex,1,1,missing-question,Le contenu doit contenir au moins une \question{...}.
content/exercises/exo7/2-L1/KwAE.tex,1,1,missing-question,Le contenu doit contenir au moins une \question{...}.
content/exercises/exo7/2-L1/L3GE.tex,1,1,missing-question,Le contenu doit contenir au moins une \question{...}.
content/exercises/exo7/2-L1/L6EK.tex,1,1,missing-question,Le contenu doit contenir au moins une \question{...}.
content/exercises/exo7/2-L1/LDJL.tex,1,1,missing-question,Le contenu doit contenir au moins une \question{...}.
content/exercises/exo7/2-L1/LFDJ.tex,1,1,missing-question,Le contenu doit contenir au moins une \question{...}.
content/exercises/exo7/2-L1/LVqF.tex,1,1,missing-question,Le contenu doit contenir au moins une \question{...}.
content/exercises/exo7/2-L1/LWBe.tex,1,1,missing-question,Le contenu doit contenir au moins une \question{...}.
content/exercises/exo7/2-L1/LdT3.tex,1,1,missing-question,Le contenu doit contenir au moins une \question{...}.
content/exercises/exo7/2-L1/Lks3.tex,1,1,missing-question,Le contenu doit contenir au moins une \question{...}.
content/exercises/exo7/2-L1/LmOo.tex,1,1,missing-question,Le contenu doit contenir au moins une \question{...}.
content/exercises/exo7/2-L1/Lq60.tex,1,1,missing-question,Le contenu doit contenir au moins une \question{...}.
content/exercises/exo7/2-L1/LsR9.tex,1,1,missing-question,Le contenu doit contenir au moins une \question{...}.
content/exercises/exo7/2-L1/LuSj.tex,1,1,missing-question,Le contenu doit contenir au moins une \question{...}.
content/exercises/exo7/2-L1/Lz2r.tex,1,1,missing-question,Le contenu doit contenir au moins une \question{...}.
content/exercises/exo7/2-L1/M1SN.tex,1,1,missing-question,Le contenu doit contenir au moins une \question{...}.
content/exercises/exo7/2-L1/M5EH.tex,1,1,missing-question,Le contenu doit contenir au moins une \question{...}.
content/exercises/exo7/2-L1/MKRV.tex,1,1,missing-question,Le contenu doit contenir au moins une \question{...}.
content/exercises/exo7/2-L1/MO1t.tex,1,1,missing-question,Le contenu doit contenir au moins une \question{...}.
content/exercises/exo7/2-L1/MPEd.tex,1,1,missing-question,Le contenu doit contenir au moins une \question{...}.
content/exercises/exo7/2-L1/MWLo.tex,1,1,missing-question,Le contenu doit contenir au moins une \question{...}.
content/exercises/exo7/2-L1/MeXC.tex,1,1,missing-question,Le contenu doit contenir au moins une \question{...}.
content/exercises/exo7/2-L1/MiMP.tex,1,1,missing-question,Le contenu doit contenir au moins une \question{...}.
content/exercises/exo7/2-L1/MmHX.tex,1,1,missing-question,Le contenu doit contenir au moins une \question{...}.
content/exercises/exo7/2-L1/MzIP.tex,1,1,missing-question,Le contenu doit contenir au moins une \question{...}.
content/exercises/exo7/2-L1/Mzch.tex,1,1,missing-question,Le contenu doit contenir au moins une \question{...}.
content/exercises/exo7/2-L1/N0Yz.tex,1,1,missing-question,Le contenu doit contenir au moins une \question{...}.
content/exercises/exo7/2-L1/N9Ga.tex,1,1,missing-question,Le contenu doit contenir au moins une \question{...}.
content/exercises/exo7/2-L1/NDxp.tex,1,1,missing-question,Le contenu doit contenir au moins une \question{...}.
content/exercises/exo7/2-L1/NPqv.tex,1,1,missing-question,Le contenu doit contenir au moins une \question{...}.
content/exercises/exo7/2-L1/NTQA.tex,1,1,missing-question,Le contenu doit contenir au moins une \question{...}.
content/exercises/exo7/2-L1/NVxb.tex,1,1,missing-question,Le contenu doit contenir au moins une \question{...}.
content/exercises/exo7/2-L1/NY5H.tex,1,1,missing-question,Le contenu doit contenir au moins une \question{...}.
content/exercises/exo7/2-L1/Ncop.tex,1,1,missing-question,Le contenu doit contenir au moins une \question{...}.
content/exercises/exo7/2-L1/Nfbm.tex,1,1,missing-question,Le contenu doit contenir au moins une \question{...}.
content/exercises/exo7/2-L1/NuJ5.tex,1,1,missing-question,Le contenu doit contenir au moins une \question{...}.
content/exercises/exo7/2-L1/O0oB.tex,1,1,missing-question,Le contenu doit contenir au moins une \question{...}.
content/exercises/exo7/2-L1/O57j.tex,1,1,missing-question,Le contenu doit contenir au moins une \question{...}.
content/exercises/exo7/2-L1/O6nt.tex,1,1,missing-question,Le contenu doit contenir au moins une \question{...}.
content/exercises/exo7/2-L1/O7yO.tex,1,1,missing-question,Le contenu doit contenir au moins une \question{...}.
content/exercises/exo7/2-L1/O8bp.tex,1,1,missing-question,Le contenu doit contenir au moins une \question{...}.
content/exercises/exo7/2-L1/O9qs.tex,1,1,missing-question,Le contenu doit contenir au moins une \question{...}.
content/exercises/exo7/2-L1/OAWR.tex,1,1,missing-question,Le contenu doit contenir au moins une \question{...}.
content/exercises/exo7/2-L1/OGvR.tex,1,1,missing-question,Le contenu doit contenir au moins une \question{...}.
content/exercises/exo7/2-L1/OIEk.tex,1,1,missing-question,Le contenu doit contenir au moins une \question{...}.
content/exercises/exo7/2-L1/OIj9.tex,1,1,missing-question,Le contenu doit contenir au moins une \question{...}.
content/exercises/exo7/2-L1/OTk2.tex,1,1,missing-question,Le contenu doit contenir au moins une \question{...}.
content/exercises/exo7/2-L1/OTsx.tex,1,1,missing-question,Le contenu doit contenir au moins une \question{...}.
content/exercises/exo7/2-L1/Oikx.tex,1,1,missing-question,Le contenu doit contenir au moins une \question{...}.
content/exercises/exo7/2-L1/Omb8.tex,1,1,missing-question,Le contenu doit contenir au moins une \question{...}.
content/exercises/exo7/2-L1/Or56.tex,1,1,missing-question,Le contenu doit contenir au moins une \question{...}.
content/exercises/exo7/2-L1/Otjr.tex,1,1,missing-question,Le contenu doit contenir au moins une \question{...}.
content/exercises/exo7/2-L1/OxRn.tex,1,1,missing-question,Le contenu doit contenir au moins une \question{...}.
content/exercises/exo7/2-L1/OxSO.tex,1,1,missing-question,Le contenu doit contenir au moins une \question{...}.
content/exercises/exo7/2-L1/OzjK.tex,1,1,missing-question,Le contenu doit contenir au moins une \question{...}.
content/exercises/exo7/2-L1/P0Q5.tex,1,1,missing-question,Le contenu doit contenir au moins une \question{...}.
content/exercises/exo7/2-L1/P3pJ.tex,1,1,missing-question,Le contenu doit contenir au moins une \question{...}.
content/exercises/exo7/2-L1/P5Mh.tex,1,1,missing-question,Le contenu doit contenir au moins une \question{...}.
content/exercises/exo7/2-L1/P5jU.tex,1,1,missing-question,Le contenu doit contenir au moins une \question{...}.
content/exercises/exo7/2-L1/P8xe.tex,1,1,missing-question,Le contenu doit contenir au moins une \question{...}.
content/exercises/exo7/2-L1/PDiH.tex,1,1,missing-question,Le contenu doit contenir au moins une \question{...}.
content/exercises/exo7/2-L1/PDwZ.tex,1,1,missing-question,Le contenu doit contenir au moins une \question{...}.
content/exercises/exo7/2-L1/PMwZ.tex,1,1,missing-question,Le contenu doit contenir au moins une \question{...}.
content/exercises/exo7/2-L1/PRBC.tex,1,1,missing-question,Le contenu doit contenir au moins une \question{...}.
content/exercises/exo7/2-L1/PZWL.tex,1,1,missing-question,Le contenu doit contenir au moins une \question{...}.
content/exercises/exo7/2-L1/Pc4x.tex,1,1,missing-question,Le contenu doit contenir au moins une \question{...}.
content/exercises/exo7/2-L1/PlGa.tex,1,1,missing-question,Le contenu doit contenir au moins une \question{...}.
content/exercises/exo7/2-L1/PmmV.tex,1,1,missing-question,Le contenu doit contenir au moins une \question{...}.
content/exercises/exo7/2-L1/PveS.tex,1,1,missing-question,Le contenu doit contenir au moins une \question{...}.
content/exercises/exo7/2-L1/Pzl7.tex,1,1,missing-question,Le contenu doit contenir au moins une \question{...}.
content/exercises/exo7/2-L1/Q228.tex,1,1,missing-question,Le contenu doit contenir au moins une \question{...}.
content/exercises/exo7/2-L1/Q2mH.tex,1,1,missing-question,Le contenu doit contenir au moins une \question{...}.
content/exercises/exo7/2-L1/Q2mh.tex,1,1,missing-question,Le contenu doit contenir au moins une \question{...}.
content/exercises/exo7/2-L1/Q8dR.tex,1,1,missing-question,Le contenu doit contenir au moins une \question{...}.
content/exercises/exo7/2-L1/QBsL.tex,1,1,missing-question,Le contenu doit contenir au moins une \question{...}.
content/exercises/exo7/2-L1/QEX1.tex,1,1,missing-question,Le contenu doit contenir au moins une \question{...}.
content/exercises/exo7/2-L1/QL2T.tex,1,1,missing-question,Le contenu doit contenir au moins une \question{...}.
content/exercises/exo7/2-L1/QNE5.tex,1,1,missing-question,Le contenu doit contenir au moins une \question{...}.
content/exercises/exo7/2-L1/QRpd.tex,1,1,missing-question,Le contenu doit contenir au moins une \question{...}.
content/exercises/exo7/2-L1/Qe8D.tex,1,1,missing-question,Le contenu doit contenir au moins une \question{...}.
content/exercises/exo7/2-L1/Qiuh.tex,1,1,missing-question,Le contenu doit contenir au moins une \question{...}.
content/exercises/exo7/2-L1/QlYZ.tex,1,1,missing-question,Le contenu doit contenir au moins une \question{...}.
content/exercises/exo7/2-L1/QvZI.tex,1,1,missing-question,Le contenu doit contenir au moins une \question{...}.
content/exercises/exo7/2-L1/R1o6.tex,1,1,missing-question,Le contenu doit contenir au moins une \question{...}.
content/exercises/exo7/2-L1/R3uF.tex,1,1,missing-question,Le contenu doit contenir au moins une \question{...}.
content/exercises/exo7/2-L1/RAFV.tex,1,1,missing-question,Le contenu doit contenir au moins une \question{...}.
content/exercises/exo7/2-L1/RHWS.tex,1,1,missing-question,Le contenu doit contenir au moins une \question{...}.
content/exercises/exo7/2-L1/RPd5.tex,1,1,missing-question,Le contenu doit contenir au moins une \question{...}.
content/exercises/exo7/2-L1/RRB1.tex,1,1,missing-question,Le contenu doit contenir au moins une \question{...}.
content/exercises/exo7/2-L1/RUqp.tex,1,1,missing-question,Le contenu doit contenir au moins une \question{...}.
content/exercises/exo7/2-L1/RWnh.tex,1,1,missing-question,Le contenu doit contenir au moins une \question{...}.
content/exercises/exo7/2-L1/Rbx5.tex,1,1,missing-question,Le contenu doit contenir au moins une \question{...}.
content/exercises/exo7/2-L1/RcHz.tex,15,1,malformed-command,La commande \contenu{...} n'est pas fermée correctement.
content/exercises/exo7/2-L1/Re8d.tex,1,1,missing-question,Le contenu doit contenir au moins une \question{...}.
content/exercises/exo7/2-L1/RzV2.tex,1,1,missing-question,Le contenu doit contenir au moins une \question{...}.
content/exercises/exo7/2-L1/Rzhu.tex,1,1,missing-question,Le contenu doit contenir au moins une \question{...}.
content/exercises/exo7/2-L1/S4ms.tex,1,1,missing-question,Le contenu doit contenir au moins une \question{...}.
content/exercises/exo7/2-L1/SCi3.tex,1,1,missing-question,Le contenu doit contenir au moins une \question{...}.
content/exercises/exo7/2-L1/SFsi.tex,1,1,missing-question,Le contenu doit contenir au moins une \question{...}.
content/exercises/exo7/2-L1/SMFI.tex,1,1,missing-question,Le contenu doit contenir au moins une \question{...}.
content/exercises/exo7/2-L1/SQLy.tex,1,1,missing-question,Le contenu doit contenir au moins une \question{...}.
content/exercises/exo7/2-L1/SgPn.tex,1,1,missing-question,Le contenu doit contenir au moins une \question{...}.
content/exercises/exo7/2-L1/SiAq.tex,1,1,missing-question,Le contenu doit contenir au moins une \question{...}.
content/exercises/exo7/2-L1/SiP5.tex,1,1,missing-question,Le contenu doit contenir au moins une \question{...}.
content/exercises/exo7/2-L1/Ss7P.tex,1,1,missing-question,Le contenu doit contenir au moins une \question{...}.
content/exercises/exo7/2-L1/Styx.tex,1,1,missing-question,Le contenu doit contenir au moins une \question{...}.
content/exercises/exo7/2-L1/SxnR.tex,1,1,missing-question,Le contenu doit contenir au moins une \question{...}.
content/exercises/exo7/2-L1/T3Fj.tex,1,1,missing-question,Le contenu doit contenir au moins une \question{...}.
content/exercises/exo7/2-L1/THO7.tex,1,1,missing-question,Le contenu doit contenir au moins une \question{...}.
content/exercises/exo7/2-L1/TKE5.tex,1,1,missing-question,Le contenu doit contenir au moins une \question{...}.
content/exercises/exo7/2-L1/TLu1.tex,1,1,missing-question,Le contenu doit contenir au moins une \question{...}.
content/exercises/exo7/2-L1/TNdQ.tex,1,1,missing-question,Le contenu doit contenir au moins une \question{...}.
content/exercises/exo7/2-L1/TRJw.tex,1,1,missing-question,Le contenu doit contenir au moins une \question{...}.
content/exercises/exo7/2-L1/TUuM.tex,1,1,missing-question,Le contenu doit contenir au moins une \question{...}.
content/exercises/exo7/2-L1/TW3o.tex,1,1,missing-question,Le contenu doit contenir au moins une \question{...}.
content/exercises/exo7/2-L1/Taq8.tex,1,1,missing-question,Le contenu doit contenir au moins une \question{...}.
content/exercises/exo7/2-L1/Tbph.tex,1,1,missing-question,Le contenu doit contenir au moins une \question{...}.
content/exercises/exo7/2-L1/TnHi.tex,1,1,missing-question,Le contenu doit contenir au moins une \question{...}.
content/exercises/exo7/2-L1/TnqK.tex,1,1,missing-question,Le contenu doit contenir au moins une \question{...}.
content/exercises/exo7/2-L1/TpsS.tex,1,1,missing-question,Le contenu doit contenir au moins une \question{...}.
content/exercises/exo7/2-L1/TsjH.tex,1,1,missing-question,Le contenu doit contenir au moins une \question{...}.
content/exercises/exo7/2-L1/Tu2N.tex,1,1,missing-question,Le contenu doit contenir au moins une \question{...}.
content/exercises/exo7/2-L1/U5oS.tex,1,1,missing-question,Le contenu doit contenir au moins une \question{...}.
content/exercises/exo7/2-L1/U781.tex,1,1,missing-question,Le contenu doit contenir au moins une \question{...}.
content/exercises/exo7/2-L1/UCoi.tex,1,1,missing-question,Le contenu doit contenir au moins une \question{...}.
content/exercises/exo7/2-L1/UG2u.tex,1,1,missing-question,Le contenu doit contenir au moins une \question{...}.
content/exercises/exo7/2-L1/UHZJ.tex,1,1,missing-question,Le contenu doit contenir au moins une \question{...}.
content/exercises/exo7/2-L1/UYa3.tex,1,1,missing-question,Le contenu doit contenir au moins une \question{...}.
content/exercises/exo7/2-L1/UkjR.tex,1,1,missing-question,Le contenu doit contenir au moins une \question{...}.
content/exercises/exo7/2-L1/Ur8L.tex,1,1,missing-question,Le contenu doit contenir au moins une \question{...}.
content/exercises/exo7/2-L1/UsA2.tex,1,1,missing-question,Le contenu doit contenir au moins une \question{...}.
content/exercises/exo7/2-L1/UxC1.tex,1,1,missing-question,Le contenu doit contenir au moins une \question{...}.
content/exercises/exo7/2-L1/V2hC.tex,1,1,missing-question,Le contenu doit contenir au moins une \question{...}.
content/exercises/exo7/2-L1/V4oW.tex,1,1,missing-question,Le contenu doit contenir au moins une \question{...}.
content/exercises/exo7/2-L1/V4sO.tex,1,1,missing-question,Le contenu doit contenir au moins une \question{...}.
content/exercises/exo7/2-L1/V8Nb.tex,1,1,missing-question,Le contenu doit contenir au moins une \question{...}.
content/exercises/exo7/2-L1/V8p8.tex,1,1,missing-question,Le contenu doit contenir au moins une \question{...}.
content/exercises/exo7/2-L1/V9B6.tex,1,1,missing-question,Le contenu doit contenir au moins une \question{...}.
content/exercises/exo7/2-L1/VFPD.tex,1,1,missing-question,Le contenu doit contenir au moins une \question{...}.
content/exercises/exo7/2-L1/VGpH.tex,1,1,missing-question,Le contenu doit contenir au moins une \question{...}.
content/exercises/exo7/2-L1/VHMU.tex,1,1,missing-question,Le contenu doit contenir au moins une \question{...}.
content/exercises/exo7/2-L1/VKok.tex,1,1,missing-question,Le contenu doit contenir au moins une \question{...}.
content/exercises/exo7/2-L1/VPoI.tex,1,1,missing-question,Le contenu doit contenir au moins une \question{...}.
content/exercises/exo7/2-L1/VUIy.tex,1,1,missing-question,Le contenu doit contenir au moins une \question{...}.
content/exercises/exo7/2-L1/Vatm.tex,1,1,missing-question,Le contenu doit contenir au moins une \question{...}.
content/exercises/exo7/2-L1/VgF0.tex,1,1,missing-question,Le contenu doit contenir au moins une \question{...}.
content/exercises/exo7/2-L1/VgYX.tex,1,1,missing-question,Le contenu doit contenir au moins une \question{...}.
content/exercises/exo7/2-L1/VhA1.tex,1,1,missing-question,Le contenu doit contenir au moins une \question{...}.
content/exercises/exo7/2-L1/Vsfz.tex,1,1,missing-question,Le contenu doit contenir au moins une \question{...}.
content/exercises/exo7/2-L1/Vtp1.tex,1,1,missing-question,Le contenu doit contenir au moins une \question{...}.
content/exercises/exo7/2-L1/W1um.tex,1,1,missing-question,Le contenu doit contenir au moins une \question{...}.
content/exercises/exo7/2-L1/W3S5.tex,1,1,missing-question,Le contenu doit contenir au moins une \question{...}.
content/exercises/exo7/2-L1/W5By.tex,1,1,missing-question,Le contenu doit contenir au moins une \question{...}.
content/exercises/exo7/2-L1/W5co.tex,1,1,missing-question,Le contenu doit contenir au moins une \question{...}.
content/exercises/exo7/2-L1/W6A4.tex,1,1,missing-question,Le contenu doit contenir au moins une \question{...}.
content/exercises/exo7/2-L1/WFj8.tex,1,1,missing-question,Le contenu doit contenir au moins une \question{...}.
content/exercises/exo7/2-L1/WHpC.tex,1,1,missing-question,Le contenu doit contenir au moins une \question{...}.
content/exercises/exo7/2-L1/WKoB.tex,1,1,missing-question,Le contenu doit contenir au moins une \question{...}.
content/exercises/exo7/2-L1/WS8V.tex,1,1,missing-question,Le contenu doit contenir au moins une \question{...}.
content/exercises/exo7/2-L1/Wdi6.tex,1,1,missing-question,Le contenu doit contenir au moins une \question{...}.
content/exercises/exo7/2-L1/WmCh.tex,1,1,missing-question,Le contenu doit contenir au moins une \question{...}.
content/exercises/exo7/2-L1/WnhZ.tex,1,1,missing-question,Le contenu doit contenir au moins une \question{...}.
content/exercises/exo7/2-L1/WsgJ.tex,1,1,missing-question,Le contenu doit contenir au moins une \question{...}.
content/exercises/exo7/2-L1/WtTm.tex,1,1,missing-question,Le contenu doit contenir au moins une \question{...}.
content/exercises/exo7/2-L1/WvXB.tex,1,1,missing-question,Le contenu doit contenir au moins une \question{...}.
content/exercises/exo7/2-L1/Wx2w.tex,1,1,missing-question,Le contenu doit contenir au moins une \question{...}.
content/exercises/exo7/2-L1/XD3f.tex,1,1,missing-question,Le contenu doit contenir au moins une \question{...}.
content/exercises/exo7/2-L1/XGV3.tex,1,1,missing-question,Le contenu doit contenir au moins une \question{...}.
content/exercises/exo7/2-L1/XMM6.tex,1,1,missing-question,Le contenu doit contenir au moins une \question{...}.
content/exercises/exo7/2-L1/XNaF.tex,1,1,missing-question,Le contenu doit contenir au moins une \question{...}.
content/exercises/exo7/2-L1/XRFQ.tex,1,1,missing-question,Le contenu doit contenir au moins une \question{...}.
content/exercises/exo7/2-L1/XU3R.tex,1,1,missing-question,Le contenu doit contenir au moins une \question{...}.
content/exercises/exo7/2-L1/XUZW.tex,1,1,missing-question,Le contenu doit contenir au moins une \question{...}.
content/exercises/exo7/2-L1/XUzu.tex,1,1,missing-question,Le contenu doit contenir au moins une \question{...}.
content/exercises/exo7/2-L1/XXq9.tex,1,1,missing-question,Le contenu doit contenir au moins une \question{...}.
content/exercises/exo7/2-L1/XYVQ.tex,1,1,missing-question,Le contenu doit contenir au moins une \question{...}.
content/exercises/exo7/2-L1/XhZo.tex,1,1,missing-question,Le contenu doit contenir au moins une \question{...}.
content/exercises/exo7/2-L1/XrD2.tex,1,1,missing-question,Le contenu doit contenir au moins une \question{...}.
content/exercises/exo7/2-L1/Y2iD.tex,1,1,missing-question,Le contenu doit contenir au moins une \question{...}.
content/exercises/exo7/2-L1/Y2vH.tex,1,1,missing-question,Le contenu doit contenir au moins une \question{...}.
content/exercises/exo7/2-L1/Y33u.tex,1,1,missing-question,Le contenu doit contenir au moins une \question{...}.
content/exercises/exo7/2-L1/YLqH.tex,1,1,missing-question,Le contenu doit contenir au moins une \question{...}.
content/exercises/exo7/2-L1/YMZi.tex,1,1,missing-question,Le contenu doit contenir au moins une \question{...}.
content/exercises/exo7/2-L1/YN7p.tex,1,1,missing-question,Le contenu doit contenir au moins une \question{...}.
content/exercises/exo7/2-L1/YS79.tex,1,1,missing-question,Le contenu doit contenir au moins une \question{...}.
content/exercises/exo7/2-L1/YTP1.tex,1,1,missing-question,Le contenu doit contenir au moins une \question{...}.
content/exercises/exo7/2-L1/YVrW.tex,1,1,missing-question,Le contenu doit contenir au moins une \question{...}.
content/exercises/exo7/2-L1/YaCz.tex,1,1,missing-question,Le contenu doit contenir au moins une \question{...}.
content/exercises/exo7/2-L1/YbyR.tex,1,1,missing-question,Le contenu doit contenir au moins une \question{...}.
content/exercises/exo7/2-L1/Ycux.tex,1,1,missing-question,Le contenu doit contenir au moins une \question{...}.
content/exercises/exo7/2-L1/YiCY.tex,1,1,missing-question,Le contenu doit contenir au moins une \question{...}.
content/exercises/exo7/2-L1/YqKf.tex,1,1,missing-question,Le contenu doit contenir au moins une \question{...}.
content/exercises/exo7/2-L1/Yqdu.tex,1,1,missing-question,Le contenu doit contenir au moins une \question{...}.
content/exercises/exo7/2-L1/YtcY.tex,1,1,missing-question,Le contenu doit contenir au moins une \question{...}.
content/exercises/exo7/2-L1/YyJs.tex,1,1,missing-question,Le contenu doit contenir au moins une \question{...}.
content/exercises/exo7/2-L1/Z1Jg.tex,1,1,missing-question,Le contenu doit contenir au moins une \question{...}.
content/exercises/exo7/2-L1/ZDXr.tex,1,1,missing-question,Le contenu doit contenir au moins une \question{...}.
content/exercises/exo7/2-L1/ZJmh.tex,1,1,missing-question,Le contenu doit contenir au moins une \question{...}.
content/exercises/exo7/2-L1/ZNWg.tex,1,1,missing-question,Le contenu doit contenir au moins une \question{...}.
content/exercises/exo7/2-L1/ZOmC.tex,1,1,missing-question,Le contenu doit contenir au moins une \question{...}.
content/exercises/exo7/2-L1/ZUsF.tex,1,1,missing-question,Le contenu doit contenir au moins une \question{...}.
content/exercises/exo7/2-L1/ZUyQ.tex,1,1,missing-question,Le contenu doit contenir au moins une \question{...}.
content/exercises/exo7/2-L1/Zamy.tex,1,1,missing-question,Le contenu doit contenir au moins une \question{...}.
content/exercises/exo7/2-L1/Zbcp.tex,1,1,missing-question,Le contenu doit contenir au moins une \question{...}.
content/exercises/exo7/2-L1/Zhzc.tex,1,1,missing-question,Le contenu doit contenir au moins une \question{...}.
content/exercises/exo7/2-L1/a1iN.tex,1,1,missing-question,Le contenu doit contenir au moins une \question{...}.
content/exercises/exo7/2-L1/a3Bv.tex,1,1,missing-question,Le contenu doit contenir au moins une \question{...}.
content/exercises/exo7/2-L1/a671.tex,1,1,missing-question,Le contenu doit contenir au moins une \question{...}.
content/exercises/exo7/2-L1/aKoZ.tex,1,1,missing-question,Le contenu doit contenir au moins une \question{...}.
content/exercises/exo7/2-L1/aV5n.tex,1,1,missing-question,Le contenu doit contenir au moins une \question{...}.
content/exercises/exo7/2-L1/aXTP.tex,1,1,missing-question,Le contenu doit contenir au moins une \question{...}.
content/exercises/exo7/2-L1/aiYq.tex,1,1,missing-question,Le contenu doit contenir au moins une \question{...}.
content/exercises/exo7/2-L1/apIx.tex,1,1,missing-question,Le contenu doit contenir au moins une \question{...}.
content/exercises/exo7/2-L1/asDE.tex,1,1,missing-question,Le contenu doit contenir au moins une \question{...}.
content/exercises/exo7/2-L1/avyH.tex,1,1,missing-question,Le contenu doit contenir au moins une \question{...}.
content/exercises/exo7/2-L1/axTV.tex,1,1,missing-question,Le contenu doit contenir au moins une \question{...}.
content/exercises/exo7/2-L1/azhC.tex,1,1,missing-question,Le contenu doit contenir au moins une \question{...}.
content/exercises/exo7/2-L1/b3Gt.tex,1,1,missing-question,Le contenu doit contenir au moins une \question{...}.
content/exercises/exo7/2-L1/b7QN.tex,1,1,missing-question,Le contenu doit contenir au moins une \question{...}.
content/exercises/exo7/2-L1/bGTn.tex,1,1,missing-question,Le contenu doit contenir au moins une \question{...}.
content/exercises/exo7/2-L1/bHir.tex,1,1,missing-question,Le contenu doit contenir au moins une \question{...}.
content/exercises/exo7/2-L1/bKTl.tex,1,1,missing-question,Le contenu doit contenir au moins une \question{...}.
content/exercises/exo7/2-L1/bQAN.tex,1,1,missing-question,Le contenu doit contenir au moins une \question{...}.
content/exercises/exo7/2-L1/bVDX.tex,1,1,missing-question,Le contenu doit contenir au moins une \question{...}.
content/exercises/exo7/2-L1/bXEA.tex,1,1,missing-question,Le contenu doit contenir au moins une \question{...}.
content/exercises/exo7/2-L1/bZ21.tex,1,1,missing-question,Le contenu doit contenir au moins une \question{...}.
content/exercises/exo7/2-L1/biNN.tex,1,1,missing-question,Le contenu doit contenir au moins une \question{...}.
content/exercises/exo7/2-L1/btR8.tex,1,1,missing-question,Le contenu doit contenir au moins une \question{...}.
content/exercises/exo7/2-L1/bxsD.tex,1,1,missing-question,Le contenu doit contenir au moins une \question{...}.
content/exercises/exo7/2-L1/bxxI.tex,1,1,missing-question,Le contenu doit contenir au moins une \question{...}.
content/exercises/exo7/2-L1/c7zK.tex,1,1,missing-question,Le contenu doit contenir au moins une \question{...}.
content/exercises/exo7/2-L1/cBL1.tex,1,1,missing-question,Le contenu doit contenir au moins une \question{...}.
content/exercises/exo7/2-L1/cFG8.tex,1,1,missing-question,Le contenu doit contenir au moins une \question{...}.
content/exercises/exo7/2-L1/cFZg.tex,1,1,missing-question,Le contenu doit contenir au moins une \question{...}.
content/exercises/exo7/2-L1/cO0Q.tex,1,1,missing-question,Le contenu doit contenir au moins une \question{...}.
content/exercises/exo7/2-L1/cOz7.tex,1,1,missing-question,Le contenu doit contenir au moins une \question{...}.
content/exercises/exo7/2-L1/cTEg.tex,1,1,missing-question,Le contenu doit contenir au moins une \question{...}.
content/exercises/exo7/2-L1/cUHJ.tex,1,1,missing-question,Le contenu doit contenir au moins une \question{...}.
content/exercises/exo7/2-L1/cW6M.tex,1,1,missing-question,Le contenu doit contenir au moins une \question{...}.
content/exercises/exo7/2-L1/camy.tex,1,1,missing-question,Le contenu doit contenir au moins une \question{...}.
content/exercises/exo7/2-L1/ciBP.tex,1,1,missing-question,Le contenu doit contenir au moins une \question{...}.
content/exercises/exo7/2-L1/csnv.tex,1,1,missing-question,Le contenu doit contenir au moins une \question{...}.
content/exercises/exo7/2-L1/cwGt.tex,1,1,missing-question,Le contenu doit contenir au moins une \question{...}.
content/exercises/exo7/2-L1/cwqn.tex,1,1,missing-question,Le contenu doit contenir au moins une \question{...}.
content/exercises/exo7/2-L1/cxS2.tex,1,1,missing-question,Le contenu doit contenir au moins une \question{...}.
content/exercises/exo7/2-L1/d5sJ.tex,1,1,missing-question,Le contenu doit contenir au moins une \question{...}.
content/exercises/exo7/2-L1/d6vP.tex,1,1,missing-question,Le contenu doit contenir au moins une \question{...}.
content/exercises/exo7/2-L1/d9kJ.tex,1,1,missing-question,Le contenu doit contenir au moins une \question{...}.
content/exercises/exo7/2-L1/dB9Q.tex,1,1,missing-question,Le contenu doit contenir au moins une \question{...}.
content/exercises/exo7/2-L1/dBi2.tex,1,1,missing-question,Le contenu doit contenir au moins une \question{...}.
content/exercises/exo7/2-L1/dFl9.tex,1,1,missing-question,Le contenu doit contenir au moins une \question{...}.
content/exercises/exo7/2-L1/dICU.tex,1,1,missing-question,Le contenu doit contenir au moins une \question{...}.
content/exercises/exo7/2-L1/dIR9.tex,1,1,missing-question,Le contenu doit contenir au moins une \question{...}.
content/exercises/exo7/2-L1/dKM2.tex,1,1,missing-question,Le contenu doit contenir au moins une \question{...}.
content/exercises/exo7/2-L1/dQp4.tex,1,1,missing-question,Le contenu doit contenir au moins une \question{...}.
content/exercises/exo7/2-L1/dVYA.tex,15,1,malformed-command,La commande \contenu{...} n'est pas fermée correctement.
content/exercises/exo7/2-L1/dVYA.tex,21,1,malformed-command,La commande \reponse{...} n'est pas fermée correctement.
content/exercises/exo7/2-L1/dVYA.tex,62,1,malformed-command,La commande \reponse{...} n'est pas fermée correctement.
content/exercises/exo7/2-L1/dVYA.tex,86,1,malformed-command,La commande \reponse{...} n'est pas fermée correctement.
content/exercises/exo7/2-L1/dVYA.tex,138,1,malformed-command,La commande \reponse{...} n'est pas fermée correctement.
content/exercises/exo7/2-L1/dVYA.tex,214,1,malformed-command,La commande \reponse{...} n'est pas fermée correctement.
content/exercises/exo7/2-L1/dVYA.tex,261,1,malformed-command,La commande \reponse{...} n'est pas fermée correctement.
content/exercises/exo7/2-L1/dVYA.tex,309,1,malformed-command,La commande \reponse{...} n'est pas fermée correctement.
content/exercises/exo7/2-L1/dVYA.tex,314,1,malformed-command,La commande \reponse{...} n'est pas fermée correctement.
content/exercises/exo7/2-L1/dVYA.tex,316,1,malformed-command,La commande \reponse{...} n'est pas fermée correctement.
content/exercises/exo7/2-L1/dVYA.tex,318,1,malformed-command,La commande \reponse{...} n'est pas fermée correctement.
content/exercises/exo7/2-L1/dVYA.tex,323,1,malformed-command,La commande \reponse{...} n'est pas fermée correctement.
content/exercises/exo7/2-L1/dVYA.tex,328,1,malformed-command,La commande \reponse{...} n'est pas fermée correctement.
content/exercises/exo7/2-L1/dVYA.tex,334,1,malformed-command,La commande \reponse{...} n'est pas fermée correctement.
content/exercises/exo7/2-L1/dVYA.tex,336,1,malformed-command,La commande \reponse{...} n'est pas fermée correctement.
content/exercises/exo7/2-L1/dVYA.tex,338,1,malformed-command,La commande \reponse{...} n'est pas fermée correctement.
content/exercises/exo7/2-L1/dVYA.tex,340,1,malformed-command,La commande \reponse{...} n'est pas fermée correctement.
content/exercises/exo7/2-L1/dVYA.tex,342,1,malformed-command,La commande \reponse{...} n'est pas fermée correctement.
content/exercises/exo7/2-L1/dVYA.tex,344,1,malformed-command,La commande \reponse{...} n'est pas fermée correctement.
content/exercises/exo7/2-L1/dVYA.tex,346,1,malformed-command,La commande \reponse{...} n'est pas fermée correctement.
content/exercises/exo7/2-L1/dVYA.tex,348,1,malformed-command,La commande \reponse{...} n'est pas fermée correctement.
content/exercises/exo7/2-L1/dVYA.tex,350,1,malformed-command,La commande \reponse{...} n'est pas fermée correctement.
content/exercises/exo7/2-L1/dchP.tex,1,1,missing-question,Le contenu doit contenir au moins une \question{...}.
content/exercises/exo7/2-L1/ddyb.tex,1,1,missing-question,Le contenu doit contenir au moins une \question{...}.
content/exercises/exo7/2-L1/di6Q.tex,1,1,missing-question,Le contenu doit contenir au moins une \question{...}.
content/exercises/exo7/2-L1/dpSR.tex,1,1,missing-question,Le contenu doit contenir au moins une \question{...}.
content/exercises/exo7/2-L1/dsIw.tex,1,1,missing-question,Le contenu doit contenir au moins une \question{...}.
content/exercises/exo7/2-L1/dwtF.tex,1,1,missing-question,Le contenu doit contenir au moins une \question{...}.
content/exercises/exo7/2-L1/eIUU.tex,1,1,missing-question,Le contenu doit contenir au moins une \question{...}.
content/exercises/exo7/2-L1/eIqm.tex,1,1,missing-question,Le contenu doit contenir au moins une \question{...}.
content/exercises/exo7/2-L1/eSDm.tex,1,1,missing-question,Le contenu doit contenir au moins une \question{...}.
content/exercises/exo7/2-L1/eTVx.tex,1,1,missing-question,Le contenu doit contenir au moins une \question{...}.
content/exercises/exo7/2-L1/eWWl.tex,1,1,missing-question,Le contenu doit contenir au moins une \question{...}.
content/exercises/exo7/2-L1/eXrS.tex,1,1,missing-question,Le contenu doit contenir au moins une \question{...}.
content/exercises/exo7/2-L1/eZ6c.tex,1,1,missing-question,Le contenu doit contenir au moins une \question{...}.
content/exercises/exo7/2-L1/eaTj.tex,1,1,missing-question,Le contenu doit contenir au moins une \question{...}.
content/exercises/exo7/2-L1/eb5C.tex,1,1,missing-question,Le contenu doit contenir au moins une \question{...}.
content/exercises/exo7/2-L1/ecNe.tex,1,1,missing-question,Le contenu doit contenir au moins une \question{...}.
content/exercises/exo7/2-L1/eejw.tex,1,1,missing-question,Le contenu doit contenir au moins une \question{...}.
content/exercises/exo7/2-L1/erZY.tex,1,1,missing-question,Le contenu doit contenir au moins une \question{...}.
content/exercises/exo7/2-L1/eweD.tex,1,1,missing-question,Le contenu doit contenir au moins une \question{...}.
content/exercises/exo7/2-L1/f4QT.tex,1,1,missing-question,Le contenu doit contenir au moins une \question{...}.
content/exercises/exo7/2-L1/f5rQ.tex,1,1,missing-question,Le contenu doit contenir au moins une \question{...}.
content/exercises/exo7/2-L1/fBaU.tex,1,1,missing-question,Le contenu doit contenir au moins une \question{...}.
content/exercises/exo7/2-L1/fE1J.tex,1,1,missing-question,Le contenu doit contenir au moins une \question{...}.
content/exercises/exo7/2-L1/fKrW.tex,1,1,missing-question,Le contenu doit contenir au moins une \question{...}.
content/exercises/exo7/2-L1/fQNr.tex,1,1,missing-question,Le contenu doit contenir au moins une \question{...}.
content/exercises/exo7/2-L1/fREL.tex,1,1,missing-question,Le contenu doit contenir au moins une \question{...}.
content/exercises/exo7/2-L1/fW83.tex,1,1,missing-question,Le contenu doit contenir au moins une \question{...}.
content/exercises/exo7/2-L1/fdMO.tex,1,1,missing-question,Le contenu doit contenir au moins une \question{...}.
content/exercises/exo7/2-L1/feIw.tex,1,1,missing-question,Le contenu doit contenir au moins une \question{...}.
content/exercises/exo7/2-L1/ffkA.tex,1,1,missing-question,Le contenu doit contenir au moins une \question{...}.
content/exercises/exo7/2-L1/fgCQ.tex,1,1,missing-question,Le contenu doit contenir au moins une \question{...}.
content/exercises/exo7/2-L1/fuFS.tex,1,1,missing-question,Le contenu doit contenir au moins une \question{...}.
content/exercises/exo7/2-L1/fwtz.tex,1,1,missing-question,Le contenu doit contenir au moins une \question{...}.
content/exercises/exo7/2-L1/g7pQ.tex,1,1,missing-question,Le contenu doit contenir au moins une \question{...}.
content/exercises/exo7/2-L1/gGZ0.tex,1,1,missing-question,Le contenu doit contenir au moins une \question{...}.
content/exercises/exo7/2-L1/gTmO.tex,1,1,missing-question,Le contenu doit contenir au moins une \question{...}.
content/exercises/exo7/2-L1/gUUp.tex,1,1,missing-question,Le contenu doit contenir au moins une \question{...}.
content/exercises/exo7/2-L1/gUga.tex,1,1,missing-question,Le contenu doit contenir au moins une \question{...}.
content/exercises/exo7/2-L1/gVfX.tex,1,1,missing-question,Le contenu doit contenir au moins une \question{...}.
content/exercises/exo7/2-L1/gWos.tex,1,1,missing-question,Le contenu doit contenir au moins une \question{...}.
content/exercises/exo7/2-L1/gcoW.tex,1,1,missing-question,Le contenu doit contenir au moins une \question{...}.
content/exercises/exo7/2-L1/gfHa.tex,1,1,missing-question,Le contenu doit contenir au moins une \question{...}.
content/exercises/exo7/2-L1/gfs2.tex,1,1,missing-question,Le contenu doit contenir au moins une \question{...}.
content/exercises/exo7/2-L1/ggYr.tex,1,1,missing-question,Le contenu doit contenir au moins une \question{...}.
content/exercises/exo7/2-L1/glEd.tex,1,1,missing-question,Le contenu doit contenir au moins une \question{...}.
content/exercises/exo7/2-L1/grdy.tex,1,1,missing-question,Le contenu doit contenir au moins une \question{...}.
content/exercises/exo7/2-L1/guLY.tex,1,1,missing-question,Le contenu doit contenir au moins une \question{...}.
content/exercises/exo7/2-L1/gupO.tex,1,1,missing-question,Le contenu doit contenir au moins une \question{...}.
content/exercises/exo7/2-L1/gw72.tex,1,1,missing-question,Le contenu doit contenir au moins une \question{...}.
content/exercises/exo7/2-L1/h1FE.tex,1,1,missing-question,Le contenu doit contenir au moins une \question{...}.
content/exercises/exo7/2-L1/h1vG.tex,1,1,missing-question,Le contenu doit contenir au moins une \question{...}.
content/exercises/exo7/2-L1/h3EV.tex,1,1,missing-question,Le contenu doit contenir au moins une \question{...}.
content/exercises/exo7/2-L1/h9T4.tex,1,1,missing-question,Le contenu doit contenir au moins une \question{...}.
content/exercises/exo7/2-L1/hB2M.tex,1,1,missing-question,Le contenu doit contenir au moins une \question{...}.
content/exercises/exo7/2-L1/hCOd.tex,1,1,missing-question,Le contenu doit contenir au moins une \question{...}.
content/exercises/exo7/2-L1/hF9B.tex,1,1,missing-question,Le contenu doit contenir au moins une \question{...}.
content/exercises/exo7/2-L1/hIm5.tex,1,1,missing-question,Le contenu doit contenir au moins une \question{...}.
content/exercises/exo7/2-L1/hOtt.tex,1,1,missing-question,Le contenu doit contenir au moins une \question{...}.
content/exercises/exo7/2-L1/haMQ.tex,1,1,missing-question,Le contenu doit contenir au moins une \question{...}.
content/exercises/exo7/2-L1/hanN.tex,1,1,missing-question,Le contenu doit contenir au moins une \question{...}.
content/exercises/exo7/2-L1/hd5P.tex,1,1,missing-question,Le contenu doit contenir au moins une \question{...}.
content/exercises/exo7/2-L1/hdqi.tex,1,1,missing-question,Le contenu doit contenir au moins une \question{...}.
content/exercises/exo7/2-L1/hf7J.tex,1,1,missing-question,Le contenu doit contenir au moins une \question{...}.
content/exercises/exo7/2-L1/hoeJ.tex,1,1,missing-question,Le contenu doit contenir au moins une \question{...}.
content/exercises/exo7/2-L1/hpIe.tex,1,1,missing-question,Le contenu doit contenir au moins une \question{...}.
content/exercises/exo7/2-L1/htJ5.tex,1,1,missing-question,Le contenu doit contenir au moins une \question{...}.
content/exercises/exo7/2-L1/hzO4.tex,1,1,missing-question,Le contenu doit contenir au moins une \question{...}.
content/exercises/exo7/2-L1/i3Py.tex,1,1,missing-question,Le contenu doit contenir au moins une \question{...}.
content/exercises/exo7/2-L1/i4Kf.tex,1,1,missing-question,Le contenu doit contenir au moins une \question{...}.
content/exercises/exo7/2-L1/i5sq.tex,1,1,missing-question,Le contenu doit contenir au moins une \question{...}.
content/exercises/exo7/2-L1/iOuZ.tex,1,1,missing-question,Le contenu doit contenir au moins une \question{...}.
content/exercises/exo7/2-L1/iSLJ.tex,1,1,missing-question,Le contenu doit contenir au moins une \question{...}.
content/exercises/exo7/2-L1/iVTh.tex,1,1,missing-question,Le contenu doit contenir au moins une \question{...}.
content/exercises/exo7/2-L1/iYHW.tex,1,1,missing-question,Le contenu doit contenir au moins une \question{...}.
content/exercises/exo7/2-L1/iYIQ.tex,1,1,missing-question,Le contenu doit contenir au moins une \question{...}.
content/exercises/exo7/2-L1/ibKF.tex,1,1,missing-question,Le contenu doit contenir au moins une \question{...}.
content/exercises/exo7/2-L1/idPx.tex,1,1,missing-question,Le contenu doit contenir au moins une \question{...}.
content/exercises/exo7/2-L1/iheU.tex,1,1,missing-question,Le contenu doit contenir au moins une \question{...}.
content/exercises/exo7/2-L1/ipTn.tex,1,1,missing-question,Le contenu doit contenir au moins une \question{...}.
content/exercises/exo7/2-L1/iqoY.tex,1,1,missing-question,Le contenu doit contenir au moins une \question{...}.
content/exercises/exo7/2-L1/isTn.tex,1,1,missing-question,Le contenu doit contenir au moins une \question{...}.
content/exercises/exo7/2-L1/iv5Y.tex,1,1,missing-question,Le contenu doit contenir au moins une \question{...}.
content/exercises/exo7/2-L1/iwLI.tex,1,1,missing-question,Le contenu doit contenir au moins une \question{...}.
content/exercises/exo7/2-L1/iyrX.tex,1,1,missing-question,Le contenu doit contenir au moins une \question{...}.
content/exercises/exo7/2-L1/izYW.tex,1,1,missing-question,Le contenu doit contenir au moins une \question{...}.
content/exercises/exo7/2-L1/j8Ez.tex,1,1,missing-question,Le contenu doit contenir au moins une \question{...}.
content/exercises/exo7/2-L1/j8aY.tex,1,1,missing-question,Le contenu doit contenir au moins une \question{...}.
content/exercises/exo7/2-L1/jBKf.tex,1,1,missing-question,Le contenu doit contenir au moins une \question{...}.
content/exercises/exo7/2-L1/jNx3.tex,1,1,missing-question,Le contenu doit contenir au moins une \question{...}.
content/exercises/exo7/2-L1/jRk2.tex,1,1,missing-question,Le contenu doit contenir au moins une \question{...}.
content/exercises/exo7/2-L1/jRs9.tex,1,1,missing-question,Le contenu doit contenir au moins une \question{...}.
content/exercises/exo7/2-L1/jS7H.tex,1,1,missing-question,Le contenu doit contenir au moins une \question{...}.
content/exercises/exo7/2-L1/jZK4.tex,1,1,missing-question,Le contenu doit contenir au moins une \question{...}.
content/exercises/exo7/2-L1/jcAz.tex,1,1,missing-question,Le contenu doit contenir au moins une \question{...}.
content/exercises/exo7/2-L1/jhUH.tex,1,1,missing-question,Le contenu doit contenir au moins une \question{...}.
content/exercises/exo7/2-L1/jjUc.tex,1,1,missing-question,Le contenu doit contenir au moins une \question{...}.
content/exercises/exo7/2-L1/jq7e.tex,1,1,missing-question,Le contenu doit contenir au moins une \question{...}.
content/exercises/exo7/2-L1/jsBu.tex,1,1,missing-question,Le contenu doit contenir au moins une \question{...}.
content/exercises/exo7/2-L1/jsoY.tex,1,1,missing-question,Le contenu doit contenir au moins une \question{...}.
content/exercises/exo7/2-L1/jx4d.tex,1,1,missing-question,Le contenu doit contenir au moins une \question{...}.
content/exercises/exo7/2-L1/k09t.tex,1,1,missing-question,Le contenu doit contenir au moins une \question{...}.
content/exercises/exo7/2-L1/k3RY.tex,1,1,missing-question,Le contenu doit contenir au moins une \question{...}.
content/exercises/exo7/2-L1/k6SR.tex,1,1,missing-question,Le contenu doit contenir au moins une \question{...}.
content/exercises/exo7/2-L1/kDQa.tex,1,1,missing-question,Le contenu doit contenir au moins une \question{...}.
content/exercises/exo7/2-L1/kFZ3.tex,1,1,missing-question,Le contenu doit contenir au moins une \question{...}.
content/exercises/exo7/2-L1/kGG2.tex,1,1,missing-question,Le contenu doit contenir au moins une \question{...}.
content/exercises/exo7/2-L1/kGLR.tex,1,1,missing-question,Le contenu doit contenir au moins une \question{...}.
content/exercises/exo7/2-L1/kI6z.tex,1,1,missing-question,Le contenu doit contenir au moins une \question{...}.
content/exercises/exo7/2-L1/kJ5c.tex,1,1,missing-question,Le contenu doit contenir au moins une \question{...}.
content/exercises/exo7/2-L1/kQR5.tex,1,1,missing-question,Le contenu doit contenir au moins une \question{...}.
content/exercises/exo7/2-L1/kRJl.tex,1,1,missing-question,Le contenu doit contenir au moins une \question{...}.
content/exercises/exo7/2-L1/kbfe.tex,1,1,missing-question,Le contenu doit contenir au moins une \question{...}.
content/exercises/exo7/2-L1/kf5B.tex,1,1,missing-question,Le contenu doit contenir au moins une \question{...}.
content/exercises/exo7/2-L1/kkMP.tex,1,1,missing-question,Le contenu doit contenir au moins une \question{...}.
content/exercises/exo7/2-L1/kwhO.tex,1,1,missing-question,Le contenu doit contenir au moins une \question{...}.
content/exercises/exo7/2-L1/kxGc.tex,1,1,missing-question,Le contenu doit contenir au moins une \question{...}.
content/exercises/exo7/2-L1/kxX0.tex,1,1,missing-question,Le contenu doit contenir au moins une \question{...}.
content/exercises/exo7/2-L1/kzpo.tex,1,1,missing-question,Le contenu doit contenir au moins une \question{...}.
content/exercises/exo7/2-L1/l3gw.tex,1,1,missing-question,Le contenu doit contenir au moins une \question{...}.
content/exercises/exo7/2-L1/l4Jc.tex,1,1,missing-question,Le contenu doit contenir au moins une \question{...}.
content/exercises/exo7/2-L1/l4Yi.tex,1,1,missing-question,Le contenu doit contenir au moins une \question{...}.
content/exercises/exo7/2-L1/l5vP.tex,1,1,missing-question,Le contenu doit contenir au moins une \question{...}.
content/exercises/exo7/2-L1/lAuW.tex,1,1,missing-question,Le contenu doit contenir au moins une \question{...}.
content/exercises/exo7/2-L1/lI3d.tex,1,1,missing-question,Le contenu doit contenir au moins une \question{...}.
content/exercises/exo7/2-L1/lPYM.tex,1,1,missing-question,Le contenu doit contenir au moins une \question{...}.
content/exercises/exo7/2-L1/la2K.tex,1,1,missing-question,Le contenu doit contenir au moins une \question{...}.
content/exercises/exo7/2-L1/lkQm.tex,1,1,missing-question,Le contenu doit contenir au moins une \question{...}.
content/exercises/exo7/2-L1/lybz.tex,1,1,missing-question,Le contenu doit contenir au moins une \question{...}.
content/exercises/exo7/2-L1/m0Zs.tex,1,1,missing-question,Le contenu doit contenir au moins une \question{...}.
content/exercises/exo7/2-L1/m1Ag.tex,1,1,missing-question,Le contenu doit contenir au moins une \question{...}.
content/exercises/exo7/2-L1/m2sI.tex,1,1,missing-question,Le contenu doit contenir au moins une \question{...}.
content/exercises/exo7/2-L1/mAH1.tex,1,1,missing-question,Le contenu doit contenir au moins une \question{...}.
content/exercises/exo7/2-L1/mD0u.tex,1,1,missing-question,Le contenu doit contenir au moins une \question{...}.
content/exercises/exo7/2-L1/mEC1.tex,1,1,missing-question,Le contenu doit contenir au moins une \question{...}.
content/exercises/exo7/2-L1/mGAb.tex,1,1,missing-question,Le contenu doit contenir au moins une \question{...}.
content/exercises/exo7/2-L1/mPZU.tex,1,1,missing-question,Le contenu doit contenir au moins une \question{...}.
content/exercises/exo7/2-L1/mZuL.tex,1,1,missing-question,Le contenu doit contenir au moins une \question{...}.
content/exercises/exo7/2-L1/mkKr.tex,1,1,missing-question,Le contenu doit contenir au moins une \question{...}.
content/exercises/exo7/2-L1/mlEu.tex,1,1,missing-question,Le contenu doit contenir au moins une \question{...}.
content/exercises/exo7/2-L1/mrAy.tex,1,1,missing-question,Le contenu doit contenir au moins une \question{...}.
content/exercises/exo7/2-L1/mtyS.tex,1,1,missing-question,Le contenu doit contenir au moins une \question{...}.
content/exercises/exo7/2-L1/n8Zq.tex,1,1,missing-question,Le contenu doit contenir au moins une \question{...}.
content/exercises/exo7/2-L1/n9uw.tex,1,1,missing-question,Le contenu doit contenir au moins une \question{...}.
content/exercises/exo7/2-L1/nAzU.tex,1,1,missing-question,Le contenu doit contenir au moins une \question{...}.
content/exercises/exo7/2-L1/nG4z.tex,1,1,missing-question,Le contenu doit contenir au moins une \question{...}.
content/exercises/exo7/2-L1/nIPx.tex,1,1,missing-question,Le contenu doit contenir au moins une \question{...}.
content/exercises/exo7/2-L1/nIel.tex,1,1,missing-question,Le contenu doit contenir au moins une \question{...}.
content/exercises/exo7/2-L1/nXm5.tex,1,1,missing-question,Le contenu doit contenir au moins une \question{...}.
content/exercises/exo7/2-L1/nazn.tex,1,1,missing-question,Le contenu doit contenir au moins une \question{...}.
content/exercises/exo7/2-L1/nbUN.tex,1,1,missing-question,Le contenu doit contenir au moins une \question{...}.
content/exercises/exo7/2-L1/ncjJ.tex,1,1,missing-question,Le contenu doit contenir au moins une \question{...}.
content/exercises/exo7/2-L1/ndG5.tex,1,1,missing-question,Le contenu doit contenir au moins une \question{...}.
content/exercises/exo7/2-L1/nh5O.tex,1,1,missing-question,Le contenu doit contenir au moins une \question{...}.
content/exercises/exo7/2-L1/nhIn.tex,1,1,missing-question,Le contenu doit contenir au moins une \question{...}.
content/exercises/exo7/2-L1/nkgZ.tex,1,1,missing-question,Le contenu doit contenir au moins une \question{...}.
content/exercises/exo7/2-L1/nmn6.tex,1,1,missing-question,Le contenu doit contenir au moins une \question{...}.
content/exercises/exo7/2-L1/no3d.tex,1,1,missing-question,Le contenu doit contenir au moins une \question{...}.
content/exercises/exo7/2-L1/nun3.tex,1,1,missing-question,Le contenu doit contenir au moins une \question{...}.
content/exercises/exo7/2-L1/nvlt.tex,1,1,missing-question,Le contenu doit contenir au moins une \question{...}.
content/exercises/exo7/2-L1/nx3u.tex,1,1,missing-question,Le contenu doit contenir au moins une \question{...}.
content/exercises/exo7/2-L1/nx8W.tex,1,1,missing-question,Le contenu doit contenir au moins une \question{...}.
content/exercises/exo7/2-L1/nxtt.tex,1,1,missing-question,Le contenu doit contenir au moins une \question{...}.
content/exercises/exo7/2-L1/o36d.tex,1,1,missing-question,Le contenu doit contenir au moins une \question{...}.
content/exercises/exo7/2-L1/o7lJ.tex,1,1,missing-question,Le contenu doit contenir au moins une \question{...}.
content/exercises/exo7/2-L1/oDo6.tex,1,1,missing-question,Le contenu doit contenir au moins une \question{...}.
content/exercises/exo7/2-L1/oHS4.tex,1,1,missing-question,Le contenu doit contenir au moins une \question{...}.
content/exercises/exo7/2-L1/oKnf.tex,1,1,missing-question,Le contenu doit contenir au moins une \question{...}.
content/exercises/exo7/2-L1/oSrW.tex,1,1,missing-question,Le contenu doit contenir au moins une \question{...}.
content/exercises/exo7/2-L1/oVN5.tex,1,1,missing-question,Le contenu doit contenir au moins une \question{...}.
content/exercises/exo7/2-L1/oZ1n.tex,1,1,missing-question,Le contenu doit contenir au moins une \question{...}.
content/exercises/exo7/2-L1/oc7E.tex,1,1,missing-question,Le contenu doit contenir au moins une \question{...}.
content/exercises/exo7/2-L1/ogoF.tex,1,1,missing-question,Le contenu doit contenir au moins une \question{...}.
content/exercises/exo7/2-L1/ohGc.tex,1,1,missing-question,Le contenu doit contenir au moins une \question{...}.
content/exercises/exo7/2-L1/oiv8.tex,1,1,missing-question,Le contenu doit contenir au moins une \question{...}.
content/exercises/exo7/2-L1/ojTe.tex,1,1,missing-question,Le contenu doit contenir au moins une \question{...}.
content/exercises/exo7/2-L1/okaM.tex,1,1,missing-question,Le contenu doit contenir au moins une \question{...}.
content/exercises/exo7/2-L1/onQw.tex,1,1,missing-question,Le contenu doit contenir au moins une \question{...}.
content/exercises/exo7/2-L1/opBw.tex,1,1,missing-question,Le contenu doit contenir au moins une \question{...}.
content/exercises/exo7/2-L1/p2IX.tex,1,1,missing-question,Le contenu doit contenir au moins une \question{...}.
content/exercises/exo7/2-L1/p6ZC.tex,1,1,missing-question,Le contenu doit contenir au moins une \question{...}.
content/exercises/exo7/2-L1/p9w3.tex,1,1,missing-question,Le contenu doit contenir au moins une \question{...}.
content/exercises/exo7/2-L1/pA4t.tex,1,1,missing-question,Le contenu doit contenir au moins une \question{...}.
content/exercises/exo7/2-L1/pAId.tex,1,1,missing-question,Le contenu doit contenir au moins une \question{...}.
content/exercises/exo7/2-L1/pEYd.tex,1,1,missing-question,Le contenu doit contenir au moins une \question{...}.
content/exercises/exo7/2-L1/pPXR.tex,1,1,missing-question,Le contenu doit contenir au moins une \question{...}.
content/exercises/exo7/2-L1/pQZK.tex,1,1,missing-question,Le contenu doit contenir au moins une \question{...}.
content/exercises/exo7/2-L1/pT7I.tex,1,1,missing-question,Le contenu doit contenir au moins une \question{...}.
content/exercises/exo7/2-L1/pU6X.tex,1,1,missing-question,Le contenu doit contenir au moins une \question{...}.
content/exercises/exo7/2-L1/pWti.tex,1,1,missing-question,Le contenu doit contenir au moins une \question{...}.
content/exercises/exo7/2-L1/pdmx.tex,1,1,missing-question,Le contenu doit contenir au moins une \question{...}.
content/exercises/exo7/2-L1/pgyM.tex,1,1,missing-question,Le contenu doit contenir au moins une \question{...}.
content/exercises/exo7/2-L1/phV9.tex,1,1,missing-question,Le contenu doit contenir au moins une \question{...}.
content/exercises/exo7/2-L1/pivf.tex,1,1,missing-question,Le contenu doit contenir au moins une \question{...}.
content/exercises/exo7/2-L1/pjz9.tex,1,1,missing-question,Le contenu doit contenir au moins une \question{...}.
content/exercises/exo7/2-L1/pp5x.tex,1,1,missing-question,Le contenu doit contenir au moins une \question{...}.
content/exercises/exo7/2-L1/pqMi.tex,1,1,missing-question,Le contenu doit contenir au moins une \question{...}.
content/exercises/exo7/2-L1/puOf.tex,1,1,missing-question,Le contenu doit contenir au moins une \question{...}.
content/exercises/exo7/2-L1/q84V.tex,1,1,missing-question,Le contenu doit contenir au moins une \question{...}.
content/exercises/exo7/2-L1/qMai.tex,1,1,missing-question,Le contenu doit contenir au moins une \question{...}.
content/exercises/exo7/2-L1/qT7v.tex,1,1,missing-question,Le contenu doit contenir au moins une \question{...}.
content/exercises/exo7/2-L1/qTo2.tex,1,1,missing-question,Le contenu doit contenir au moins une \question{...}.
content/exercises/exo7/2-L1/qZqx.tex,1,1,missing-question,Le contenu doit contenir au moins une \question{...}.
content/exercises/exo7/2-L1/qekg.tex,1,1,missing-question,Le contenu doit contenir au moins une \question{...}.
content/exercises/exo7/2-L1/qfI7.tex,1,1,missing-question,Le contenu doit contenir au moins une \question{...}.
content/exercises/exo7/2-L1/qgVI.tex,1,1,missing-question,Le contenu doit contenir au moins une \question{...}.
content/exercises/exo7/2-L1/qiFv.tex,1,1,missing-question,Le contenu doit contenir au moins une \question{...}.
content/exercises/exo7/2-L1/qlI9.tex,1,1,missing-question,Le contenu doit contenir au moins une \question{...}.
content/exercises/exo7/2-L1/qlPI.tex,1,1,missing-question,Le contenu doit contenir au moins une \question{...}.
content/exercises/exo7/2-L1/qvQT.tex,1,1,missing-question,Le contenu doit contenir au moins une \question{...}.
content/exercises/exo7/2-L1/qwMI.tex,1,1,missing-question,Le contenu doit contenir au moins une \question{...}.
content/exercises/exo7/2-L1/r3px.tex,1,1,missing-question,Le contenu doit contenir au moins une \question{...}.
content/exercises/exo7/2-L1/rBMH.tex,1,1,missing-question,Le contenu doit contenir au moins une \question{...}.
content/exercises/exo7/2-L1/rFM1.tex,1,1,missing-question,Le contenu doit contenir au moins une \question{...}.
content/exercises/exo7/2-L1/rHkm.tex,1,1,missing-question,Le contenu doit contenir au moins une \question{...}.
content/exercises/exo7/2-L1/rIUX.tex,1,1,missing-question,Le contenu doit contenir au moins une \question{...}.
content/exercises/exo7/2-L1/rNsH.tex,1,1,missing-question,Le contenu doit contenir au moins une \question{...}.
content/exercises/exo7/2-L1/rRLf.tex,1,1,missing-question,Le contenu doit contenir au moins une \question{...}.
content/exercises/exo7/2-L1/rZqI.tex,1,1,missing-question,Le contenu doit contenir au moins une \question{...}.
content/exercises/exo7/2-L1/rdQL.tex,1,1,missing-question,Le contenu doit contenir au moins une \question{...}.
content/exercises/exo7/2-L1/riyB.tex,1,1,missing-question,Le contenu doit contenir au moins une \question{...}.
content/exercises/exo7/2-L1/rpKi.tex,1,1,missing-question,Le contenu doit contenir au moins une \question{...}.
content/exercises/exo7/2-L1/rxrE.tex,1,1,missing-question,Le contenu doit contenir au moins une \question{...}.
content/exercises/exo7/2-L1/s4Fr.tex,1,1,missing-question,Le contenu doit contenir au moins une \question{...}.
content/exercises/exo7/2-L1/sBAF.tex,1,1,missing-question,Le contenu doit contenir au moins une \question{...}.
content/exercises/exo7/2-L1/sF1U.tex,1,1,missing-question,Le contenu doit contenir au moins une \question{...}.
content/exercises/exo7/2-L1/sI9A.tex,1,1,missing-question,Le contenu doit contenir au moins une \question{...}.
content/exercises/exo7/2-L1/sKFJ.tex,1,1,missing-question,Le contenu doit contenir au moins une \question{...}.
content/exercises/exo7/2-L1/sQwk.tex,1,1,missing-question,Le contenu doit contenir au moins une \question{...}.
content/exercises/exo7/2-L1/sah8.tex,1,1,missing-question,Le contenu doit contenir au moins une \question{...}.
content/exercises/exo7/2-L1/skQK.tex,1,1,missing-question,Le contenu doit contenir au moins une \question{...}.
content/exercises/exo7/2-L1/snOR.tex,1,1,missing-question,Le contenu doit contenir au moins une \question{...}.
content/exercises/exo7/2-L1/soNU.tex,1,1,missing-question,Le contenu doit contenir au moins une \question{...}.
content/exercises/exo7/2-L1/ssQL.tex,1,1,missing-question,Le contenu doit contenir au moins une \question{...}.
content/exercises/exo7/2-L1/t8wd.tex,1,1,missing-question,Le contenu doit contenir au moins une \question{...}.
content/exercises/exo7/2-L1/t9Ib.tex,1,1,missing-question,Le contenu doit contenir au moins une \question{...}.
content/exercises/exo7/2-L1/tC0f.tex,1,1,missing-question,Le contenu doit contenir au moins une \question{...}.
content/exercises/exo7/2-L1/tFtI.tex,1,1,missing-question,Le contenu doit contenir au moins une \question{...}.
content/exercises/exo7/2-L1/tHu7.tex,1,1,missing-question,Le contenu doit contenir au moins une \question{...}.
content/exercises/exo7/2-L1/tIU6.tex,1,1,missing-question,Le contenu doit contenir au moins une \question{...}.
content/exercises/exo7/2-L1/tS1b.tex,1,1,missing-question,Le contenu doit contenir au moins une \question{...}.
content/exercises/exo7/2-L1/tVBb.tex,1,1,missing-question,Le contenu doit contenir au moins une \question{...}.
content/exercises/exo7/2-L1/tYHb.tex,1,1,missing-question,Le contenu doit contenir au moins une \question{...}.
content/exercises/exo7/2-L1/tYId.tex,1,1,missing-question,Le contenu doit contenir au moins une \question{...}.
content/exercises/exo7/2-L1/tb5F.tex,1,1,missing-question,Le contenu doit contenir au moins une \question{...}.
content/exercises/exo7/2-L1/tbrE.tex,1,1,missing-question,Le contenu doit contenir au moins une \question{...}.
content/exercises/exo7/2-L1/tcjy.tex,1,1,missing-question,Le contenu doit contenir au moins une \question{...}.
content/exercises/exo7/2-L1/tdu9.tex,1,1,missing-question,Le contenu doit contenir au moins une \question{...}.
content/exercises/exo7/2-L1/thYp.tex,1,1,missing-question,Le contenu doit contenir au moins une \question{...}.
content/exercises/exo7/2-L1/tkok.tex,1,1,missing-question,Le contenu doit contenir au moins une \question{...}.
content/exercises/exo7/2-L1/tnkV.tex,1,1,missing-question,Le contenu doit contenir au moins une \question{...}.
content/exercises/exo7/2-L1/tujp.tex,1,1,missing-question,Le contenu doit contenir au moins une \question{...}.
content/exercises/exo7/2-L1/txji.tex,1,1,missing-question,Le contenu doit contenir au moins une \question{...}.
content/exercises/exo7/2-L1/u0Hl.tex,1,1,missing-question,Le contenu doit contenir au moins une \question{...}.
content/exercises/exo7/2-L1/u0pO.tex,1,1,missing-question,Le contenu doit contenir au moins une \question{...}.
content/exercises/exo7/2-L1/u3bc.tex,1,1,missing-question,Le contenu doit contenir au moins une \question{...}.
content/exercises/exo7/2-L1/uBJE.tex,1,1,missing-question,Le contenu doit contenir au moins une \question{...}.
content/exercises/exo7/2-L1/uEv5.tex,1,1,missing-question,Le contenu doit contenir au moins une \question{...}.
content/exercises/exo7/2-L1/uGEy.tex,1,1,missing-question,Le contenu doit contenir au moins une \question{...}.
content/exercises/exo7/2-L1/uItb.tex,1,1,missing-question,Le contenu doit contenir au moins une \question{...}.
content/exercises/exo7/2-L1/uNsB.tex,1,1,missing-question,Le contenu doit contenir au moins une \question{...}.
content/exercises/exo7/2-L1/uQKU.tex,1,1,missing-question,Le contenu doit contenir au moins une \question{...}.
content/exercises/exo7/2-L1/uRoi.tex,1,1,missing-question,Le contenu doit contenir au moins une \question{...}.
content/exercises/exo7/2-L1/uS9r.tex,1,1,missing-question,Le contenu doit contenir au moins une \question{...}.
content/exercises/exo7/2-L1/uT3Q.tex,1,1,missing-question,Le contenu doit contenir au moins une \question{...}.
content/exercises/exo7/2-L1/uWL2.tex,1,1,missing-question,Le contenu doit contenir au moins une \question{...}.
content/exercises/exo7/2-L1/uWgm.tex,1,1,missing-question,Le contenu doit contenir au moins une \question{...}.
content/exercises/exo7/2-L1/uYBe.tex,1,1,missing-question,Le contenu doit contenir au moins une \question{...}.
content/exercises/exo7/2-L1/uaKi.tex,1,1,missing-question,Le contenu doit contenir au moins une \question{...}.
content/exercises/exo7/2-L1/ubWG.tex,1,1,missing-question,Le contenu doit contenir au moins une \question{...}.
content/exercises/exo7/2-L1/uhsg.tex,1,1,missing-question,Le contenu doit contenir au moins une \question{...}.
content/exercises/exo7/2-L1/umbH.tex,1,1,missing-question,Le contenu doit contenir au moins une \question{...}.
content/exercises/exo7/2-L1/upkw.tex,1,1,missing-question,Le contenu doit contenir au moins une \question{...}.
content/exercises/exo7/2-L1/urfS.tex,1,1,missing-question,Le contenu doit contenir au moins une \question{...}.
content/exercises/exo7/2-L1/uzLm.tex,1,1,missing-question,Le contenu doit contenir au moins une \question{...}.
content/exercises/exo7/2-L1/v13H.tex,1,1,missing-question,Le contenu doit contenir au moins une \question{...}.
content/exercises/exo7/2-L1/v4yV.tex,1,1,missing-question,Le contenu doit contenir au moins une \question{...}.
content/exercises/exo7/2-L1/v5u4.tex,1,1,missing-question,Le contenu doit contenir au moins une \question{...}.
content/exercises/exo7/2-L1/v7F8.tex,1,1,missing-question,Le contenu doit contenir au moins une \question{...}.
content/exercises/exo7/2-L1/vJtD.tex,1,1,missing-question,Le contenu doit contenir au moins une \question{...}.
content/exercises/exo7/2-L1/vLv8.tex,1,1,missing-question,Le contenu doit contenir au moins une \question{...}.
content/exercises/exo7/2-L1/vMAi.tex,1,1,missing-question,Le contenu doit contenir au moins une \question{...}.
content/exercises/exo7/2-L1/vPOS.tex,1,1,missing-question,Le contenu doit contenir au moins une \question{...}.
content/exercises/exo7/2-L1/vWk5.tex,1,1,missing-question,Le contenu doit contenir au moins une \question{...}.
content/exercises/exo7/2-L1/vaw4.tex,1,1,missing-question,Le contenu doit contenir au moins une \question{...}.
content/exercises/exo7/2-L1/vb9Q.tex,1,1,missing-question,Le contenu doit contenir au moins une \question{...}.
content/exercises/exo7/2-L1/vePj.tex,1,1,missing-question,Le contenu doit contenir au moins une \question{...}.
content/exercises/exo7/2-L1/viNI.tex,1,1,missing-question,Le contenu doit contenir au moins une \question{...}.
content/exercises/exo7/2-L1/vj0m.tex,1,1,missing-question,Le contenu doit contenir au moins une \question{...}.
content/exercises/exo7/2-L1/vnQg.tex,1,1,missing-question,Le contenu doit contenir au moins une \question{...}.
content/exercises/exo7/2-L1/vq3q.tex,1,1,missing-question,Le contenu doit contenir au moins une \question{...}.
content/exercises/exo7/2-L1/vqiC.tex,1,1,missing-question,Le contenu doit contenir au moins une \question{...}.
content/exercises/exo7/2-L1/vrkW.tex,1,1,missing-question,Le contenu doit contenir au moins une \question{...}.
content/exercises/exo7/2-L1/vyqe.tex,1,1,missing-question,Le contenu doit contenir au moins une \question{...}.
content/exercises/exo7/2-L1/w5R9.tex,1,1,missing-question,Le contenu doit contenir au moins une \question{...}.
content/exercises/exo7/2-L1/w5mC.tex,1,1,missing-question,Le contenu doit contenir au moins une \question{...}.
content/exercises/exo7/2-L1/wFfN.tex,1,1,missing-question,Le contenu doit contenir au moins une \question{...}.
content/exercises/exo7/2-L1/wIWh.tex,1,1,missing-question,Le contenu doit contenir au moins une \question{...}.
content/exercises/exo7/2-L1/wUxg.tex,1,1,missing-question,Le contenu doit contenir au moins une \question{...}.
content/exercises/exo7/2-L1/wZNn.tex,1,1,missing-question,Le contenu doit contenir au moins une \question{...}.
content/exercises/exo7/2-L1/wcaE.tex,1,1,missing-question,Le contenu doit contenir au moins une \question{...}.
content/exercises/exo7/2-L1/wlGU.tex,1,1,missing-question,Le contenu doit contenir au moins une \question{...}.
content/exercises/exo7/2-L1/woxX.tex,1,1,missing-question,Le contenu doit contenir au moins une \question{...}.
content/exercises/exo7/2-L1/wq7i.tex,1,1,missing-question,Le contenu doit contenir au moins une \question{...}.
content/exercises/exo7/2-L1/wwyd.tex,1,1,missing-question,Le contenu doit contenir au moins une \question{...}.
content/exercises/exo7/2-L1/x3sN.tex,1,1,missing-question,Le contenu doit contenir au moins une \question{...}.
content/exercises/exo7/2-L1/x7jq.tex,1,1,missing-question,Le contenu doit contenir au moins une \question{...}.
content/exercises/exo7/2-L1/xE3o.tex,1,1,missing-question,Le contenu doit contenir au moins une \question{...}.
content/exercises/exo7/2-L1/xG5p.tex,1,1,missing-question,Le contenu doit contenir au moins une \question{...}.
content/exercises/exo7/2-L1/xHqM.tex,1,1,missing-question,Le contenu doit contenir au moins une \question{...}.
content/exercises/exo7/2-L1/xKOf.tex,1,1,missing-question,Le contenu doit contenir au moins une \question{...}.
content/exercises/exo7/2-L1/xLeF.tex,1,1,missing-question,Le contenu doit contenir au moins une \question{...}.
content/exercises/exo7/2-L1/xLf5.tex,1,1,missing-question,Le contenu doit contenir au moins une \question{...}.
content/exercises/exo7/2-L1/xOYO.tex,1,1,missing-question,Le contenu doit contenir au moins une \question{...}.
content/exercises/exo7/2-L1/xOpy.tex,1,1,missing-question,Le contenu doit contenir au moins une \question{...}.
content/exercises/exo7/2-L1/xRhH.tex,1,1,missing-question,Le contenu doit contenir au moins une \question{...}.
content/exercises/exo7/2-L1/xSyI.tex,1,1,missing-question,Le contenu doit contenir au moins une \question{...}.
content/exercises/exo7/2-L1/xT7A.tex,1,1,missing-question,Le contenu doit contenir au moins une \question{...}.
content/exercises/exo7/2-L1/xULP.tex,1,1,missing-question,Le contenu doit contenir au moins une \question{...}.
content/exercises/exo7/2-L1/xXFR.tex,1,1,missing-question,Le contenu doit contenir au moins une \question{...}.
content/exercises/exo7/2-L1/xdti.tex,1,1,missing-question,Le contenu doit contenir au moins une \question{...}.
content/exercises/exo7/2-L1/xh9S.tex,1,1,missing-question,Le contenu doit contenir au moins une \question{...}.
content/exercises/exo7/2-L1/xkTa.tex,1,1,missing-question,Le contenu doit contenir au moins une \question{...}.
content/exercises/exo7/2-L1/xrR9.tex,1,1,missing-question,Le contenu doit contenir au moins une \question{...}.
content/exercises/exo7/2-L1/xvN1.tex,1,1,missing-question,Le contenu doit contenir au moins une \question{...}.
content/exercises/exo7/2-L1/y21x.tex,1,1,missing-question,Le contenu doit contenir au moins une \question{...}.
content/exercises/exo7/2-L1/y3WJ.tex,1,1,missing-question,Le contenu doit contenir au moins une \question{...}.
content/exercises/exo7/2-L1/y6rE.tex,1,1,missing-question,Le contenu doit contenir au moins une \question{...}.
content/exercises/exo7/2-L1/y9ee.tex,1,1,missing-question,Le contenu doit contenir au moins une \question{...}.
content/exercises/exo7/2-L1/yBfh.tex,1,1,missing-question,Le contenu doit contenir au moins une \question{...}.
content/exercises/exo7/2-L1/yF3L.tex,1,1,missing-question,Le contenu doit contenir au moins une \question{...}.
content/exercises/exo7/2-L1/yGzp.tex,1,1,missing-question,Le contenu doit contenir au moins une \question{...}.
content/exercises/exo7/2-L1/yHYS.tex,1,1,missing-question,Le contenu doit contenir au moins une \question{...}.
content/exercises/exo7/2-L1/yJ7r.tex,1,1,missing-question,Le contenu doit contenir au moins une \question{...}.
content/exercises/exo7/2-L1/yL5k.tex,1,1,missing-question,Le contenu doit contenir au moins une \question{...}.
content/exercises/exo7/2-L1/yLfB.tex,1,1,missing-question,Le contenu doit contenir au moins une \question{...}.
content/exercises/exo7/2-L1/yOrk.tex,1,1,missing-question,Le contenu doit contenir au moins une \question{...}.
content/exercises/exo7/2-L1/yRNj.tex,1,1,missing-question,Le contenu doit contenir au moins une \question{...}.
content/exercises/exo7/2-L1/ySjX.tex,1,1,missing-question,Le contenu doit contenir au moins une \question{...}.
content/exercises/exo7/2-L1/yTbX.tex,1,1,missing-question,Le contenu doit contenir au moins une \question{...}.
content/exercises/exo7/2-L1/ybDO.tex,1,1,missing-question,Le contenu doit contenir au moins une \question{...}.
content/exercises/exo7/2-L1/ygr9.tex,1,1,missing-question,Le contenu doit contenir au moins une \question{...}.
content/exercises/exo7/2-L1/yiOF.tex,1,1,missing-question,Le contenu doit contenir au moins une \question{...}.
content/exercises/exo7/2-L1/ym6C.tex,1,1,missing-question,Le contenu doit contenir au moins une \question{...}.
content/exercises/exo7/2-L1/yrbf.tex,1,1,missing-question,Le contenu doit contenir au moins une \question{...}.
content/exercises/exo7/2-L1/yrif.tex,15,1,malformed-command,La commande \contenu{...} n'est pas fermée correctement.
content/exercises/exo7/2-L1/yu8l.tex,1,1,missing-question,Le contenu doit contenir au moins une \question{...}.
content/exercises/exo7/2-L1/yuT7.tex,1,1,missing-question,Le contenu doit contenir au moins une \question{...}.
content/exercises/exo7/2-L1/yv8I.tex,1,1,missing-question,Le contenu doit contenir au moins une \question{...}.
content/exercises/exo7/2-L1/yzbP.tex,1,1,missing-question,Le contenu doit contenir au moins une \question{...}.
content/exercises/exo7/2-L1/z10S.tex,1,1,missing-question,Le contenu doit contenir au moins une \question{...}.
content/exercises/exo7/2-L1/z1QF.tex,1,1,missing-question,Le contenu doit contenir au moins une \question{...}.
content/exercises/exo7/2-L1/z2iI.tex,1,1,missing-question,Le contenu doit contenir au moins une \question{...}.
content/exercises/exo7/2-L1/z6Qb.tex,1,1,missing-question,Le contenu doit contenir au moins une \question{...}.
content/exercises/exo7/2-L1/zGDZ.tex,1,1,missing-question,Le contenu doit contenir au moins une \question{...}.
content/exercises/exo7/2-L1/zYua.tex,1,1,missing-question,Le contenu doit contenir au moins une \question{...}.
content/exercises/exo7/2-L1/zZG0.tex,1,1,missing-question,Le contenu doit contenir au moins une \question{...}.
content/exercises/exo7/2-L1/zZO6.tex,1,1,missing-question,Le contenu doit contenir au moins une \question{...}.
content/exercises/exo7/2-L1/zoEk.tex,1,1,missing-question,Le contenu doit contenir au moins une \question{...}.
content/exercises/exo7/2-L1/zsn3.tex,1,1,missing-question,Le contenu doit contenir au moins une \question{...}.
content/exercises/exo7/2-L1/zxhW.tex,1,1,missing-question,Le contenu doit contenir au moins une \question{...}.
content/exercises/exo7/2-L1/zzCh.tex,1,1,missing-question,Le contenu doit contenir au moins une \question{...}.
content/exercises/exo7/2Yik.tex,1,1,missing-question,Le contenu doit contenir au moins une \question{...}.
content/exercises/exo7/3Yhd.tex,1,1,missing-question,Le contenu doit contenir au moins une \question{...}.
content/exercises/exo7/4-L2/04Pe.tex,1,1,missing-question,Le contenu doit contenir au moins une \question{...}.
content/exercises/exo7/4-L2/08cg.tex,1,1,missing-question,Le contenu doit contenir au moins une \question{...}.
content/exercises/exo7/4-L2/09PY.tex,1,1,missing-question,Le contenu doit contenir au moins une \question{...}.
content/exercises/exo7/4-L2/0CXv.tex,1,1,missing-question,Le contenu doit contenir au moins une \question{...}.
content/exercises/exo7/4-L2/0Dbj.tex,1,1,missing-question,Le contenu doit contenir au moins une \question{...}.
content/exercises/exo7/4-L2/0IuB.tex,1,1,missing-question,Le contenu doit contenir au moins une \question{...}.
content/exercises/exo7/4-L2/0L13.tex,1,1,missing-question,Le contenu doit contenir au moins une \question{...}.
content/exercises/exo7/4-L2/0PDb.tex,1,1,missing-question,Le contenu doit contenir au moins une \question{...}.
content/exercises/exo7/4-L2/0aT2.tex,1,1,missing-question,Le contenu doit contenir au moins une \question{...}.
content/exercises/exo7/4-L2/0hCY.tex,1,1,missing-question,Le contenu doit contenir au moins une \question{...}.
content/exercises/exo7/4-L2/0q1Q.tex,1,1,missing-question,Le contenu doit contenir au moins une \question{...}.
content/exercises/exo7/4-L2/12z4.tex,1,1,missing-question,Le contenu doit contenir au moins une \question{...}.
content/exercises/exo7/4-L2/18V3.tex,1,1,missing-question,Le contenu doit contenir au moins une \question{...}.
content/exercises/exo7/4-L2/19NM.tex,1,1,missing-question,Le contenu doit contenir au moins une \question{...}.
content/exercises/exo7/4-L2/19bt.tex,1,1,missing-question,Le contenu doit contenir au moins une \question{...}.
content/exercises/exo7/4-L2/1DSc.tex,1,1,missing-question,Le contenu doit contenir au moins une \question{...}.
content/exercises/exo7/4-L2/1JJt.tex,1,1,missing-question,Le contenu doit contenir au moins une \question{...}.
content/exercises/exo7/4-L2/1Jc2.tex,1,1,missing-question,Le contenu doit contenir au moins une \question{...}.
content/exercises/exo7/4-L2/1PAK.tex,1,1,missing-question,Le contenu doit contenir au moins une \question{...}.
content/exercises/exo7/4-L2/1UX8.tex,15,1,malformed-command,La commande \contenu{...} n'est pas fermée correctement.
content/exercises/exo7/4-L2/1Vuf.tex,1,1,missing-question,Le contenu doit contenir au moins une \question{...}.
content/exercises/exo7/4-L2/1d5g.tex,1,1,missing-question,Le contenu doit contenir au moins une \question{...}.
content/exercises/exo7/4-L2/1hSN.tex,1,1,missing-question,Le contenu doit contenir au moins une \question{...}.
content/exercises/exo7/4-L2/1l47.tex,1,1,missing-question,Le contenu doit contenir au moins une \question{...}.
content/exercises/exo7/4-L2/26B5.tex,1,1,missing-question,Le contenu doit contenir au moins une \question{...}.
content/exercises/exo7/4-L2/2FON.tex,1,1,missing-question,Le contenu doit contenir au moins une \question{...}.
content/exercises/exo7/4-L2/2PSS.tex,1,1,missing-question,Le contenu doit contenir au moins une \question{...}.
content/exercises/exo7/4-L2/2Wbj.tex,1,1,missing-question,Le contenu doit contenir au moins une \question{...}.
content/exercises/exo7/4-L2/2YrL.tex,1,1,missing-question,Le contenu doit contenir au moins une \question{...}.
content/exercises/exo7/4-L2/2kfm.tex,1,1,missing-question,Le contenu doit contenir au moins une \question{...}.
content/exercises/exo7/4-L2/2khS.tex,1,1,missing-question,Le contenu doit contenir au moins une \question{...}.
content/exercises/exo7/4-L2/2p90.tex,1,1,missing-question,Le contenu doit contenir au moins une \question{...}.
content/exercises/exo7/4-L2/2y5i.tex,1,1,missing-question,Le contenu doit contenir au moins une \question{...}.
content/exercises/exo7/4-L2/30pK.tex,1,1,missing-question,Le contenu doit contenir au moins une \question{...}.
content/exercises/exo7/4-L2/323B.tex,1,1,missing-question,Le contenu doit contenir au moins une \question{...}.
content/exercises/exo7/4-L2/34yv.tex,1,1,missing-question,Le contenu doit contenir au moins une \question{...}.
content/exercises/exo7/4-L2/37Ph.tex,1,1,missing-question,Le contenu doit contenir au moins une \question{...}.
content/exercises/exo7/4-L2/38HI.tex,1,1,missing-question,Le contenu doit contenir au moins une \question{...}.
content/exercises/exo7/4-L2/38pU.tex,1,1,missing-question,Le contenu doit contenir au moins une \question{...}.
content/exercises/exo7/4-L2/3K9d.tex,1,1,missing-question,Le contenu doit contenir au moins une \question{...}.
content/exercises/exo7/4-L2/3MPH.tex,1,1,missing-question,Le contenu doit contenir au moins une \question{...}.
content/exercises/exo7/4-L2/3TSh.tex,1,1,missing-question,Le contenu doit contenir au moins une \question{...}.
content/exercises/exo7/4-L2/3fXQ.tex,1,1,missing-question,Le contenu doit contenir au moins une \question{...}.
content/exercises/exo7/4-L2/3kBp.tex,1,1,missing-question,Le contenu doit contenir au moins une \question{...}.
content/exercises/exo7/4-L2/3mQs.tex,1,1,missing-question,Le contenu doit contenir au moins une \question{...}.
content/exercises/exo7/4-L2/3mk4.tex,1,1,missing-question,Le contenu doit contenir au moins une \question{...}.
content/exercises/exo7/4-L2/3rg0.tex,1,1,missing-question,Le contenu doit contenir au moins une \question{...}.
content/exercises/exo7/4-L2/419W.tex,1,1,missing-question,Le contenu doit contenir au moins une \question{...}.
content/exercises/exo7/4-L2/48ju.tex,1,1,missing-question,Le contenu doit contenir au moins une \question{...}.
content/exercises/exo7/4-L2/48kB.tex,1,1,missing-question,Le contenu doit contenir au moins une \question{...}.
content/exercises/exo7/4-L2/4F7H.tex,1,1,missing-question,Le contenu doit contenir au moins une \question{...}.
content/exercises/exo7/4-L2/4PJN.tex,1,1,missing-question,Le contenu doit contenir au moins une \question{...}.
content/exercises/exo7/4-L2/4Y00.tex,1,1,missing-question,Le contenu doit contenir au moins une \question{...}.
content/exercises/exo7/4-L2/4bT7.tex,1,1,missing-question,Le contenu doit contenir au moins une \question{...}.
content/exercises/exo7/4-L2/4cvr.tex,1,1,missing-question,Le contenu doit contenir au moins une \question{...}.
content/exercises/exo7/4-L2/4fBy.tex,1,1,missing-question,Le contenu doit contenir au moins une \question{...}.
content/exercises/exo7/4-L2/4n6q.tex,1,1,missing-question,Le contenu doit contenir au moins une \question{...}.
content/exercises/exo7/4-L2/4nQY.tex,1,1,missing-question,Le contenu doit contenir au moins une \question{...}.
content/exercises/exo7/4-L2/4sEr.tex,1,1,missing-question,Le contenu doit contenir au moins une \question{...}.
content/exercises/exo7/4-L2/4usa.tex,1,1,missing-question,Le contenu doit contenir au moins une \question{...}.
content/exercises/exo7/4-L2/4zbN.tex,1,1,missing-question,Le contenu doit contenir au moins une \question{...}.
content/exercises/exo7/4-L2/516C.tex,1,1,missing-question,Le contenu doit contenir au moins une \question{...}.
content/exercises/exo7/4-L2/53H7.tex,1,1,missing-question,Le contenu doit contenir au moins une \question{...}.
content/exercises/exo7/4-L2/58V1.tex,1,1,missing-question,Le contenu doit contenir au moins une \question{...}.
content/exercises/exo7/4-L2/5EIm.tex,1,1,missing-question,Le contenu doit contenir au moins une \question{...}.
content/exercises/exo7/4-L2/5ESR.tex,1,1,missing-question,Le contenu doit contenir au moins une \question{...}.
content/exercises/exo7/4-L2/5Ylb.tex,1,1,missing-question,Le contenu doit contenir au moins une \question{...}.
content/exercises/exo7/4-L2/5eFT.tex,1,1,missing-question,Le contenu doit contenir au moins une \question{...}.
content/exercises/exo7/4-L2/5vyl.tex,1,1,missing-question,Le contenu doit contenir au moins une \question{...}.
content/exercises/exo7/4-L2/60kT.tex,1,1,missing-question,Le contenu doit contenir au moins une \question{...}.
content/exercises/exo7/4-L2/61wz.tex,1,1,missing-question,Le contenu doit contenir au moins une \question{...}.
content/exercises/exo7/4-L2/65FX.tex,1,1,missing-question,Le contenu doit contenir au moins une \question{...}.
content/exercises/exo7/4-L2/6EVM.tex,1,1,missing-question,Le contenu doit contenir au moins une \question{...}.
content/exercises/exo7/4-L2/6K6K.tex,1,1,missing-question,Le contenu doit contenir au moins une \question{...}.
content/exercises/exo7/4-L2/6MCc.tex,1,1,missing-question,Le contenu doit contenir au moins une \question{...}.
content/exercises/exo7/4-L2/6NQ5.tex,1,1,missing-question,Le contenu doit contenir au moins une \question{...}.
content/exercises/exo7/4-L2/6OND.tex,1,1,missing-question,Le contenu doit contenir au moins une \question{...}.
content/exercises/exo7/4-L2/6Vph.tex,1,1,missing-question,Le contenu doit contenir au moins une \question{...}.
content/exercises/exo7/4-L2/6WKF.tex,1,1,missing-question,Le contenu doit contenir au moins une \question{...}.
content/exercises/exo7/4-L2/6ZMm.tex,1,1,missing-question,Le contenu doit contenir au moins une \question{...}.
content/exercises/exo7/4-L2/6cUO.tex,1,1,missing-question,Le contenu doit contenir au moins une \question{...}.
content/exercises/exo7/4-L2/6d77.tex,1,1,missing-question,Le contenu doit contenir au moins une \question{...}.
content/exercises/exo7/4-L2/6nwC.tex,1,1,missing-question,Le contenu doit contenir au moins une \question{...}.
content/exercises/exo7/4-L2/6pG3.tex,1,1,missing-question,Le contenu doit contenir au moins une \question{...}.
content/exercises/exo7/4-L2/6pW4.tex,1,1,missing-question,Le contenu doit contenir au moins une \question{...}.
content/exercises/exo7/4-L2/6qjc.tex,1,1,missing-question,Le contenu doit contenir au moins une \question{...}.
content/exercises/exo7/4-L2/6wto.tex,1,1,missing-question,Le contenu doit contenir au moins une \question{...}.
content/exercises/exo7/4-L2/6zR9.tex,1,1,missing-question,Le contenu doit contenir au moins une \question{...}.
content/exercises/exo7/4-L2/71JP.tex,1,1,missing-question,Le contenu doit contenir au moins une \question{...}.
content/exercises/exo7/4-L2/74Mq.tex,1,1,missing-question,Le contenu doit contenir au moins une \question{...}.
content/exercises/exo7/4-L2/7JPJ.tex,1,1,missing-question,Le contenu doit contenir au moins une \question{...}.
content/exercises/exo7/4-L2/7NZQ.tex,1,1,missing-question,Le contenu doit contenir au moins une \question{...}.
content/exercises/exo7/4-L2/7SE9.tex,1,1,missing-question,Le contenu doit contenir au moins une \question{...}.
content/exercises/exo7/4-L2/7TZZ.tex,1,1,missing-question,Le contenu doit contenir au moins une \question{...}.
content/exercises/exo7/4-L2/7Vaa.tex,1,1,missing-question,Le contenu doit contenir au moins une \question{...}.
content/exercises/exo7/4-L2/7b9b.tex,1,1,missing-question,Le contenu doit contenir au moins une \question{...}.
content/exercises/exo7/4-L2/7lPk.tex,1,1,missing-question,Le contenu doit contenir au moins une \question{...}.
content/exercises/exo7/4-L2/7m8Y.tex,1,1,missing-question,Le contenu doit contenir au moins une \question{...}.
content/exercises/exo7/4-L2/7xke.tex,1,1,missing-question,Le contenu doit contenir au moins une \question{...}.
content/exercises/exo7/4-L2/87LR.tex,1,1,missing-question,Le contenu doit contenir au moins une \question{...}.
content/exercises/exo7/4-L2/8BOI.tex,1,1,missing-question,Le contenu doit contenir au moins une \question{...}.
content/exercises/exo7/4-L2/8BVD.tex,1,1,missing-question,Le contenu doit contenir au moins une \question{...}.
content/exercises/exo7/4-L2/8BXq.tex,1,1,missing-question,Le contenu doit contenir au moins une \question{...}.
content/exercises/exo7/4-L2/8CL0.tex,1,1,missing-question,Le contenu doit contenir au moins une \question{...}.
content/exercises/exo7/4-L2/8CiV.tex,1,1,missing-question,Le contenu doit contenir au moins une \question{...}.
content/exercises/exo7/4-L2/8MaR.tex,1,1,missing-question,Le contenu doit contenir au moins une \question{...}.
content/exercises/exo7/4-L2/8Mxk.tex,1,1,missing-question,Le contenu doit contenir au moins une \question{...}.
content/exercises/exo7/4-L2/8NZ3.tex,1,1,missing-question,Le contenu doit contenir au moins une \question{...}.
content/exercises/exo7/4-L2/8X7R.tex,1,1,missing-question,Le contenu doit contenir au moins une \question{...}.
content/exercises/exo7/4-L2/8XnJ.tex,1,1,missing-question,Le contenu doit contenir au moins une \question{...}.
content/exercises/exo7/4-L2/8dVL.tex,1,1,missing-question,Le contenu doit contenir au moins une \question{...}.
content/exercises/exo7/4-L2/8eco.tex,1,1,missing-question,Le contenu doit contenir au moins une \question{...}.
content/exercises/exo7/4-L2/8lDn.tex,1,1,missing-question,Le contenu doit contenir au moins une \question{...}.
content/exercises/exo7/4-L2/8lDy.tex,1,1,missing-question,Le contenu doit contenir au moins une \question{...}.
content/exercises/exo7/4-L2/8njn.tex,1,1,missing-question,Le contenu doit contenir au moins une \question{...}.
content/exercises/exo7/4-L2/8oHT.tex,1,1,missing-question,Le contenu doit contenir au moins une \question{...}.
content/exercises/exo7/4-L2/8rcF.tex,1,1,missing-question,Le contenu doit contenir au moins une \question{...}.
content/exercises/exo7/4-L2/8w34.tex,1,1,missing-question,Le contenu doit contenir au moins une \question{...}.
content/exercises/exo7/4-L2/8wPW.tex,1,1,missing-question,Le contenu doit contenir au moins une \question{...}.
content/exercises/exo7/4-L2/8xxm.tex,1,1,missing-question,Le contenu doit contenir au moins une \question{...}.
content/exercises/exo7/4-L2/93qI.tex,1,1,missing-question,Le contenu doit contenir au moins une \question{...}.
content/exercises/exo7/4-L2/960i.tex,1,1,missing-question,Le contenu doit contenir au moins une \question{...}.
content/exercises/exo7/4-L2/9HFP.tex,1,1,missing-question,Le contenu doit contenir au moins une \question{...}.
content/exercises/exo7/4-L2/9UyE.tex,1,1,missing-question,Le contenu doit contenir au moins une \question{...}.
content/exercises/exo7/4-L2/9VcM.tex,1,1,missing-question,Le contenu doit contenir au moins une \question{...}.
content/exercises/exo7/4-L2/A1o1.tex,1,1,missing-question,Le contenu doit contenir au moins une \question{...}.
content/exercises/exo7/4-L2/A3yy.tex,1,1,missing-question,Le contenu doit contenir au moins une \question{...}.
content/exercises/exo7/4-L2/A4BD.tex,1,1,missing-question,Le contenu doit contenir au moins une \question{...}.
content/exercises/exo7/4-L2/A7xv.tex,1,1,missing-question,Le contenu doit contenir au moins une \question{...}.
content/exercises/exo7/4-L2/A8Jv.tex,1,1,missing-question,Le contenu doit contenir au moins une \question{...}.
content/exercises/exo7/4-L2/A8eu.tex,1,1,missing-question,Le contenu doit contenir au moins une \question{...}.
content/exercises/exo7/4-L2/A90N.tex,1,1,missing-question,Le contenu doit contenir au moins une \question{...}.
content/exercises/exo7/4-L2/ATZI.tex,1,1,missing-question,Le contenu doit contenir au moins une \question{...}.
content/exercises/exo7/4-L2/AW88.tex,1,1,missing-question,Le contenu doit contenir au moins une \question{...}.
content/exercises/exo7/4-L2/AYbV.tex,1,1,missing-question,Le contenu doit contenir au moins une \question{...}.
content/exercises/exo7/4-L2/Abz3.tex,1,1,missing-question,Le contenu doit contenir au moins une \question{...}.
content/exercises/exo7/4-L2/Ac6y.tex,1,1,missing-question,Le contenu doit contenir au moins une \question{...}.
content/exercises/exo7/4-L2/AgJ3.tex,1,1,missing-question,Le contenu doit contenir au moins une \question{...}.
content/exercises/exo7/4-L2/AhAz.tex,1,1,missing-question,Le contenu doit contenir au moins une \question{...}.
content/exercises/exo7/4-L2/AsfT.tex,1,1,missing-question,Le contenu doit contenir au moins une \question{...}.
content/exercises/exo7/4-L2/AvSg.tex,1,1,missing-question,Le contenu doit contenir au moins une \question{...}.
content/exercises/exo7/4-L2/B2ML.tex,1,1,missing-question,Le contenu doit contenir au moins une \question{...}.
content/exercises/exo7/4-L2/BAne.tex,1,1,missing-question,Le contenu doit contenir au moins une \question{...}.
content/exercises/exo7/4-L2/BB1r.tex,1,1,missing-question,Le contenu doit contenir au moins une \question{...}.
content/exercises/exo7/4-L2/BDDH.tex,1,1,missing-question,Le contenu doit contenir au moins une \question{...}.
content/exercises/exo7/4-L2/BDZm.tex,1,1,missing-question,Le contenu doit contenir au moins une \question{...}.
content/exercises/exo7/4-L2/BVSL.tex,1,1,missing-question,Le contenu doit contenir au moins une \question{...}.
content/exercises/exo7/4-L2/Bhsd.tex,1,1,missing-question,Le contenu doit contenir au moins une \question{...}.
content/exercises/exo7/4-L2/BiPN.tex,1,1,missing-question,Le contenu doit contenir au moins une \question{...}.
content/exercises/exo7/4-L2/Blwv.tex,1,1,missing-question,Le contenu doit contenir au moins une \question{...}.
content/exercises/exo7/4-L2/BmxQ.tex,1,1,missing-question,Le contenu doit contenir au moins une \question{...}.
content/exercises/exo7/4-L2/BvlG.tex,1,1,missing-question,Le contenu doit contenir au moins une \question{...}.
content/exercises/exo7/4-L2/BzNJ.tex,1,1,missing-question,Le contenu doit contenir au moins une \question{...}.
content/exercises/exo7/4-L2/CCkC.tex,1,1,missing-question,Le contenu doit contenir au moins une \question{...}.
content/exercises/exo7/4-L2/CE8y.tex,1,1,missing-question,Le contenu doit contenir au moins une \question{...}.
content/exercises/exo7/4-L2/CEYc.tex,1,1,missing-question,Le contenu doit contenir au moins une \question{...}.
content/exercises/exo7/4-L2/CFND.tex,1,1,missing-question,Le contenu doit contenir au moins une \question{...}.
content/exercises/exo7/4-L2/CP2t.tex,1,1,missing-question,Le contenu doit contenir au moins une \question{...}.
content/exercises/exo7/4-L2/CTqp.tex,1,1,missing-question,Le contenu doit contenir au moins une \question{...}.
content/exercises/exo7/4-L2/CXC4.tex,1,1,missing-question,Le contenu doit contenir au moins une \question{...}.
content/exercises/exo7/4-L2/CYBc.tex,1,1,missing-question,Le contenu doit contenir au moins une \question{...}.
content/exercises/exo7/4-L2/Cev2.tex,1,1,missing-question,Le contenu doit contenir au moins une \question{...}.
content/exercises/exo7/4-L2/CgJk.tex,1,1,missing-question,Le contenu doit contenir au moins une \question{...}.
content/exercises/exo7/4-L2/CkDl.tex,1,1,missing-question,Le contenu doit contenir au moins une \question{...}.
content/exercises/exo7/4-L2/CkuL.tex,1,1,missing-question,Le contenu doit contenir au moins une \question{...}.
content/exercises/exo7/4-L2/CtN7.tex,1,1,missing-question,Le contenu doit contenir au moins une \question{...}.
content/exercises/exo7/4-L2/CwKC.tex,1,1,missing-question,Le contenu doit contenir au moins une \question{...}.
content/exercises/exo7/4-L2/CzC6.tex,1,1,missing-question,Le contenu doit contenir au moins une \question{...}.
content/exercises/exo7/4-L2/Czvy.tex,1,1,missing-question,Le contenu doit contenir au moins une \question{...}.
content/exercises/exo7/4-L2/D5p9.tex,1,1,missing-question,Le contenu doit contenir au moins une \question{...}.
content/exercises/exo7/4-L2/DDtd.tex,1,1,missing-question,Le contenu doit contenir au moins une \question{...}.
content/exercises/exo7/4-L2/DLOg.tex,1,1,missing-question,Le contenu doit contenir au moins une \question{...}.
content/exercises/exo7/4-L2/DZ7f.tex,1,1,missing-question,Le contenu doit contenir au moins une \question{...}.
content/exercises/exo7/4-L2/Dblj.tex,1,1,missing-question,Le contenu doit contenir au moins une \question{...}.
content/exercises/exo7/4-L2/Dckd.tex,1,1,missing-question,Le contenu doit contenir au moins une \question{...}.
content/exercises/exo7/4-L2/DdCQ.tex,1,1,missing-question,Le contenu doit contenir au moins une \question{...}.
content/exercises/exo7/4-L2/DeCg.tex,1,1,missing-question,Le contenu doit contenir au moins une \question{...}.
content/exercises/exo7/4-L2/DlAQ.tex,1,1,missing-question,Le contenu doit contenir au moins une \question{...}.
content/exercises/exo7/4-L2/Dqaj.tex,1,1,missing-question,Le contenu doit contenir au moins une \question{...}.
content/exercises/exo7/4-L2/Dz7h.tex,1,1,missing-question,Le contenu doit contenir au moins une \question{...}.
content/exercises/exo7/4-L2/E0M5.tex,1,1,missing-question,Le contenu doit contenir au moins une \question{...}.
content/exercises/exo7/4-L2/E4Pa.tex,1,1,missing-question,Le contenu doit contenir au moins une \question{...}.
content/exercises/exo7/4-L2/EFqm.tex,1,1,missing-question,Le contenu doit contenir au moins une \question{...}.
content/exercises/exo7/4-L2/EHU7.tex,1,1,missing-question,Le contenu doit contenir au moins une \question{...}.
content/exercises/exo7/4-L2/EKCM.tex,1,1,missing-question,Le contenu doit contenir au moins une \question{...}.
content/exercises/exo7/4-L2/EP93.tex,1,1,missing-question,Le contenu doit contenir au moins une \question{...}.
content/exercises/exo7/4-L2/EVk4.tex,1,1,missing-question,Le contenu doit contenir au moins une \question{...}.
content/exercises/exo7/4-L2/EWGg.tex,1,1,missing-question,Le contenu doit contenir au moins une \question{...}.
content/exercises/exo7/4-L2/EbGo.tex,1,1,missing-question,Le contenu doit contenir au moins une \question{...}.
content/exercises/exo7/4-L2/Eex4.tex,1,1,missing-question,Le contenu doit contenir au moins une \question{...}.
content/exercises/exo7/4-L2/Eosj.tex,1,1,missing-question,Le contenu doit contenir au moins une \question{...}.
content/exercises/exo7/4-L2/EtKy.tex,1,1,missing-question,Le contenu doit contenir au moins une \question{...}.
content/exercises/exo7/4-L2/EzNZ.tex,1,1,missing-question,Le contenu doit contenir au moins une \question{...}.
content/exercises/exo7/4-L2/F8yo.tex,1,1,missing-question,Le contenu doit contenir au moins une \question{...}.
content/exercises/exo7/4-L2/FEcw.tex,1,1,missing-question,Le contenu doit contenir au moins une \question{...}.
content/exercises/exo7/4-L2/FEv8.tex,1,1,missing-question,Le contenu doit contenir au moins une \question{...}.
content/exercises/exo7/4-L2/FIKT.tex,1,1,missing-question,Le contenu doit contenir au moins une \question{...}.
content/exercises/exo7/4-L2/FIjf.tex,1,1,missing-question,Le contenu doit contenir au moins une \question{...}.
content/exercises/exo7/4-L2/FJnP.tex,1,1,missing-question,Le contenu doit contenir au moins une \question{...}.
content/exercises/exo7/4-L2/FM0Y.tex,1,1,missing-question,Le contenu doit contenir au moins une \question{...}.
content/exercises/exo7/4-L2/FMSO.tex,1,1,missing-question,Le contenu doit contenir au moins une \question{...}.
content/exercises/exo7/4-L2/FMyN.tex,1,1,missing-question,Le contenu doit contenir au moins une \question{...}.
content/exercises/exo7/4-L2/FN7m.tex,1,1,missing-question,Le contenu doit contenir au moins une \question{...}.
content/exercises/exo7/4-L2/FSsJ.tex,1,1,missing-question,Le contenu doit contenir au moins une \question{...}.
content/exercises/exo7/4-L2/FV4S.tex,1,1,missing-question,Le contenu doit contenir au moins une \question{...}.
content/exercises/exo7/4-L2/FgtZ.tex,1,1,missing-question,Le contenu doit contenir au moins une \question{...}.
content/exercises/exo7/4-L2/FmD1.tex,1,1,missing-question,Le contenu doit contenir au moins une \question{...}.
content/exercises/exo7/4-L2/FmzX.tex,1,1,missing-question,Le contenu doit contenir au moins une \question{...}.
content/exercises/exo7/4-L2/Folr.tex,1,1,missing-question,Le contenu doit contenir au moins une \question{...}.
content/exercises/exo7/4-L2/FqT5.tex,1,1,missing-question,Le contenu doit contenir au moins une \question{...}.
content/exercises/exo7/4-L2/Fzv9.tex,1,1,missing-question,Le contenu doit contenir au moins une \question{...}.
content/exercises/exo7/4-L2/G01F.tex,1,1,missing-question,Le contenu doit contenir au moins une \question{...}.
content/exercises/exo7/4-L2/G0ZW.tex,1,1,missing-question,Le contenu doit contenir au moins une \question{...}.
content/exercises/exo7/4-L2/G0uO.tex,1,1,missing-question,Le contenu doit contenir au moins une \question{...}.
content/exercises/exo7/4-L2/G5sf.tex,1,1,missing-question,Le contenu doit contenir au moins une \question{...}.
content/exercises/exo7/4-L2/G9B5.tex,1,1,missing-question,Le contenu doit contenir au moins une \question{...}.
content/exercises/exo7/4-L2/GKUQ.tex,1,1,missing-question,Le contenu doit contenir au moins une \question{...}.
content/exercises/exo7/4-L2/GLmb.tex,1,1,missing-question,Le contenu doit contenir au moins une \question{...}.
content/exercises/exo7/4-L2/GRYL.tex,1,1,missing-question,Le contenu doit contenir au moins une \question{...}.
content/exercises/exo7/4-L2/GeyQ.tex,1,1,missing-question,Le contenu doit contenir au moins une \question{...}.
content/exercises/exo7/4-L2/Gi7p.tex,1,1,missing-question,Le contenu doit contenir au moins une \question{...}.
content/exercises/exo7/4-L2/Gjp8.tex,1,1,missing-question,Le contenu doit contenir au moins une \question{...}.
content/exercises/exo7/4-L2/Gsww.tex,1,1,missing-question,Le contenu doit contenir au moins une \question{...}.
content/exercises/exo7/4-L2/Gu7D.tex,1,1,missing-question,Le contenu doit contenir au moins une \question{...}.
content/exercises/exo7/4-L2/Gw0j.tex,1,1,missing-question,Le contenu doit contenir au moins une \question{...}.
content/exercises/exo7/4-L2/Gw2t.tex,1,1,missing-question,Le contenu doit contenir au moins une \question{...}.
content/exercises/exo7/4-L2/Gwtg.tex,1,1,missing-question,Le contenu doit contenir au moins une \question{...}.
content/exercises/exo7/4-L2/Gxhp.tex,1,1,missing-question,Le contenu doit contenir au moins une \question{...}.
content/exercises/exo7/4-L2/HB0z.tex,1,1,missing-question,Le contenu doit contenir au moins une \question{...}.
content/exercises/exo7/4-L2/HD4D.tex,1,1,missing-question,Le contenu doit contenir au moins une \question{...}.
content/exercises/exo7/4-L2/HH9A.tex,1,1,missing-question,Le contenu doit contenir au moins une \question{...}.
content/exercises/exo7/4-L2/HISl.tex,1,1,missing-question,Le contenu doit contenir au moins une \question{...}.
content/exercises/exo7/4-L2/HRqF.tex,1,1,missing-question,Le contenu doit contenir au moins une \question{...}.
content/exercises/exo7/4-L2/Hck2.tex,1,1,missing-question,Le contenu doit contenir au moins une \question{...}.
content/exercises/exo7/4-L2/HgaG.tex,1,1,missing-question,Le contenu doit contenir au moins une \question{...}.
content/exercises/exo7/4-L2/HrJo.tex,1,1,missing-question,Le contenu doit contenir au moins une \question{...}.
content/exercises/exo7/4-L2/I2ZW.tex,1,1,missing-question,Le contenu doit contenir au moins une \question{...}.
content/exercises/exo7/4-L2/I4wJ.tex,1,1,missing-question,Le contenu doit contenir au moins une \question{...}.
content/exercises/exo7/4-L2/I8Mh.tex,1,1,missing-question,Le contenu doit contenir au moins une \question{...}.
content/exercises/exo7/4-L2/IBcz.tex,1,1,missing-question,Le contenu doit contenir au moins une \question{...}.
content/exercises/exo7/4-L2/ILUO.tex,1,1,missing-question,Le contenu doit contenir au moins une \question{...}.
content/exercises/exo7/4-L2/IeK4.tex,1,1,missing-question,Le contenu doit contenir au moins une \question{...}.
content/exercises/exo7/4-L2/Igie.tex,1,1,missing-question,Le contenu doit contenir au moins une \question{...}.
content/exercises/exo7/4-L2/Iul1.tex,1,1,missing-question,Le contenu doit contenir au moins une \question{...}.
content/exercises/exo7/4-L2/J2RE.tex,1,1,missing-question,Le contenu doit contenir au moins une \question{...}.
content/exercises/exo7/4-L2/J4Gn.tex,1,1,missing-question,Le contenu doit contenir au moins une \question{...}.
content/exercises/exo7/4-L2/J5hy.tex,1,1,missing-question,Le contenu doit contenir au moins une \question{...}.
content/exercises/exo7/4-L2/JAdu.tex,1,1,missing-question,Le contenu doit contenir au moins une \question{...}.
content/exercises/exo7/4-L2/JKRX.tex,1,1,missing-question,Le contenu doit contenir au moins une \question{...}.
content/exercises/exo7/4-L2/JLlE.tex,1,1,missing-question,Le contenu doit contenir au moins une \question{...}.
content/exercises/exo7/4-L2/JPqf.tex,1,1,missing-question,Le contenu doit contenir au moins une \question{...}.
content/exercises/exo7/4-L2/JX3T.tex,1,1,missing-question,Le contenu doit contenir au moins une \question{...}.
content/exercises/exo7/4-L2/JXph.tex,1,1,missing-question,Le contenu doit contenir au moins une \question{...}.
content/exercises/exo7/4-L2/JZyA.tex,1,1,missing-question,Le contenu doit contenir au moins une \question{...}.
content/exercises/exo7/4-L2/JdL4.tex,1,1,missing-question,Le contenu doit contenir au moins une \question{...}.
content/exercises/exo7/4-L2/Ji6b.tex,1,1,missing-question,Le contenu doit contenir au moins une \question{...}.
content/exercises/exo7/4-L2/Ji7x.tex,1,1,missing-question,Le contenu doit contenir au moins une \question{...}.
content/exercises/exo7/4-L2/JxIb.tex,1,1,missing-question,Le contenu doit contenir au moins une \question{...}.
content/exercises/exo7/4-L2/K18O.tex,1,1,missing-question,Le contenu doit contenir au moins une \question{...}.
content/exercises/exo7/4-L2/KB6l.tex,1,1,missing-question,Le contenu doit contenir au moins une \question{...}.
content/exercises/exo7/4-L2/KSmV.tex,1,1,missing-question,Le contenu doit contenir au moins une \question{...}.
content/exercises/exo7/4-L2/KaeJ.tex,1,1,missing-question,Le contenu doit contenir au moins une \question{...}.
content/exercises/exo7/4-L2/KbTC.tex,1,1,missing-question,Le contenu doit contenir au moins une \question{...}.
content/exercises/exo7/4-L2/KdG8.tex,1,1,missing-question,Le contenu doit contenir au moins une \question{...}.
content/exercises/exo7/4-L2/Ki7W.tex,1,1,missing-question,Le contenu doit contenir au moins une \question{...}.
content/exercises/exo7/4-L2/KkoI.tex,1,1,missing-question,Le contenu doit contenir au moins une \question{...}.
content/exercises/exo7/4-L2/KlB0.tex,1,1,missing-question,Le contenu doit contenir au moins une \question{...}.
content/exercises/exo7/4-L2/Knh5.tex,1,1,missing-question,Le contenu doit contenir au moins une \question{...}.
content/exercises/exo7/4-L2/KoeL.tex,1,1,missing-question,Le contenu doit contenir au moins une \question{...}.
content/exercises/exo7/4-L2/Krq0.tex,1,1,missing-question,Le contenu doit contenir au moins une \question{...}.
content/exercises/exo7/4-L2/Kxr1.tex,1,1,missing-question,Le contenu doit contenir au moins une \question{...}.
content/exercises/exo7/4-L2/L98G.tex,1,1,missing-question,Le contenu doit contenir au moins une \question{...}.
content/exercises/exo7/4-L2/LAAq.tex,1,1,missing-question,Le contenu doit contenir au moins une \question{...}.
content/exercises/exo7/4-L2/LJVh.tex,1,1,missing-question,Le contenu doit contenir au moins une \question{...}.
content/exercises/exo7/4-L2/LLPh.tex,1,1,missing-question,Le contenu doit contenir au moins une \question{...}.
content/exercises/exo7/4-L2/LS8p.tex,1,1,missing-question,Le contenu doit contenir au moins une \question{...}.
content/exercises/exo7/4-L2/LVlo.tex,1,1,missing-question,Le contenu doit contenir au moins une \question{...}.
content/exercises/exo7/4-L2/Lc75.tex,1,1,missing-question,Le contenu doit contenir au moins une \question{...}.
content/exercises/exo7/4-L2/LfMz.tex,1,1,missing-question,Le contenu doit contenir au moins une \question{...}.
content/exercises/exo7/4-L2/Lofe.tex,1,1,missing-question,Le contenu doit contenir au moins une \question{...}.
content/exercises/exo7/4-L2/Lri4.tex,1,1,missing-question,Le contenu doit contenir au moins une \question{...}.
content/exercises/exo7/4-L2/LucI.tex,1,1,missing-question,Le contenu doit contenir au moins une \question{...}.
content/exercises/exo7/4-L2/LzZV.tex,1,1,missing-question,Le contenu doit contenir au moins une \question{...}.
content/exercises/exo7/4-L2/M3RM.tex,1,1,missing-question,Le contenu doit contenir au moins une \question{...}.
content/exercises/exo7/4-L2/M3wl.tex,1,1,missing-question,Le contenu doit contenir au moins une \question{...}.
content/exercises/exo7/4-L2/M52n.tex,1,1,missing-question,Le contenu doit contenir au moins une \question{...}.
content/exercises/exo7/4-L2/M6bM.tex,1,1,missing-question,Le contenu doit contenir au moins une \question{...}.
content/exercises/exo7/4-L2/MEtl.tex,1,1,missing-question,Le contenu doit contenir au moins une \question{...}.
content/exercises/exo7/4-L2/MN98.tex,1,1,missing-question,Le contenu doit contenir au moins une \question{...}.
content/exercises/exo7/4-L2/MRF5.tex,1,1,missing-question,Le contenu doit contenir au moins une \question{...}.
content/exercises/exo7/4-L2/MZkm.tex,1,1,missing-question,Le contenu doit contenir au moins une \question{...}.
content/exercises/exo7/4-L2/MdCO.tex,1,1,missing-question,Le contenu doit contenir au moins une \question{...}.
content/exercises/exo7/4-L2/MxPs.tex,1,1,missing-question,Le contenu doit contenir au moins une \question{...}.
content/exercises/exo7/4-L2/N0FK.tex,1,1,missing-question,Le contenu doit contenir au moins une \question{...}.
content/exercises/exo7/4-L2/N0bE.tex,1,1,missing-question,Le contenu doit contenir au moins une \question{...}.
content/exercises/exo7/4-L2/N7IZ.tex,1,1,missing-question,Le contenu doit contenir au moins une \question{...}.
content/exercises/exo7/4-L2/N8Um.tex,1,1,missing-question,Le contenu doit contenir au moins une \question{...}.
content/exercises/exo7/4-L2/NJza.tex,1,1,missing-question,Le contenu doit contenir au moins une \question{...}.
content/exercises/exo7/4-L2/NK77.tex,1,1,missing-question,Le contenu doit contenir au moins une \question{...}.
content/exercises/exo7/4-L2/NKUE.tex,1,1,missing-question,Le contenu doit contenir au moins une \question{...}.
content/exercises/exo7/4-L2/NPMj.tex,1,1,missing-question,Le contenu doit contenir au moins une \question{...}.
content/exercises/exo7/4-L2/NQkj.tex,1,1,missing-question,Le contenu doit contenir au moins une \question{...}.
content/exercises/exo7/4-L2/NSjA.tex,1,1,missing-question,Le contenu doit contenir au moins une \question{...}.
content/exercises/exo7/4-L2/NXur.tex,1,1,missing-question,Le contenu doit contenir au moins une \question{...}.
content/exercises/exo7/4-L2/NYyp.tex,1,1,missing-question,Le contenu doit contenir au moins une \question{...}.
content/exercises/exo7/4-L2/NdIl.tex,1,1,missing-question,Le contenu doit contenir au moins une \question{...}.
content/exercises/exo7/4-L2/NgMU.tex,1,1,missing-question,Le contenu doit contenir au moins une \question{...}.
content/exercises/exo7/4-L2/Nv5E.tex,1,1,missing-question,Le contenu doit contenir au moins une \question{...}.
content/exercises/exo7/4-L2/NxYW.tex,1,1,missing-question,Le contenu doit contenir au moins une \question{...}.
content/exercises/exo7/4-L2/O1qW.tex,1,1,missing-question,Le contenu doit contenir au moins une \question{...}.
content/exercises/exo7/4-L2/O9Lf.tex,1,1,missing-question,Le contenu doit contenir au moins une \question{...}.
content/exercises/exo7/4-L2/OIvt.tex,1,1,missing-question,Le contenu doit contenir au moins une \question{...}.
content/exercises/exo7/4-L2/OYMV.tex,1,1,missing-question,Le contenu doit contenir au moins une \question{...}.
content/exercises/exo7/4-L2/OmGd.tex,1,1,missing-question,Le contenu doit contenir au moins une \question{...}.
content/exercises/exo7/4-L2/OthN.tex,1,1,missing-question,Le contenu doit contenir au moins une \question{...}.
content/exercises/exo7/4-L2/OuGc.tex,1,1,missing-question,Le contenu doit contenir au moins une \question{...}.
content/exercises/exo7/4-L2/OvsG.tex,1,1,missing-question,Le contenu doit contenir au moins une \question{...}.
content/exercises/exo7/4-L2/OwR1.tex,1,1,missing-question,Le contenu doit contenir au moins une \question{...}.
content/exercises/exo7/4-L2/P0VA.tex,1,1,missing-question,Le contenu doit contenir au moins une \question{...}.
content/exercises/exo7/4-L2/P5j6.tex,1,1,missing-question,Le contenu doit contenir au moins une \question{...}.
content/exercises/exo7/4-L2/P6Ts.tex,1,1,missing-question,Le contenu doit contenir au moins une \question{...}.
content/exercises/exo7/4-L2/PB8G.tex,1,1,missing-question,Le contenu doit contenir au moins une \question{...}.
content/exercises/exo7/4-L2/PBfa.tex,1,1,missing-question,Le contenu doit contenir au moins une \question{...}.
content/exercises/exo7/4-L2/PDjj.tex,1,1,missing-question,Le contenu doit contenir au moins une \question{...}.
content/exercises/exo7/4-L2/PG5V.tex,1,1,missing-question,Le contenu doit contenir au moins une \question{...}.
content/exercises/exo7/4-L2/PIdY.tex,1,1,missing-question,Le contenu doit contenir au moins une \question{...}.
content/exercises/exo7/4-L2/PO8O.tex,1,1,missing-question,Le contenu doit contenir au moins une \question{...}.
content/exercises/exo7/4-L2/PTeM.tex,1,1,missing-question,Le contenu doit contenir au moins une \question{...}.
content/exercises/exo7/4-L2/PThK.tex,1,1,missing-question,Le contenu doit contenir au moins une \question{...}.
content/exercises/exo7/4-L2/PUSx.tex,1,1,missing-question,Le contenu doit contenir au moins une \question{...}.
content/exercises/exo7/4-L2/Pe9u.tex,1,1,missing-question,Le contenu doit contenir au moins une \question{...}.
content/exercises/exo7/4-L2/Pi9a.tex,1,1,missing-question,Le contenu doit contenir au moins une \question{...}.
content/exercises/exo7/4-L2/PnDQ.tex,1,1,missing-question,Le contenu doit contenir au moins une \question{...}.
content/exercises/exo7/4-L2/PpXp.tex,1,1,missing-question,Le contenu doit contenir au moins une \question{...}.
content/exercises/exo7/4-L2/PtnI.tex,1,1,missing-question,Le contenu doit contenir au moins une \question{...}.
content/exercises/exo7/4-L2/Pwv0.tex,1,1,missing-question,Le contenu doit contenir au moins une \question{...}.
content/exercises/exo7/4-L2/Q0eT.tex,1,1,missing-question,Le contenu doit contenir au moins une \question{...}.
content/exercises/exo7/4-L2/QD3e.tex,1,1,missing-question,Le contenu doit contenir au moins une \question{...}.
content/exercises/exo7/4-L2/QDAD.tex,1,1,missing-question,Le contenu doit contenir au moins une \question{...}.
content/exercises/exo7/4-L2/QHhI.tex,1,1,missing-question,Le contenu doit contenir au moins une \question{...}.
content/exercises/exo7/4-L2/QKFt.tex,1,1,missing-question,Le contenu doit contenir au moins une \question{...}.
content/exercises/exo7/4-L2/QLan.tex,1,1,missing-question,Le contenu doit contenir au moins une \question{...}.
content/exercises/exo7/4-L2/QMXi.tex,1,1,missing-question,Le contenu doit contenir au moins une \question{...}.
content/exercises/exo7/4-L2/QRgR.tex,1,1,missing-question,Le contenu doit contenir au moins une \question{...}.
content/exercises/exo7/4-L2/QWlA.tex,1,1,missing-question,Le contenu doit contenir au moins une \question{...}.
content/exercises/exo7/4-L2/Qs4I.tex,1,1,missing-question,Le contenu doit contenir au moins une \question{...}.
content/exercises/exo7/4-L2/RB17.tex,1,1,missing-question,Le contenu doit contenir au moins une \question{...}.
content/exercises/exo7/4-L2/RBZ5.tex,1,1,missing-question,Le contenu doit contenir au moins une \question{...}.
content/exercises/exo7/4-L2/RCIr.tex,1,1,missing-question,Le contenu doit contenir au moins une \question{...}.
content/exercises/exo7/4-L2/ROI4.tex,1,1,missing-question,Le contenu doit contenir au moins une \question{...}.
content/exercises/exo7/4-L2/RajE.tex,1,1,missing-question,Le contenu doit contenir au moins une \question{...}.
content/exercises/exo7/4-L2/Rl0k.tex,1,1,missing-question,Le contenu doit contenir au moins une \question{...}.
content/exercises/exo7/4-L2/RmxX.tex,1,1,missing-question,Le contenu doit contenir au moins une \question{...}.
content/exercises/exo7/4-L2/S3zU.tex,1,1,missing-question,Le contenu doit contenir au moins une \question{...}.
content/exercises/exo7/4-L2/S8WV.tex,1,1,missing-question,Le contenu doit contenir au moins une \question{...}.
content/exercises/exo7/4-L2/SEJf.tex,1,1,missing-question,Le contenu doit contenir au moins une \question{...}.
content/exercises/exo7/4-L2/SGhH.tex,1,1,missing-question,Le contenu doit contenir au moins une \question{...}.
content/exercises/exo7/4-L2/SQwv.tex,1,1,missing-question,Le contenu doit contenir au moins une \question{...}.
content/exercises/exo7/4-L2/SdmZ.tex,1,1,missing-question,Le contenu doit contenir au moins une \question{...}.
content/exercises/exo7/4-L2/Ses5.tex,1,1,missing-question,Le contenu doit contenir au moins une \question{...}.
content/exercises/exo7/4-L2/Sf6g.tex,1,1,missing-question,Le contenu doit contenir au moins une \question{...}.
content/exercises/exo7/4-L2/SjjZ.tex,1,1,missing-question,Le contenu doit contenir au moins une \question{...}.
content/exercises/exo7/4-L2/Sq03.tex,1,1,missing-question,Le contenu doit contenir au moins une \question{...}.
content/exercises/exo7/4-L2/SqoZ.tex,1,1,missing-question,Le contenu doit contenir au moins une \question{...}.
content/exercises/exo7/4-L2/SxLq.tex,1,1,missing-question,Le contenu doit contenir au moins une \question{...}.
content/exercises/exo7/4-L2/T7lT.tex,1,1,missing-question,Le contenu doit contenir au moins une \question{...}.
content/exercises/exo7/4-L2/T950.tex,1,1,missing-question,Le contenu doit contenir au moins une \question{...}.
content/exercises/exo7/4-L2/TE3f.tex,1,1,missing-question,Le contenu doit contenir au moins une \question{...}.
content/exercises/exo7/4-L2/TNLn.tex,1,1,missing-question,Le contenu doit contenir au moins une \question{...}.
content/exercises/exo7/4-L2/TQhy.tex,1,1,missing-question,Le contenu doit contenir au moins une \question{...}.
content/exercises/exo7/4-L2/TYx8.tex,1,1,missing-question,Le contenu doit contenir au moins une \question{...}.
content/exercises/exo7/4-L2/TbRd.tex,1,1,missing-question,Le contenu doit contenir au moins une \question{...}.
content/exercises/exo7/4-L2/TbTM.tex,1,1,missing-question,Le contenu doit contenir au moins une \question{...}.
content/exercises/exo7/4-L2/Txn4.tex,1,1,missing-question,Le contenu doit contenir au moins une \question{...}.
content/exercises/exo7/4-L2/U0XO.tex,1,1,missing-question,Le contenu doit contenir au moins une \question{...}.
content/exercises/exo7/4-L2/U9KV.tex,1,1,missing-question,Le contenu doit contenir au moins une \question{...}.
content/exercises/exo7/4-L2/UAyG.tex,1,1,missing-question,Le contenu doit contenir au moins une \question{...}.
content/exercises/exo7/4-L2/UBkt.tex,1,1,missing-question,Le contenu doit contenir au moins une \question{...}.
content/exercises/exo7/4-L2/UKnc.tex,1,1,missing-question,Le contenu doit contenir au moins une \question{...}.
content/exercises/exo7/4-L2/UV4F.tex,1,1,missing-question,Le contenu doit contenir au moins une \question{...}.
content/exercises/exo7/4-L2/UWQd.tex,1,1,missing-question,Le contenu doit contenir au moins une \question{...}.
content/exercises/exo7/4-L2/UYPY.tex,1,1,missing-question,Le contenu doit contenir au moins une \question{...}.
content/exercises/exo7/4-L2/Ua6q.tex,1,1,missing-question,Le contenu doit contenir au moins une \question{...}.
content/exercises/exo7/4-L2/UhhP.tex,1,1,missing-question,Le contenu doit contenir au moins une \question{...}.
content/exercises/exo7/4-L2/UiUg.tex,1,1,missing-question,Le contenu doit contenir au moins une \question{...}.
content/exercises/exo7/4-L2/Uqzo.tex,1,1,missing-question,Le contenu doit contenir au moins une \question{...}.
content/exercises/exo7/4-L2/UrtD.tex,1,1,missing-question,Le contenu doit contenir au moins une \question{...}.
content/exercises/exo7/4-L2/UtIc.tex,1,1,missing-question,Le contenu doit contenir au moins une \question{...}.
content/exercises/exo7/4-L2/V9uw.tex,1,1,missing-question,Le contenu doit contenir au moins une \question{...}.
content/exercises/exo7/4-L2/VHTm.tex,1,1,missing-question,Le contenu doit contenir au moins une \question{...}.
content/exercises/exo7/4-L2/VJeU.tex,1,1,missing-question,Le contenu doit contenir au moins une \question{...}.
content/exercises/exo7/4-L2/VNSy.tex,1,1,missing-question,Le contenu doit contenir au moins une \question{...}.
content/exercises/exo7/4-L2/VNjC.tex,1,1,missing-question,Le contenu doit contenir au moins une \question{...}.
content/exercises/exo7/4-L2/VRzm.tex,1,1,missing-question,Le contenu doit contenir au moins une \question{...}.
content/exercises/exo7/4-L2/VS84.tex,1,1,missing-question,Le contenu doit contenir au moins une \question{...}.
content/exercises/exo7/4-L2/VSbO.tex,1,1,missing-question,Le contenu doit contenir au moins une \question{...}.
content/exercises/exo7/4-L2/VWeU.tex,1,1,missing-question,Le contenu doit contenir au moins une \question{...}.
content/exercises/exo7/4-L2/VYNJ.tex,1,1,missing-question,Le contenu doit contenir au moins une \question{...}.
content/exercises/exo7/4-L2/VdPK.tex,1,1,missing-question,Le contenu doit contenir au moins une \question{...}.
content/exercises/exo7/4-L2/Vg02.tex,1,1,missing-question,Le contenu doit contenir au moins une \question{...}.
content/exercises/exo7/4-L2/Vid2.tex,1,1,missing-question,Le contenu doit contenir au moins une \question{...}.
content/exercises/exo7/4-L2/VmJc.tex,1,1,missing-question,Le contenu doit contenir au moins une \question{...}.
content/exercises/exo7/4-L2/VoY7.tex,1,1,missing-question,Le contenu doit contenir au moins une \question{...}.
content/exercises/exo7/4-L2/W7Yv.tex,1,1,missing-question,Le contenu doit contenir au moins une \question{...}.
content/exercises/exo7/4-L2/WCoH.tex,1,1,missing-question,Le contenu doit contenir au moins une \question{...}.
content/exercises/exo7/4-L2/WEE2.tex,1,1,missing-question,Le contenu doit contenir au moins une \question{...}.
content/exercises/exo7/4-L2/WHTP.tex,1,1,missing-question,Le contenu doit contenir au moins une \question{...}.
content/exercises/exo7/4-L2/WJCb.tex,1,1,missing-question,Le contenu doit contenir au moins une \question{...}.
content/exercises/exo7/4-L2/WLQ9.tex,1,1,missing-question,Le contenu doit contenir au moins une \question{...}.
content/exercises/exo7/4-L2/WLgt.tex,1,1,missing-question,Le contenu doit contenir au moins une \question{...}.
content/exercises/exo7/4-L2/WLzW.tex,1,1,missing-question,Le contenu doit contenir au moins une \question{...}.
content/exercises/exo7/4-L2/WSRV.tex,1,1,missing-question,Le contenu doit contenir au moins une \question{...}.
content/exercises/exo7/4-L2/WSaZ.tex,15,1,malformed-command,La commande \contenu{...} n'est pas fermée correctement.
content/exercises/exo7/4-L2/WSaZ.tex,20,11,malformed-command,La commande \question{...} n'est pas fermée correctement.
content/exercises/exo7/4-L2/WSaZ.tex,24,11,malformed-command,La commande \question{...} n'est pas fermée correctement.
content/exercises/exo7/4-L2/WSaZ.tex,28,11,malformed-command,La commande \question{...} n'est pas fermée correctement.
content/exercises/exo7/4-L2/WSaZ.tex,32,11,malformed-command,La commande \question{...} n'est pas fermée correctement.
content/exercises/exo7/4-L2/WSaZ.tex,37,11,malformed-command,La commande \question{...} n'est pas fermée correctement.
content/exercises/exo7/4-L2/WSaZ.tex,50,11,malformed-command,La commande \question{...} n'est pas fermée correctement.
content/exercises/exo7/4-L2/WSaZ.tex,59,11,malformed-command,La commande \question{...} n'est pas fermée correctement.
content/exercises/exo7/4-L2/WTfe.tex,1,1,missing-question,Le contenu doit contenir au moins une \question{...}.
content/exercises/exo7/4-L2/WW1L.tex,1,1,missing-question,Le contenu doit contenir au moins une \question{...}.
content/exercises/exo7/4-L2/WWrj.tex,1,1,missing-question,Le contenu doit contenir au moins une \question{...}.
content/exercises/exo7/4-L2/WY5w.tex,1,1,missing-question,Le contenu doit contenir au moins une \question{...}.
content/exercises/exo7/4-L2/WY6r.tex,1,1,missing-question,Le contenu doit contenir au moins une \question{...}.
content/exercises/exo7/4-L2/WYBV.tex,1,1,missing-question,Le contenu doit contenir au moins une \question{...}.
content/exercises/exo7/4-L2/WZt2.tex,1,1,missing-question,Le contenu doit contenir au moins une \question{...}.
content/exercises/exo7/4-L2/Wilv.tex,1,1,missing-question,Le contenu doit contenir au moins une \question{...}.
content/exercises/exo7/4-L2/WlqA.tex,1,1,missing-question,Le contenu doit contenir au moins une \question{...}.
content/exercises/exo7/4-L2/WpNI.tex,1,1,missing-question,Le contenu doit contenir au moins une \question{...}.
content/exercises/exo7/4-L2/WsuJ.tex,1,1,missing-question,Le contenu doit contenir au moins une \question{...}.
content/exercises/exo7/4-L2/Wysw.tex,15,1,malformed-command,La commande \contenu{...} n'est pas fermée correctement.
content/exercises/exo7/4-L2/X5Gv.tex,1,1,missing-question,Le contenu doit contenir au moins une \question{...}.
content/exercises/exo7/4-L2/XIf1.tex,1,1,missing-question,Le contenu doit contenir au moins une \question{...}.
content/exercises/exo7/4-L2/XKOs.tex,1,1,missing-question,Le contenu doit contenir au moins une \question{...}.
content/exercises/exo7/4-L2/XMhZ.tex,1,1,missing-question,Le contenu doit contenir au moins une \question{...}.
content/exercises/exo7/4-L2/XSGp.tex,1,1,missing-question,Le contenu doit contenir au moins une \question{...}.
content/exercises/exo7/4-L2/XYUE.tex,1,1,missing-question,Le contenu doit contenir au moins une \question{...}.
content/exercises/exo7/4-L2/Xe3n.tex,1,1,missing-question,Le contenu doit contenir au moins une \question{...}.
content/exercises/exo7/4-L2/XeOH.tex,1,1,missing-question,Le contenu doit contenir au moins une \question{...}.
content/exercises/exo7/4-L2/Xf6S.tex,1,1,missing-question,Le contenu doit contenir au moins une \question{...}.
content/exercises/exo7/4-L2/XfSo.tex,1,1,missing-question,Le contenu doit contenir au moins une \question{...}.
content/exercises/exo7/4-L2/XjUq.tex,1,1,missing-question,Le contenu doit contenir au moins une \question{...}.
content/exercises/exo7/4-L2/XwxA.tex,1,1,missing-question,Le contenu doit contenir au moins une \question{...}.
content/exercises/exo7/4-L2/Y6YS.tex,1,1,missing-question,Le contenu doit contenir au moins une \question{...}.
content/exercises/exo7/4-L2/Y8iU.tex,1,1,missing-question,Le contenu doit contenir au moins une \question{...}.
content/exercises/exo7/4-L2/Y91E.tex,1,1,missing-question,Le contenu doit contenir au moins une \question{...}.
content/exercises/exo7/4-L2/YHNn.tex,1,1,missing-question,Le contenu doit contenir au moins une \question{...}.
content/exercises/exo7/4-L2/YMMw.tex,1,1,missing-question,Le contenu doit contenir au moins une \question{...}.
content/exercises/exo7/4-L2/YTjJ.tex,1,1,missing-question,Le contenu doit contenir au moins une \question{...}.
content/exercises/exo7/4-L2/YWvk.tex,1,1,missing-question,Le contenu doit contenir au moins une \question{...}.
content/exercises/exo7/4-L2/Ybbb.tex,1,1,missing-question,Le contenu doit contenir au moins une \question{...}.
content/exercises/exo7/4-L2/Ydt9.tex,1,1,missing-question,Le contenu doit contenir au moins une \question{...}.
content/exercises/exo7/4-L2/Yejs.tex,1,1,missing-question,Le contenu doit contenir au moins une \question{...}.
content/exercises/exo7/4-L2/Yet8.tex,1,1,missing-question,Le contenu doit contenir au moins une \question{...}.
content/exercises/exo7/4-L2/Yr8F.tex,1,1,missing-question,Le contenu doit contenir au moins une \question{...}.
content/exercises/exo7/4-L2/YwgR.tex,1,1,missing-question,Le contenu doit contenir au moins une \question{...}.
content/exercises/exo7/4-L2/Z2i8.tex,1,1,missing-question,Le contenu doit contenir au moins une \question{...}.
content/exercises/exo7/4-L2/Z8SM.tex,1,1,missing-question,Le contenu doit contenir au moins une \question{...}.
content/exercises/exo7/4-L2/ZBlK.tex,1,1,missing-question,Le contenu doit contenir au moins une \question{...}.
content/exercises/exo7/4-L2/ZG2y.tex,1,1,missing-question,Le contenu doit contenir au moins une \question{...}.
content/exercises/exo7/4-L2/ZGJT.tex,1,1,missing-question,Le contenu doit contenir au moins une \question{...}.
content/exercises/exo7/4-L2/ZOld.tex,1,1,missing-question,Le contenu doit contenir au moins une \question{...}.
content/exercises/exo7/4-L2/ZSUV.tex,1,1,missing-question,Le contenu doit contenir au moins une \question{...}.
content/exercises/exo7/4-L2/ZZXM.tex,1,1,missing-question,Le contenu doit contenir au moins une \question{...}.
content/exercises/exo7/4-L2/ZaU5.tex,1,1,missing-question,Le contenu doit contenir au moins une \question{...}.
content/exercises/exo7/4-L2/ZhRQ.tex,1,1,missing-question,Le contenu doit contenir au moins une \question{...}.
content/exercises/exo7/4-L2/ZhXr.tex,1,1,missing-question,Le contenu doit contenir au moins une \question{...}.
content/exercises/exo7/4-L2/Zs7t.tex,1,1,missing-question,Le contenu doit contenir au moins une \question{...}.
content/exercises/exo7/4-L2/a2FY.tex,1,1,missing-question,Le contenu doit contenir au moins une \question{...}.
content/exercises/exo7/4-L2/a5Ci.tex,1,1,missing-question,Le contenu doit contenir au moins une \question{...}.
content/exercises/exo7/4-L2/aOKf.tex,1,1,missing-question,Le contenu doit contenir au moins une \question{...}.
content/exercises/exo7/4-L2/aPcU.tex,1,1,missing-question,Le contenu doit contenir au moins une \question{...}.
content/exercises/exo7/4-L2/aTD6.tex,1,1,missing-question,Le contenu doit contenir au moins une \question{...}.
content/exercises/exo7/4-L2/aXNb.tex,1,1,missing-question,Le contenu doit contenir au moins une \question{...}.
content/exercises/exo7/4-L2/ajmt.tex,1,1,missing-question,Le contenu doit contenir au moins une \question{...}.
content/exercises/exo7/4-L2/api1.tex,1,1,missing-question,Le contenu doit contenir au moins une \question{...}.
content/exercises/exo7/4-L2/aqKu.tex,1,1,missing-question,Le contenu doit contenir au moins une \question{...}.
content/exercises/exo7/4-L2/asFO.tex,1,1,missing-question,Le contenu doit contenir au moins une \question{...}.
content/exercises/exo7/4-L2/avc0.tex,1,1,missing-question,Le contenu doit contenir au moins une \question{...}.
content/exercises/exo7/4-L2/awDB.tex,1,1,missing-question,Le contenu doit contenir au moins une \question{...}.
content/exercises/exo7/4-L2/ayGS.tex,1,1,missing-question,Le contenu doit contenir au moins une \question{...}.
content/exercises/exo7/4-L2/b0lx.tex,1,1,missing-question,Le contenu doit contenir au moins une \question{...}.
content/exercises/exo7/4-L2/b1TB.tex,1,1,missing-question,Le contenu doit contenir au moins une \question{...}.
content/exercises/exo7/4-L2/bcFv.tex,1,1,missing-question,Le contenu doit contenir au moins une \question{...}.
content/exercises/exo7/4-L2/bf1i.tex,1,1,missing-question,Le contenu doit contenir au moins une \question{...}.
content/exercises/exo7/4-L2/bfov.tex,1,1,missing-question,Le contenu doit contenir au moins une \question{...}.
content/exercises/exo7/4-L2/blgW.tex,1,1,missing-question,Le contenu doit contenir au moins une \question{...}.
content/exercises/exo7/4-L2/c0B2.tex,1,1,missing-question,Le contenu doit contenir au moins une \question{...}.
content/exercises/exo7/4-L2/c2EP.tex,1,1,missing-question,Le contenu doit contenir au moins une \question{...}.
content/exercises/exo7/4-L2/cCZc.tex,1,1,missing-question,Le contenu doit contenir au moins une \question{...}.
content/exercises/exo7/4-L2/cLCp.tex,1,1,missing-question,Le contenu doit contenir au moins une \question{...}.
content/exercises/exo7/4-L2/cNDh.tex,1,1,missing-question,Le contenu doit contenir au moins une \question{...}.
content/exercises/exo7/4-L2/cP2z.tex,1,1,missing-question,Le contenu doit contenir au moins une \question{...}.
content/exercises/exo7/4-L2/cRvy.tex,1,1,missing-question,Le contenu doit contenir au moins une \question{...}.
content/exercises/exo7/4-L2/cSFQ.tex,1,1,missing-question,Le contenu doit contenir au moins une \question{...}.
content/exercises/exo7/4-L2/cSsI.tex,1,1,missing-question,Le contenu doit contenir au moins une \question{...}.
content/exercises/exo7/4-L2/cacu.tex,1,1,missing-question,Le contenu doit contenir au moins une \question{...}.
content/exercises/exo7/4-L2/cgMe.tex,1,1,missing-question,Le contenu doit contenir au moins une \question{...}.
content/exercises/exo7/4-L2/cqFt.tex,1,1,missing-question,Le contenu doit contenir au moins une \question{...}.
content/exercises/exo7/4-L2/cyHR.tex,1,1,missing-question,Le contenu doit contenir au moins une \question{...}.
content/exercises/exo7/4-L2/d6Pi.tex,1,1,missing-question,Le contenu doit contenir au moins une \question{...}.
content/exercises/exo7/4-L2/dCN8.tex,1,1,missing-question,Le contenu doit contenir au moins une \question{...}.
content/exercises/exo7/4-L2/dHV9.tex,1,1,missing-question,Le contenu doit contenir au moins une \question{...}.
content/exercises/exo7/4-L2/dIra.tex,1,1,missing-question,Le contenu doit contenir au moins une \question{...}.
content/exercises/exo7/4-L2/dPMU.tex,1,1,missing-question,Le contenu doit contenir au moins une \question{...}.
content/exercises/exo7/4-L2/dR7I.tex,1,1,missing-question,Le contenu doit contenir au moins une \question{...}.
content/exercises/exo7/4-L2/dWKb.tex,1,1,missing-question,Le contenu doit contenir au moins une \question{...}.
content/exercises/exo7/4-L2/da5J.tex,1,1,missing-question,Le contenu doit contenir au moins une \question{...}.
content/exercises/exo7/4-L2/dc9K.tex,1,1,missing-question,Le contenu doit contenir au moins une \question{...}.
content/exercises/exo7/4-L2/dfVU.tex,1,1,missing-question,Le contenu doit contenir au moins une \question{...}.
content/exercises/exo7/4-L2/dlcD.tex,1,1,missing-question,Le contenu doit contenir au moins une \question{...}.
content/exercises/exo7/4-L2/ds89.tex,1,1,missing-question,Le contenu doit contenir au moins une \question{...}.
content/exercises/exo7/4-L2/e1Ot.tex,1,1,missing-question,Le contenu doit contenir au moins une \question{...}.
content/exercises/exo7/4-L2/eDt6.tex,1,1,missing-question,Le contenu doit contenir au moins une \question{...}.
content/exercises/exo7/4-L2/eOjq.tex,1,1,missing-question,Le contenu doit contenir au moins une \question{...}.
content/exercises/exo7/4-L2/eYno.tex,1,1,missing-question,Le contenu doit contenir au moins une \question{...}.
content/exercises/exo7/4-L2/edJk.tex,1,1,missing-question,Le contenu doit contenir au moins une \question{...}.
content/exercises/exo7/4-L2/eoKM.tex,1,1,missing-question,Le contenu doit contenir au moins une \question{...}.
content/exercises/exo7/4-L2/f0YJ.tex,1,1,missing-question,Le contenu doit contenir au moins une \question{...}.
content/exercises/exo7/4-L2/f15u.tex,1,1,missing-question,Le contenu doit contenir au moins une \question{...}.
content/exercises/exo7/4-L2/fE9O.tex,1,1,missing-question,Le contenu doit contenir au moins une \question{...}.
content/exercises/exo7/4-L2/fIYn.tex,1,1,missing-question,Le contenu doit contenir au moins une \question{...}.
content/exercises/exo7/4-L2/fJDk.tex,1,1,missing-question,Le contenu doit contenir au moins une \question{...}.
content/exercises/exo7/4-L2/fK7v.tex,1,1,missing-question,Le contenu doit contenir au moins une \question{...}.
content/exercises/exo7/4-L2/fLBA.tex,1,1,missing-question,Le contenu doit contenir au moins une \question{...}.
content/exercises/exo7/4-L2/fQ7n.tex,1,1,missing-question,Le contenu doit contenir au moins une \question{...}.
content/exercises/exo7/4-L2/fTqC.tex,1,1,missing-question,Le contenu doit contenir au moins une \question{...}.
content/exercises/exo7/4-L2/fWAb.tex,1,1,missing-question,Le contenu doit contenir au moins une \question{...}.
content/exercises/exo7/4-L2/fX3d.tex,1,1,missing-question,Le contenu doit contenir au moins une \question{...}.
content/exercises/exo7/4-L2/fabM.tex,1,1,missing-question,Le contenu doit contenir au moins une \question{...}.
content/exercises/exo7/4-L2/fhcN.tex,1,1,missing-question,Le contenu doit contenir au moins une \question{...}.
content/exercises/exo7/4-L2/flbp.tex,1,1,missing-question,Le contenu doit contenir au moins une \question{...}.
content/exercises/exo7/4-L2/frvS.tex,1,1,missing-question,Le contenu doit contenir au moins une \question{...}.
content/exercises/exo7/4-L2/fsKA.tex,1,1,missing-question,Le contenu doit contenir au moins une \question{...}.
content/exercises/exo7/4-L2/fuJX.tex,1,1,missing-question,Le contenu doit contenir au moins une \question{...}.
content/exercises/exo7/4-L2/fxe6.tex,1,1,missing-question,Le contenu doit contenir au moins une \question{...}.
content/exercises/exo7/4-L2/g1gY.tex,1,1,missing-question,Le contenu doit contenir au moins une \question{...}.
content/exercises/exo7/4-L2/g5UK.tex,1,1,missing-question,Le contenu doit contenir au moins une \question{...}.
content/exercises/exo7/4-L2/g769.tex,1,1,missing-question,Le contenu doit contenir au moins une \question{...}.
content/exercises/exo7/4-L2/g7j1.tex,1,1,missing-question,Le contenu doit contenir au moins une \question{...}.
content/exercises/exo7/4-L2/g9eL.tex,1,1,missing-question,Le contenu doit contenir au moins une \question{...}.
content/exercises/exo7/4-L2/gDq5.tex,1,1,missing-question,Le contenu doit contenir au moins une \question{...}.
content/exercises/exo7/4-L2/gdmr.tex,1,1,missing-question,Le contenu doit contenir au moins une \question{...}.
content/exercises/exo7/4-L2/gieq.tex,1,1,missing-question,Le contenu doit contenir au moins une \question{...}.
content/exercises/exo7/4-L2/gpMl.tex,1,1,missing-question,Le contenu doit contenir au moins une \question{...}.
content/exercises/exo7/4-L2/h084.tex,1,1,missing-question,Le contenu doit contenir au moins une \question{...}.
content/exercises/exo7/4-L2/h7pU.tex,1,1,missing-question,Le contenu doit contenir au moins une \question{...}.
content/exercises/exo7/4-L2/h8dD.tex,1,1,missing-question,Le contenu doit contenir au moins une \question{...}.
content/exercises/exo7/4-L2/hBMJ.tex,1,1,missing-question,Le contenu doit contenir au moins une \question{...}.
content/exercises/exo7/4-L2/hCKw.tex,1,1,missing-question,Le contenu doit contenir au moins une \question{...}.
content/exercises/exo7/4-L2/hKMj.tex,1,1,missing-question,Le contenu doit contenir au moins une \question{...}.
content/exercises/exo7/4-L2/hNAl.tex,1,1,missing-question,Le contenu doit contenir au moins une \question{...}.
content/exercises/exo7/4-L2/hWbv.tex,1,1,missing-question,Le contenu doit contenir au moins une \question{...}.
content/exercises/exo7/4-L2/hXfB.tex,1,1,missing-question,Le contenu doit contenir au moins une \question{...}.
content/exercises/exo7/4-L2/hYf6.tex,1,1,missing-question,Le contenu doit contenir au moins une \question{...}.
content/exercises/exo7/4-L2/hZXI.tex,1,1,missing-question,Le contenu doit contenir au moins une \question{...}.
content/exercises/exo7/4-L2/hcfI.tex,1,1,missing-question,Le contenu doit contenir au moins une \question{...}.
content/exercises/exo7/4-L2/hmj8.tex,1,1,missing-question,Le contenu doit contenir au moins une \question{...}.
content/exercises/exo7/4-L2/huJ6.tex,1,1,missing-question,Le contenu doit contenir au moins une \question{...}.
content/exercises/exo7/4-L2/i4sN.tex,1,1,missing-question,Le contenu doit contenir au moins une \question{...}.
content/exercises/exo7/4-L2/i6a8.tex,1,1,missing-question,Le contenu doit contenir au moins une \question{...}.
content/exercises/exo7/4-L2/i9sy.tex,1,1,missing-question,Le contenu doit contenir au moins une \question{...}.
content/exercises/exo7/4-L2/iB4q.tex,1,1,missing-question,Le contenu doit contenir au moins une \question{...}.
content/exercises/exo7/4-L2/iDum.tex,1,1,missing-question,Le contenu doit contenir au moins une \question{...}.
content/exercises/exo7/4-L2/iRzC.tex,1,1,missing-question,Le contenu doit contenir au moins une \question{...}.
content/exercises/exo7/4-L2/iSN9.tex,1,1,missing-question,Le contenu doit contenir au moins une \question{...}.
content/exercises/exo7/4-L2/iadg.tex,1,1,missing-question,Le contenu doit contenir au moins une \question{...}.
content/exercises/exo7/4-L2/ifB1.tex,1,1,missing-question,Le contenu doit contenir au moins une \question{...}.
content/exercises/exo7/4-L2/ihUM.tex,1,1,missing-question,Le contenu doit contenir au moins une \question{...}.
content/exercises/exo7/4-L2/ihXb.tex,1,1,missing-question,Le contenu doit contenir au moins une \question{...}.
content/exercises/exo7/4-L2/ihrp.tex,1,1,missing-question,Le contenu doit contenir au moins une \question{...}.
content/exercises/exo7/4-L2/ikTv.tex,1,1,missing-question,Le contenu doit contenir au moins une \question{...}.
content/exercises/exo7/4-L2/imVJ.tex,1,1,missing-question,Le contenu doit contenir au moins une \question{...}.
content/exercises/exo7/4-L2/iuIu.tex,1,1,missing-question,Le contenu doit contenir au moins une \question{...}.
content/exercises/exo7/4-L2/j23n.tex,1,1,missing-question,Le contenu doit contenir au moins une \question{...}.
content/exercises/exo7/4-L2/j3oi.tex,1,1,missing-question,Le contenu doit contenir au moins une \question{...}.
content/exercises/exo7/4-L2/jAxP.tex,1,1,missing-question,Le contenu doit contenir au moins une \question{...}.
content/exercises/exo7/4-L2/jCNa.tex,1,1,missing-question,Le contenu doit contenir au moins une \question{...}.
content/exercises/exo7/4-L2/jCPq.tex,1,1,missing-question,Le contenu doit contenir au moins une \question{...}.
content/exercises/exo7/4-L2/jDUu.tex,1,1,missing-question,Le contenu doit contenir au moins une \question{...}.
content/exercises/exo7/4-L2/jQhn.tex,1,1,missing-question,Le contenu doit contenir au moins une \question{...}.
content/exercises/exo7/4-L2/jSQc.tex,1,1,missing-question,Le contenu doit contenir au moins une \question{...}.
content/exercises/exo7/4-L2/jcxw.tex,1,1,missing-question,Le contenu doit contenir au moins une \question{...}.
content/exercises/exo7/4-L2/jhGC.tex,1,1,missing-question,Le contenu doit contenir au moins une \question{...}.
content/exercises/exo7/4-L2/juy3.tex,1,1,missing-question,Le contenu doit contenir au moins une \question{...}.
content/exercises/exo7/4-L2/jvFN.tex,1,1,missing-question,Le contenu doit contenir au moins une \question{...}.
content/exercises/exo7/4-L2/jxh8.tex,1,1,missing-question,Le contenu doit contenir au moins une \question{...}.
content/exercises/exo7/4-L2/kEED.tex,1,1,missing-question,Le contenu doit contenir au moins une \question{...}.
content/exercises/exo7/4-L2/kHhJ.tex,1,1,missing-question,Le contenu doit contenir au moins une \question{...}.
content/exercises/exo7/4-L2/kQOX.tex,1,1,missing-question,Le contenu doit contenir au moins une \question{...}.
content/exercises/exo7/4-L2/kdfw.tex,1,1,missing-question,Le contenu doit contenir au moins une \question{...}.
content/exercises/exo7/4-L2/kdoJ.tex,1,1,missing-question,Le contenu doit contenir au moins une \question{...}.
content/exercises/exo7/4-L2/kfbn.tex,1,1,missing-question,Le contenu doit contenir au moins une \question{...}.
content/exercises/exo7/4-L2/kgkI.tex,1,1,missing-question,Le contenu doit contenir au moins une \question{...}.
content/exercises/exo7/4-L2/kr2g.tex,1,1,missing-question,Le contenu doit contenir au moins une \question{...}.
content/exercises/exo7/4-L2/kstJ.tex,1,1,missing-question,Le contenu doit contenir au moins une \question{...}.
content/exercises/exo7/4-L2/kzhU.tex,1,1,missing-question,Le contenu doit contenir au moins une \question{...}.
content/exercises/exo7/4-L2/l1wU.tex,1,1,missing-question,Le contenu doit contenir au moins une \question{...}.
content/exercises/exo7/4-L2/l4G8.tex,1,1,missing-question,Le contenu doit contenir au moins une \question{...}.
content/exercises/exo7/4-L2/l8CR.tex,1,1,missing-question,Le contenu doit contenir au moins une \question{...}.
content/exercises/exo7/4-L2/l98i.tex,1,1,missing-question,Le contenu doit contenir au moins une \question{...}.
content/exercises/exo7/4-L2/lJGi.tex,1,1,missing-question,Le contenu doit contenir au moins une \question{...}.
content/exercises/exo7/4-L2/lLYP.tex,1,1,missing-question,Le contenu doit contenir au moins une \question{...}.
content/exercises/exo7/4-L2/lPE7.tex,1,1,missing-question,Le contenu doit contenir au moins une \question{...}.
content/exercises/exo7/4-L2/lPXu.tex,1,1,missing-question,Le contenu doit contenir au moins une \question{...}.
content/exercises/exo7/4-L2/lhsg.tex,1,1,missing-question,Le contenu doit contenir au moins une \question{...}.
content/exercises/exo7/4-L2/m0O9.tex,1,1,missing-question,Le contenu doit contenir au moins une \question{...}.
content/exercises/exo7/4-L2/m4YZ.tex,1,1,missing-question,Le contenu doit contenir au moins une \question{...}.
content/exercises/exo7/4-L2/m4iU.tex,1,1,missing-question,Le contenu doit contenir au moins une \question{...}.
content/exercises/exo7/4-L2/m64E.tex,1,1,missing-question,Le contenu doit contenir au moins une \question{...}.
content/exercises/exo7/4-L2/m6Tc.tex,1,1,missing-question,Le contenu doit contenir au moins une \question{...}.
content/exercises/exo7/4-L2/mBpR.tex,1,1,missing-question,Le contenu doit contenir au moins une \question{...}.
content/exercises/exo7/4-L2/mMIV.tex,1,1,missing-question,Le contenu doit contenir au moins une \question{...}.
content/exercises/exo7/4-L2/mPrb.tex,1,1,missing-question,Le contenu doit contenir au moins une \question{...}.
content/exercises/exo7/4-L2/mSfz.tex,1,1,missing-question,Le contenu doit contenir au moins une \question{...}.
content/exercises/exo7/4-L2/mV4v.tex,1,1,missing-question,Le contenu doit contenir au moins une \question{...}.
content/exercises/exo7/4-L2/mYZ0.tex,1,1,missing-question,Le contenu doit contenir au moins une \question{...}.
content/exercises/exo7/4-L2/moMR.tex,1,1,missing-question,Le contenu doit contenir au moins une \question{...}.
content/exercises/exo7/4-L2/msma.tex,1,1,missing-question,Le contenu doit contenir au moins une \question{...}.
content/exercises/exo7/4-L2/muAC.tex,1,1,missing-question,Le contenu doit contenir au moins une \question{...}.
content/exercises/exo7/4-L2/n0Tn.tex,1,1,missing-question,Le contenu doit contenir au moins une \question{...}.
content/exercises/exo7/4-L2/n0iE.tex,1,1,missing-question,Le contenu doit contenir au moins une \question{...}.
content/exercises/exo7/4-L2/n0yi.tex,1,1,missing-question,Le contenu doit contenir au moins une \question{...}.
content/exercises/exo7/4-L2/n2tk.tex,1,1,missing-question,Le contenu doit contenir au moins une \question{...}.
content/exercises/exo7/4-L2/n4UF.tex,1,1,missing-question,Le contenu doit contenir au moins une \question{...}.
content/exercises/exo7/4-L2/n8Xc.tex,1,1,missing-question,Le contenu doit contenir au moins une \question{...}.
content/exercises/exo7/4-L2/nALX.tex,1,1,missing-question,Le contenu doit contenir au moins une \question{...}.
content/exercises/exo7/4-L2/nEZI.tex,1,1,missing-question,Le contenu doit contenir au moins une \question{...}.
content/exercises/exo7/4-L2/nFEQ.tex,1,1,missing-question,Le contenu doit contenir au moins une \question{...}.
content/exercises/exo7/4-L2/nIiz.tex,1,1,missing-question,Le contenu doit contenir au moins une \question{...}.
content/exercises/exo7/4-L2/nLbN.tex,1,1,missing-question,Le contenu doit contenir au moins une \question{...}.
content/exercises/exo7/4-L2/nTZt.tex,1,1,missing-question,Le contenu doit contenir au moins une \question{...}.
content/exercises/exo7/4-L2/nWhL.tex,30,1,single-item-enumerate,Un exercice avec une seule question ne doit pas contenir un environnement enumerate avec un seul \item.
content/exercises/exo7/4-L2/noxz.tex,1,1,missing-question,Le contenu doit contenir au moins une \question{...}.
content/exercises/exo7/4-L2/nyRT.tex,1,1,missing-question,Le contenu doit contenir au moins une \question{...}.
content/exercises/exo7/4-L2/o3rg.tex,1,1,missing-question,Le contenu doit contenir au moins une \question{...}.
content/exercises/exo7/4-L2/o5T7.tex,1,1,missing-question,Le contenu doit contenir au moins une \question{...}.
content/exercises/exo7/4-L2/o7Ap.tex,1,1,missing-question,Le contenu doit contenir au moins une \question{...}.
content/exercises/exo7/4-L2/o92j.tex,1,1,missing-question,Le contenu doit contenir au moins une \question{...}.
content/exercises/exo7/4-L2/oCtA.tex,1,1,missing-question,Le contenu doit contenir au moins une \question{...}.
content/exercises/exo7/4-L2/oNSM.tex,1,1,missing-question,Le contenu doit contenir au moins une \question{...}.
content/exercises/exo7/4-L2/oPOh.tex,1,1,missing-question,Le contenu doit contenir au moins une \question{...}.
content/exercises/exo7/4-L2/oXhV.tex,1,1,missing-question,Le contenu doit contenir au moins une \question{...}.
content/exercises/exo7/4-L2/ocKy.tex,1,1,missing-question,Le contenu doit contenir au moins une \question{...}.
content/exercises/exo7/4-L2/oh0f.tex,1,1,missing-question,Le contenu doit contenir au moins une \question{...}.
content/exercises/exo7/4-L2/opuy.tex,1,1,missing-question,Le contenu doit contenir au moins une \question{...}.
content/exercises/exo7/4-L2/ouEe.tex,1,1,missing-question,Le contenu doit contenir au moins une \question{...}.
content/exercises/exo7/4-L2/p1vZ.tex,1,1,missing-question,Le contenu doit contenir au moins une \question{...}.
content/exercises/exo7/4-L2/p23c.tex,1,1,missing-question,Le contenu doit contenir au moins une \question{...}.
content/exercises/exo7/4-L2/p9A6.tex,1,1,missing-question,Le contenu doit contenir au moins une \question{...}.
content/exercises/exo7/4-L2/pWSC.tex,1,1,missing-question,Le contenu doit contenir au moins une \question{...}.
content/exercises/exo7/4-L2/payc.tex,1,1,missing-question,Le contenu doit contenir au moins une \question{...}.
content/exercises/exo7/4-L2/peJY.tex,1,1,missing-question,Le contenu doit contenir au moins une \question{...}.
content/exercises/exo7/4-L2/pg6J.tex,1,1,missing-question,Le contenu doit contenir au moins une \question{...}.
content/exercises/exo7/4-L2/pgcV.tex,1,1,missing-question,Le contenu doit contenir au moins une \question{...}.
content/exercises/exo7/4-L2/pk6m.tex,1,1,missing-question,Le contenu doit contenir au moins une \question{...}.
content/exercises/exo7/4-L2/ptOZ.tex,1,1,missing-question,Le contenu doit contenir au moins une \question{...}.
content/exercises/exo7/4-L2/pto0.tex,1,1,missing-question,Le contenu doit contenir au moins une \question{...}.
content/exercises/exo7/4-L2/pzZH.tex,1,1,missing-question,Le contenu doit contenir au moins une \question{...}.
content/exercises/exo7/4-L2/q1Gh.tex,1,1,missing-question,Le contenu doit contenir au moins une \question{...}.
content/exercises/exo7/4-L2/q3j2.tex,1,1,missing-question,Le contenu doit contenir au moins une \question{...}.
content/exercises/exo7/4-L2/q4nK.tex,1,1,missing-question,Le contenu doit contenir au moins une \question{...}.
content/exercises/exo7/4-L2/q5ju.tex,1,1,missing-question,Le contenu doit contenir au moins une \question{...}.
content/exercises/exo7/4-L2/q6Ab.tex,1,1,missing-question,Le contenu doit contenir au moins une \question{...}.
content/exercises/exo7/4-L2/q7nk.tex,1,1,missing-question,Le contenu doit contenir au moins une \question{...}.
content/exercises/exo7/4-L2/q7wV.tex,1,1,missing-question,Le contenu doit contenir au moins une \question{...}.
content/exercises/exo7/4-L2/q9Zt.tex,1,1,missing-question,Le contenu doit contenir au moins une \question{...}.
content/exercises/exo7/4-L2/qBuT.tex,1,1,missing-question,Le contenu doit contenir au moins une \question{...}.
content/exercises/exo7/4-L2/qDYy.tex,1,1,missing-question,Le contenu doit contenir au moins une \question{...}.
content/exercises/exo7/4-L2/qL7Q.tex,1,1,missing-question,Le contenu doit contenir au moins une \question{...}.
content/exercises/exo7/4-L2/qR9K.tex,1,1,missing-question,Le contenu doit contenir au moins une \question{...}.
content/exercises/exo7/4-L2/qRty.tex,1,1,missing-question,Le contenu doit contenir au moins une \question{...}.
content/exercises/exo7/4-L2/qTVG.tex,1,1,missing-question,Le contenu doit contenir au moins une \question{...}.
content/exercises/exo7/4-L2/qbUR.tex,1,1,missing-question,Le contenu doit contenir au moins une \question{...}.
content/exercises/exo7/4-L2/qbW0.tex,1,1,missing-question,Le contenu doit contenir au moins une \question{...}.
content/exercises/exo7/4-L2/qcK6.tex,1,1,missing-question,Le contenu doit contenir au moins une \question{...}.
content/exercises/exo7/4-L2/qeM8.tex,1,1,missing-question,Le contenu doit contenir au moins une \question{...}.
content/exercises/exo7/4-L2/qlBO.tex,1,1,missing-question,Le contenu doit contenir au moins une \question{...}.
content/exercises/exo7/4-L2/qlMk.tex,1,1,missing-question,Le contenu doit contenir au moins une \question{...}.
content/exercises/exo7/4-L2/qph8.tex,1,1,missing-question,Le contenu doit contenir au moins une \question{...}.
content/exercises/exo7/4-L2/qruA.tex,1,1,missing-question,Le contenu doit contenir au moins une \question{...}.
content/exercises/exo7/4-L2/rAF6.tex,1,1,missing-question,Le contenu doit contenir au moins une \question{...}.
content/exercises/exo7/4-L2/rSBc.tex,1,1,missing-question,Le contenu doit contenir au moins une \question{...}.
content/exercises/exo7/4-L2/rX8K.tex,1,1,missing-question,Le contenu doit contenir au moins une \question{...}.
content/exercises/exo7/4-L2/rZG9.tex,1,1,missing-question,Le contenu doit contenir au moins une \question{...}.
content/exercises/exo7/4-L2/rcyK.tex,1,1,missing-question,Le contenu doit contenir au moins une \question{...}.
content/exercises/exo7/4-L2/roQg.tex,1,1,missing-question,Le contenu doit contenir au moins une \question{...}.
content/exercises/exo7/4-L2/rqr7.tex,1,1,missing-question,Le contenu doit contenir au moins une \question{...}.
content/exercises/exo7/4-L2/rueq.tex,1,1,missing-question,Le contenu doit contenir au moins une \question{...}.
content/exercises/exo7/4-L2/s3u2.tex,1,1,missing-question,Le contenu doit contenir au moins une \question{...}.
content/exercises/exo7/4-L2/s8cR.tex,1,1,missing-question,Le contenu doit contenir au moins une \question{...}.
content/exercises/exo7/4-L2/sFc3.tex,1,1,missing-question,Le contenu doit contenir au moins une \question{...}.
content/exercises/exo7/4-L2/sTwb.tex,1,1,missing-question,Le contenu doit contenir au moins une \question{...}.
content/exercises/exo7/4-L2/sb2D.tex,1,1,missing-question,Le contenu doit contenir au moins une \question{...}.
content/exercises/exo7/4-L2/sdvX.tex,1,1,missing-question,Le contenu doit contenir au moins une \question{...}.
content/exercises/exo7/4-L2/sq4d.tex,1,1,missing-question,Le contenu doit contenir au moins une \question{...}.
content/exercises/exo7/4-L2/syYJ.tex,1,1,missing-question,Le contenu doit contenir au moins une \question{...}.
content/exercises/exo7/4-L2/t9o9.tex,1,1,missing-question,Le contenu doit contenir au moins une \question{...}.
content/exercises/exo7/4-L2/tJsV.tex,1,1,missing-question,Le contenu doit contenir au moins une \question{...}.
content/exercises/exo7/4-L2/tMQt.tex,1,1,missing-question,Le contenu doit contenir au moins une \question{...}.
content/exercises/exo7/4-L2/tNx9.tex,1,1,missing-question,Le contenu doit contenir au moins une \question{...}.
content/exercises/exo7/4-L2/tSYA.tex,1,1,missing-question,Le contenu doit contenir au moins une \question{...}.
content/exercises/exo7/4-L2/tWqU.tex,1,1,missing-question,Le contenu doit contenir au moins une \question{...}.
content/exercises/exo7/4-L2/tYjy.tex,1,1,missing-question,Le contenu doit contenir au moins une \question{...}.
content/exercises/exo7/4-L2/tYrP.tex,1,1,missing-question,Le contenu doit contenir au moins une \question{...}.
content/exercises/exo7/4-L2/tZuE.tex,1,1,missing-question,Le contenu doit contenir au moins une \question{...}.
content/exercises/exo7/4-L2/taWy.tex,1,1,missing-question,Le contenu doit contenir au moins une \question{...}.
content/exercises/exo7/4-L2/teEj.tex,1,1,missing-question,Le contenu doit contenir au moins une \question{...}.
content/exercises/exo7/4-L2/tkCr.tex,1,1,missing-question,Le contenu doit contenir au moins une \question{...}.
content/exercises/exo7/4-L2/twHh.tex,1,1,missing-question,Le contenu doit contenir au moins une \question{...}.
content/exercises/exo7/4-L2/u3lq.tex,1,1,missing-question,Le contenu doit contenir au moins une \question{...}.
content/exercises/exo7/4-L2/u4ru.tex,1,1,missing-question,Le contenu doit contenir au moins une \question{...}.
content/exercises/exo7/4-L2/uCHk.tex,1,1,missing-question,Le contenu doit contenir au moins une \question{...}.
content/exercises/exo7/4-L2/uDXg.tex,1,1,missing-question,Le contenu doit contenir au moins une \question{...}.
content/exercises/exo7/4-L2/uDsa.tex,1,1,missing-question,Le contenu doit contenir au moins une \question{...}.
content/exercises/exo7/4-L2/uG4x.tex,1,1,missing-question,Le contenu doit contenir au moins une \question{...}.
content/exercises/exo7/4-L2/uPmi.tex,1,1,missing-question,Le contenu doit contenir au moins une \question{...}.
content/exercises/exo7/4-L2/uXsk.tex,1,1,missing-question,Le contenu doit contenir au moins une \question{...}.
content/exercises/exo7/4-L2/uYQY.tex,1,1,missing-question,Le contenu doit contenir au moins une \question{...}.
content/exercises/exo7/4-L2/uZO2.tex,1,1,missing-question,Le contenu doit contenir au moins une \question{...}.
content/exercises/exo7/4-L2/ugfA.tex,1,1,missing-question,Le contenu doit contenir au moins une \question{...}.
content/exercises/exo7/4-L2/uqMc.tex,1,1,missing-question,Le contenu doit contenir au moins une \question{...}.
content/exercises/exo7/4-L2/uxSl.tex,1,1,missing-question,Le contenu doit contenir au moins une \question{...}.
content/exercises/exo7/4-L2/uymN.tex,1,1,missing-question,Le contenu doit contenir au moins une \question{...}.
content/exercises/exo7/4-L2/uz69.tex,1,1,missing-question,Le contenu doit contenir au moins une \question{...}.
content/exercises/exo7/4-L2/v4i7.tex,1,1,missing-question,Le contenu doit contenir au moins une \question{...}.
content/exercises/exo7/4-L2/v5Gx.tex,1,1,missing-question,Le contenu doit contenir au moins une \question{...}.
content/exercises/exo7/4-L2/v6dn.tex,1,1,missing-question,Le contenu doit contenir au moins une \question{...}.
content/exercises/exo7/4-L2/v8Jd.tex,1,1,missing-question,Le contenu doit contenir au moins une \question{...}.
content/exercises/exo7/4-L2/vGQU.tex,1,1,missing-question,Le contenu doit contenir au moins une \question{...}.
content/exercises/exo7/4-L2/vMrC.tex,1,1,missing-question,Le contenu doit contenir au moins une \question{...}.
content/exercises/exo7/4-L2/vSVy.tex,1,1,missing-question,Le contenu doit contenir au moins une \question{...}.
content/exercises/exo7/4-L2/vY9e.tex,1,1,missing-question,Le contenu doit contenir au moins une \question{...}.
content/exercises/exo7/4-L2/vgrK.tex,1,1,missing-question,Le contenu doit contenir au moins une \question{...}.
content/exercises/exo7/4-L2/vjja.tex,1,1,missing-question,Le contenu doit contenir au moins une \question{...}.
content/exercises/exo7/4-L2/vk71.tex,1,1,missing-question,Le contenu doit contenir au moins une \question{...}.
content/exercises/exo7/4-L2/vkCA.tex,1,1,missing-question,Le contenu doit contenir au moins une \question{...}.
content/exercises/exo7/4-L2/vqug.tex,1,1,missing-question,Le contenu doit contenir au moins une \question{...}.
content/exercises/exo7/4-L2/vvm5.tex,1,1,missing-question,Le contenu doit contenir au moins une \question{...}.
content/exercises/exo7/4-L2/vxcU.tex,1,1,missing-question,Le contenu doit contenir au moins une \question{...}.
content/exercises/exo7/4-L2/w5n0.tex,1,1,missing-question,Le contenu doit contenir au moins une \question{...}.
content/exercises/exo7/4-L2/w6ag.tex,1,1,missing-question,Le contenu doit contenir au moins une \question{...}.
content/exercises/exo7/4-L2/w9ZI.tex,1,1,missing-question,Le contenu doit contenir au moins une \question{...}.
content/exercises/exo7/4-L2/wBRI.tex,1,1,missing-question,Le contenu doit contenir au moins une \question{...}.
content/exercises/exo7/4-L2/wCqP.tex,1,1,missing-question,Le contenu doit contenir au moins une \question{...}.
content/exercises/exo7/4-L2/wIkm.tex,1,1,missing-question,Le contenu doit contenir au moins une \question{...}.
content/exercises/exo7/4-L2/wJbf.tex,1,1,missing-question,Le contenu doit contenir au moins une \question{...}.
content/exercises/exo7/4-L2/wSQQ.tex,15,1,malformed-command,La commande \contenu{...} n'est pas fermée correctement.
content/exercises/exo7/4-L2/wV4b.tex,1,1,missing-question,Le contenu doit contenir au moins une \question{...}.
content/exercises/exo7/4-L2/wm2t.tex,1,1,missing-question,Le contenu doit contenir au moins une \question{...}.
content/exercises/exo7/4-L2/wnW0.tex,1,1,missing-question,Le contenu doit contenir au moins une \question{...}.
content/exercises/exo7/4-L2/wsvy.tex,1,1,missing-question,Le contenu doit contenir au moins une \question{...}.
content/exercises/exo7/4-L2/wuKf.tex,1,1,missing-question,Le contenu doit contenir au moins une \question{...}.
content/exercises/exo7/4-L2/x0yt.tex,1,1,missing-question,Le contenu doit contenir au moins une \question{...}.
content/exercises/exo7/4-L2/x1xF.tex,1,1,missing-question,Le contenu doit contenir au moins une \question{...}.
content/exercises/exo7/4-L2/x3gO.tex,1,1,missing-question,Le contenu doit contenir au moins une \question{...}.
content/exercises/exo7/4-L2/x6BR.tex,1,1,missing-question,Le contenu doit contenir au moins une \question{...}.
content/exercises/exo7/4-L2/xFbU.tex,1,1,missing-question,Le contenu doit contenir au moins une \question{...}.
content/exercises/exo7/4-L2/xGvX.tex,1,1,missing-question,Le contenu doit contenir au moins une \question{...}.
content/exercises/exo7/4-L2/xQXk.tex,15,1,malformed-command,La commande \contenu{...} n'est pas fermée correctement.
content/exercises/exo7/4-L2/xeFv.tex,1,1,missing-question,Le contenu doit contenir au moins une \question{...}.
content/exercises/exo7/4-L2/xnTD.tex,1,1,missing-question,Le contenu doit contenir au moins une \question{...}.
content/exercises/exo7/4-L2/xtT3.tex,1,1,missing-question,Le contenu doit contenir au moins une \question{...}.
content/exercises/exo7/4-L2/xwlZ.tex,1,1,missing-question,Le contenu doit contenir au moins une \question{...}.
content/exercises/exo7/4-L2/y0vx.tex,1,1,missing-question,Le contenu doit contenir au moins une \question{...}.
content/exercises/exo7/4-L2/y3QF.tex,1,1,missing-question,Le contenu doit contenir au moins une \question{...}.
content/exercises/exo7/4-L2/y3bj.tex,1,1,missing-question,Le contenu doit contenir au moins une \question{...}.
content/exercises/exo7/4-L2/yBlZ.tex,1,1,missing-question,Le contenu doit contenir au moins une \question{...}.
content/exercises/exo7/4-L2/yC6f.tex,1,1,missing-question,Le contenu doit contenir au moins une \question{...}.
content/exercises/exo7/4-L2/yCBn.tex,1,1,missing-question,Le contenu doit contenir au moins une \question{...}.
content/exercises/exo7/4-L2/yDnW.tex,1,1,missing-question,Le contenu doit contenir au moins une \question{...}.
content/exercises/exo7/4-L2/yG07.tex,1,1,missing-question,Le contenu doit contenir au moins une \question{...}.
content/exercises/exo7/4-L2/yGRY.tex,1,1,missing-question,Le contenu doit contenir au moins une \question{...}.
content/exercises/exo7/4-L2/yKuS.tex,1,1,missing-question,Le contenu doit contenir au moins une \question{...}.
content/exercises/exo7/4-L2/yQtp.tex,1,1,missing-question,Le contenu doit contenir au moins une \question{...}.
content/exercises/exo7/4-L2/yTNw.tex,1,1,missing-question,Le contenu doit contenir au moins une \question{...}.
content/exercises/exo7/4-L2/yWhD.tex,1,1,missing-question,Le contenu doit contenir au moins une \question{...}.
content/exercises/exo7/4-L2/yiXt.tex,1,1,missing-question,Le contenu doit contenir au moins une \question{...}.
content/exercises/exo7/4-L2/ykFk.tex,1,1,missing-question,Le contenu doit contenir au moins une \question{...}.
content/exercises/exo7/4-L2/yvC4.tex,1,1,missing-question,Le contenu doit contenir au moins une \question{...}.
content/exercises/exo7/4-L2/z1g8.tex,15,1,malformed-command,La commande \contenu{...} n'est pas fermée correctement.
content/exercises/exo7/4-L2/z9kP.tex,1,1,missing-question,Le contenu doit contenir au moins une \question{...}.
content/exercises/exo7/4-L2/zIAt.tex,1,1,missing-question,Le contenu doit contenir au moins une \question{...}.
content/exercises/exo7/4-L2/zPPh.tex,1,1,missing-question,Le contenu doit contenir au moins une \question{...}.
content/exercises/exo7/4-L2/zRAe.tex,1,1,missing-question,Le contenu doit contenir au moins une \question{...}.
content/exercises/exo7/4-L2/zbug.tex,1,1,missing-question,Le contenu doit contenir au moins une \question{...}.
content/exercises/exo7/4-L2/zdbJ.tex,1,1,missing-question,Le contenu doit contenir au moins une \question{...}.
content/exercises/exo7/4-L2/ziNV.tex,1,1,missing-question,Le contenu doit contenir au moins une \question{...}.
content/exercises/exo7/4-L2/zwLt.tex,1,1,missing-question,Le contenu doit contenir au moins une \question{...}.
content/exercises/exo7/4-L2/zx08.tex,1,1,missing-question,Le contenu doit contenir au moins une \question{...}.
content/exercises/exo7/4-L2/zzqU.tex,1,1,missing-question,Le contenu doit contenir au moins une \question{...}.
content/exercises/exo7/5-L2/0152.tex,1,1,missing-question,Le contenu doit contenir au moins une \question{...}.
content/exercises/exo7/5-L2/09Go.tex,1,1,missing-question,Le contenu doit contenir au moins une \question{...}.
content/exercises/exo7/5-L2/0J8J.tex,1,1,missing-question,Le contenu doit contenir au moins une \question{...}.
content/exercises/exo7/5-L2/0NQM.tex,19,1,single-item-enumerate,Un exercice avec une seule question ne doit pas contenir un environnement enumerate avec un seul \item.
content/exercises/exo7/5-L2/0RVq.tex,1,1,missing-question,Le contenu doit contenir au moins une \question{...}.
content/exercises/exo7/5-L2/0b18.tex,1,1,missing-question,Le contenu doit contenir au moins une \question{...}.
content/exercises/exo7/5-L2/0hw1.tex,1,1,missing-question,Le contenu doit contenir au moins une \question{...}.
content/exercises/exo7/5-L2/0pKt.tex,1,1,missing-question,Le contenu doit contenir au moins une \question{...}.
content/exercises/exo7/5-L2/0qqF.tex,1,1,missing-question,Le contenu doit contenir au moins une \question{...}.
content/exercises/exo7/5-L2/0yTD.tex,1,1,missing-question,Le contenu doit contenir au moins une \question{...}.
content/exercises/exo7/5-L2/0yra.tex,1,1,missing-question,Le contenu doit contenir au moins une \question{...}.
content/exercises/exo7/5-L2/0zIe.tex,1,1,missing-question,Le contenu doit contenir au moins une \question{...}.
content/exercises/exo7/5-L2/1Lwn.tex,1,1,missing-question,Le contenu doit contenir au moins une \question{...}.
content/exercises/exo7/5-L2/1TEn.tex,1,1,missing-question,Le contenu doit contenir au moins une \question{...}.
content/exercises/exo7/5-L2/1fTe.tex,1,1,missing-question,Le contenu doit contenir au moins une \question{...}.
content/exercises/exo7/5-L2/1mF7.tex,1,1,missing-question,Le contenu doit contenir au moins une \question{...}.
content/exercises/exo7/5-L2/1wmL.tex,1,1,missing-question,Le contenu doit contenir au moins une \question{...}.
content/exercises/exo7/5-L2/20ps.tex,1,1,missing-question,Le contenu doit contenir au moins une \question{...}.
content/exercises/exo7/5-L2/27ge.tex,1,1,missing-question,Le contenu doit contenir au moins une \question{...}.
content/exercises/exo7/5-L2/2DQP.tex,1,1,missing-question,Le contenu doit contenir au moins une \question{...}.
content/exercises/exo7/5-L2/2EAi.tex,1,1,missing-question,Le contenu doit contenir au moins une \question{...}.
content/exercises/exo7/5-L2/2Ki8.tex,1,1,missing-question,Le contenu doit contenir au moins une \question{...}.
content/exercises/exo7/5-L2/2NWT.tex,1,1,missing-question,Le contenu doit contenir au moins une \question{...}.
content/exercises/exo7/5-L2/2gQS.tex,1,1,missing-question,Le contenu doit contenir au moins une \question{...}.
content/exercises/exo7/5-L2/2mDf.tex,1,1,missing-question,Le contenu doit contenir au moins une \question{...}.
content/exercises/exo7/5-L2/2of8.tex,1,1,missing-question,Le contenu doit contenir au moins une \question{...}.
content/exercises/exo7/5-L2/36Q9.tex,1,1,missing-question,Le contenu doit contenir au moins une \question{...}.
content/exercises/exo7/5-L2/36bE.tex,1,1,missing-question,Le contenu doit contenir au moins une \question{...}.
content/exercises/exo7/5-L2/3AS1.tex,1,1,missing-question,Le contenu doit contenir au moins une \question{...}.
content/exercises/exo7/5-L2/3BNK.tex,1,1,missing-question,Le contenu doit contenir au moins une \question{...}.
content/exercises/exo7/5-L2/3FM1.tex,1,1,missing-question,Le contenu doit contenir au moins une \question{...}.
content/exercises/exo7/5-L2/3Iqv.tex,1,1,missing-question,Le contenu doit contenir au moins une \question{...}.
content/exercises/exo7/5-L2/3P5M.tex,1,1,missing-question,Le contenu doit contenir au moins une \question{...}.
content/exercises/exo7/5-L2/3VHt.tex,1,1,missing-question,Le contenu doit contenir au moins une \question{...}.
content/exercises/exo7/5-L2/3eFi.tex,1,1,missing-question,Le contenu doit contenir au moins une \question{...}.
content/exercises/exo7/5-L2/3qI3.tex,1,1,missing-question,Le contenu doit contenir au moins une \question{...}.
content/exercises/exo7/5-L2/3tQf.tex,1,1,missing-question,Le contenu doit contenir au moins une \question{...}.
content/exercises/exo7/5-L2/3ywf.tex,1,1,missing-question,Le contenu doit contenir au moins une \question{...}.
content/exercises/exo7/5-L2/3zCO.tex,1,1,missing-question,Le contenu doit contenir au moins une \question{...}.
content/exercises/exo7/5-L2/3zcU.tex,1,1,missing-question,Le contenu doit contenir au moins une \question{...}.
content/exercises/exo7/5-L2/4VVo.tex,1,1,missing-question,Le contenu doit contenir au moins une \question{...}.
content/exercises/exo7/5-L2/4fdI.tex,1,1,missing-question,Le contenu doit contenir au moins une \question{...}.
content/exercises/exo7/5-L2/4iJE.tex,1,1,missing-question,Le contenu doit contenir au moins une \question{...}.
content/exercises/exo7/5-L2/575v.tex,1,1,missing-question,Le contenu doit contenir au moins une \question{...}.
content/exercises/exo7/5-L2/5CKt.tex,1,1,missing-question,Le contenu doit contenir au moins une \question{...}.
content/exercises/exo7/5-L2/5FRE.tex,1,1,missing-question,Le contenu doit contenir au moins une \question{...}.
content/exercises/exo7/5-L2/5GRa.tex,1,1,missing-question,Le contenu doit contenir au moins une \question{...}.
content/exercises/exo7/5-L2/5J2C.tex,1,1,missing-question,Le contenu doit contenir au moins une \question{...}.
content/exercises/exo7/5-L2/5OVG.tex,1,1,missing-question,Le contenu doit contenir au moins une \question{...}.
content/exercises/exo7/5-L2/5caw.tex,1,1,missing-question,Le contenu doit contenir au moins une \question{...}.
content/exercises/exo7/5-L2/5k1t.tex,1,1,missing-question,Le contenu doit contenir au moins une \question{...}.
content/exercises/exo7/5-L2/5nl8.tex,1,1,missing-question,Le contenu doit contenir au moins une \question{...}.
content/exercises/exo7/5-L2/5qYa.tex,1,1,missing-question,Le contenu doit contenir au moins une \question{...}.
content/exercises/exo7/5-L2/5xlk.tex,1,1,missing-question,Le contenu doit contenir au moins une \question{...}.
content/exercises/exo7/5-L2/6BZg.tex,1,1,missing-question,Le contenu doit contenir au moins une \question{...}.
content/exercises/exo7/5-L2/6HeT.tex,1,1,missing-question,Le contenu doit contenir au moins une \question{...}.
content/exercises/exo7/5-L2/6Igv.tex,1,1,missing-question,Le contenu doit contenir au moins une \question{...}.
content/exercises/exo7/5-L2/6P1o.tex,1,1,missing-question,Le contenu doit contenir au moins une \question{...}.
content/exercises/exo7/5-L2/6RcK.tex,1,1,missing-question,Le contenu doit contenir au moins une \question{...}.
content/exercises/exo7/5-L2/6dMH.tex,1,1,missing-question,Le contenu doit contenir au moins une \question{...}.
content/exercises/exo7/5-L2/6rgu.tex,1,1,missing-question,Le contenu doit contenir au moins une \question{...}.
content/exercises/exo7/5-L2/72je.tex,1,1,missing-question,Le contenu doit contenir au moins une \question{...}.
content/exercises/exo7/5-L2/74SE.tex,1,1,missing-question,Le contenu doit contenir au moins une \question{...}.
content/exercises/exo7/5-L2/75A5.tex,1,1,missing-question,Le contenu doit contenir au moins une \question{...}.
content/exercises/exo7/5-L2/7Dkk.tex,1,1,missing-question,Le contenu doit contenir au moins une \question{...}.
content/exercises/exo7/5-L2/7Flt.tex,1,1,missing-question,Le contenu doit contenir au moins une \question{...}.
content/exercises/exo7/5-L2/7LuQ.tex,1,1,missing-question,Le contenu doit contenir au moins une \question{...}.
content/exercises/exo7/5-L2/7QHC.tex,1,1,missing-question,Le contenu doit contenir au moins une \question{...}.
content/exercises/exo7/5-L2/7SZU.tex,1,1,missing-question,Le contenu doit contenir au moins une \question{...}.
content/exercises/exo7/5-L2/7YnI.tex,1,1,missing-question,Le contenu doit contenir au moins une \question{...}.
content/exercises/exo7/5-L2/7c0m.tex,1,1,missing-question,Le contenu doit contenir au moins une \question{...}.
content/exercises/exo7/5-L2/7dVc.tex,1,1,missing-question,Le contenu doit contenir au moins une \question{...}.
content/exercises/exo7/5-L2/7uLb.tex,1,1,missing-question,Le contenu doit contenir au moins une \question{...}.
content/exercises/exo7/5-L2/803q.tex,1,1,missing-question,Le contenu doit contenir au moins une \question{...}.
content/exercises/exo7/5-L2/82pp.tex,1,1,missing-question,Le contenu doit contenir au moins une \question{...}.
content/exercises/exo7/5-L2/8CJn.tex,1,1,missing-question,Le contenu doit contenir au moins une \question{...}.
content/exercises/exo7/5-L2/8DRy.tex,1,1,missing-question,Le contenu doit contenir au moins une \question{...}.
content/exercises/exo7/5-L2/8IL1.tex,1,1,missing-question,Le contenu doit contenir au moins une \question{...}.
content/exercises/exo7/5-L2/8IyW.tex,1,1,missing-question,Le contenu doit contenir au moins une \question{...}.
content/exercises/exo7/5-L2/8MKY.tex,1,1,missing-question,Le contenu doit contenir au moins une \question{...}.
content/exercises/exo7/5-L2/8dwv.tex,1,1,missing-question,Le contenu doit contenir au moins une \question{...}.
content/exercises/exo7/5-L2/8dwv.tex,20,11,content-outside-contenu,La commande \question{...} doit être dans \contenu{...}.
content/exercises/exo7/5-L2/8dwv.tex,21,1,content-outside-contenu,La commande \reponse{...} doit être dans \contenu{...}.
content/exercises/exo7/5-L2/8dwv.tex,24,11,content-outside-contenu,La commande \question{...} doit être dans \contenu{...}.
content/exercises/exo7/5-L2/8dwv.tex,25,1,content-outside-contenu,La commande \reponse{...} doit être dans \contenu{...}.
content/exercises/exo7/5-L2/8dwv.tex,29,11,content-outside-contenu,La commande \question{...} doit être dans \contenu{...}.
content/exercises/exo7/5-L2/8dwv.tex,30,1,content-outside-contenu,La commande \reponse{...} doit être dans \contenu{...}.
content/exercises/exo7/5-L2/8dwv.tex,19,2,text-outside-contenu,"Texte hors \contenu{...}: ""begin{enumerate}""."
content/exercises/exo7/5-L2/8dwv.tex,20,6,text-outside-contenu,"Texte hors \contenu{...}: ""item \question{Calculer $S_n(t) = \sum_{p=1}^n t^{p-1}\sin(px)$ puis $S(t) = \lim_{n\to\in""."
content/exercises/exo7/5-L2/8dwv.tex,21,2,text-outside-contenu,"Texte hors \contenu{...}: ""reponse{Lorsque $n\to\infty$, $S_n(t) = \Im\Bigl(\frac{e^{ix}-t^{n}e^{i(n+1)x}}{1-te^{ix}}""."
content/exercises/exo7/5-L2/8dwv.tex,22,16,text-outside-contenu,"Texte hors \contenu{...}: ""Im\Bigl(\frac{e^{ix}}{1-te^{ix}}\Bigr) =""."
content/exercises/exo7/5-L2/8dwv.tex,23,16,text-outside-contenu,"Texte hors \contenu{...}: ""frac{\sin x}{1-2t\cos x + t^2}$ pour $-1<t<1$.}""."
content/exercises/exo7/5-L2/8dwv.tex,24,6,text-outside-contenu,"Texte hors \contenu{...}: ""item \question{Calculer $ \int_{t=0}^1 S_n(t)\,d t$ et $ \int_{t=0}^1 S(t)\,d t$.}""."
content/exercises/exo7/5-L2/8dwv.tex,25,2,text-outside-contenu,"Texte hors \contenu{...}: ""reponse{$ \int_{t=0}^1 S_n(t)\,d t = \sum_{p=1}^n \frac{\sin(px)}{p}$.""."
content/exercises/exo7/5-L2/8dwv.tex,26,15,text-outside-contenu,"Texte hors \contenu{...}: ""par""."
content/exercises/exo7/5-L2/8dwv.tex,27,17,text-outside-contenu,"Texte hors \contenu{...}: ""int_{t=0}^1 S(t)\,d t""."
content/exercises/exo7/5-L2/8dwv.tex,28,11,text-outside-contenu,"Texte hors \contenu{...}: ""t-\cos x = u\sin x) = \int_{u=-\cot x}^{\tan x/2} \frac{d u}{1+ u^2} = \frac{\pi-x}2$.}""."
content/exercises/exo7/5-L2/8dwv.tex,29,6,text-outside-contenu,"Texte hors \contenu{...}: ""item \question{En déduire que $\sum_{n=1}^\infty \frac{\sin nx}n$ converge et donner sa va""."
content/exercises/exo7/5-L2/8dwv.tex,30,2,text-outside-contenu,"Texte hors \contenu{...}: ""reponse{TCD~: $|S_n(t)|\le \frac2{\sin x}$ intégrable par rapport à~$t$ sur $[0,1]$. On en""."
content/exercises/exo7/5-L2/8dwv.tex,31,2,text-outside-contenu,"Texte hors \contenu{...}: ""end{enumerate}""."
content/exercises/exo7/5-L2/8dwv.tex,17,11,untyped-content-text,"Texte dans \contenu{...} hors \texte{}, \question{}, \indication{} ou \reponse{}: ""TPE MP 2005]""."
content/exercises/exo7/5-L2/8h0r.tex,1,1,missing-question,Le contenu doit contenir au moins une \question{...}.
content/exercises/exo7/5-L2/8unT.tex,1,1,missing-question,Le contenu doit contenir au moins une \question{...}.
content/exercises/exo7/5-L2/90sE.tex,1,1,missing-question,Le contenu doit contenir au moins une \question{...}.
content/exercises/exo7/5-L2/92Xj.tex,1,1,missing-question,Le contenu doit contenir au moins une \question{...}.
content/exercises/exo7/5-L2/94Pz.tex,1,1,missing-question,Le contenu doit contenir au moins une \question{...}.
content/exercises/exo7/5-L2/9A0n.tex,1,1,missing-question,Le contenu doit contenir au moins une \question{...}.
content/exercises/exo7/5-L2/9FlK.tex,1,1,missing-question,Le contenu doit contenir au moins une \question{...}.
content/exercises/exo7/5-L2/9NMW.tex,1,1,missing-question,Le contenu doit contenir au moins une \question{...}.
content/exercises/exo7/5-L2/9Y0R.tex,1,1,missing-question,Le contenu doit contenir au moins une \question{...}.
content/exercises/exo7/5-L2/9bXb.tex,1,1,missing-question,Le contenu doit contenir au moins une \question{...}.
content/exercises/exo7/5-L2/9hlk.tex,1,1,missing-question,Le contenu doit contenir au moins une \question{...}.
content/exercises/exo7/5-L2/9tOz.tex,1,1,missing-question,Le contenu doit contenir au moins une \question{...}.
content/exercises/exo7/5-L2/9yW6.tex,1,1,missing-question,Le contenu doit contenir au moins une \question{...}.
content/exercises/exo7/5-L2/A2wy.tex,1,1,missing-question,Le contenu doit contenir au moins une \question{...}.
content/exercises/exo7/5-L2/ASic.tex,1,1,missing-question,Le contenu doit contenir au moins une \question{...}.
content/exercises/exo7/5-L2/AX6A.tex,1,1,missing-question,Le contenu doit contenir au moins une \question{...}.
content/exercises/exo7/5-L2/AXnl.tex,1,1,missing-question,Le contenu doit contenir au moins une \question{...}.
content/exercises/exo7/5-L2/Ab19.tex,1,1,missing-question,Le contenu doit contenir au moins une \question{...}.
content/exercises/exo7/5-L2/AiPR.tex,1,1,missing-question,Le contenu doit contenir au moins une \question{...}.
content/exercises/exo7/5-L2/AxD0.tex,1,1,missing-question,Le contenu doit contenir au moins une \question{...}.
content/exercises/exo7/5-L2/BlVz.tex,1,1,missing-question,Le contenu doit contenir au moins une \question{...}.
content/exercises/exo7/5-L2/Bn2D.tex,1,1,missing-question,Le contenu doit contenir au moins une \question{...}.
content/exercises/exo7/5-L2/C09I.tex,1,1,missing-question,Le contenu doit contenir au moins une \question{...}.
content/exercises/exo7/5-L2/C19k.tex,1,1,missing-question,Le contenu doit contenir au moins une \question{...}.
content/exercises/exo7/5-L2/CF1k.tex,1,1,missing-question,Le contenu doit contenir au moins une \question{...}.
content/exercises/exo7/5-L2/CPVb.tex,1,1,missing-question,Le contenu doit contenir au moins une \question{...}.
content/exercises/exo7/5-L2/CXqm.tex,1,1,missing-question,Le contenu doit contenir au moins une \question{...}.
content/exercises/exo7/5-L2/CZ75.tex,1,1,missing-question,Le contenu doit contenir au moins une \question{...}.
content/exercises/exo7/5-L2/CcCD.tex,1,1,missing-question,Le contenu doit contenir au moins une \question{...}.
content/exercises/exo7/5-L2/ChLx.tex,1,1,missing-question,Le contenu doit contenir au moins une \question{...}.
content/exercises/exo7/5-L2/Ci4Y.tex,1,1,missing-question,Le contenu doit contenir au moins une \question{...}.
content/exercises/exo7/5-L2/CrAS.tex,1,1,missing-question,Le contenu doit contenir au moins une \question{...}.
content/exercises/exo7/5-L2/Csed.tex,1,1,missing-question,Le contenu doit contenir au moins une \question{...}.
content/exercises/exo7/5-L2/CxF8.tex,1,1,missing-question,Le contenu doit contenir au moins une \question{...}.
content/exercises/exo7/5-L2/DBhb.tex,1,1,missing-question,Le contenu doit contenir au moins une \question{...}.
content/exercises/exo7/5-L2/DJCC.tex,1,1,missing-question,Le contenu doit contenir au moins une \question{...}.
content/exercises/exo7/5-L2/DLge.tex,1,1,missing-question,Le contenu doit contenir au moins une \question{...}.
content/exercises/exo7/5-L2/DQ1C.tex,1,1,missing-question,Le contenu doit contenir au moins une \question{...}.
content/exercises/exo7/5-L2/DjpG.tex,1,1,missing-question,Le contenu doit contenir au moins une \question{...}.
content/exercises/exo7/5-L2/DpGy.tex,1,1,missing-question,Le contenu doit contenir au moins une \question{...}.
content/exercises/exo7/5-L2/DpHu.tex,1,1,missing-question,Le contenu doit contenir au moins une \question{...}.
content/exercises/exo7/5-L2/Dzp8.tex,1,1,missing-question,Le contenu doit contenir au moins une \question{...}.
content/exercises/exo7/5-L2/EKPQ.tex,1,1,missing-question,Le contenu doit contenir au moins une \question{...}.
content/exercises/exo7/5-L2/EKVC.tex,1,1,missing-question,Le contenu doit contenir au moins une \question{...}.
content/exercises/exo7/5-L2/EOEX.tex,1,1,missing-question,Le contenu doit contenir au moins une \question{...}.
content/exercises/exo7/5-L2/ERh6.tex,1,1,missing-question,Le contenu doit contenir au moins une \question{...}.
content/exercises/exo7/5-L2/ESt6.tex,1,1,missing-question,Le contenu doit contenir au moins une \question{...}.
content/exercises/exo7/5-L2/EjU5.tex,1,1,missing-question,Le contenu doit contenir au moins une \question{...}.
content/exercises/exo7/5-L2/F2zh.tex,1,1,missing-question,Le contenu doit contenir au moins une \question{...}.
content/exercises/exo7/5-L2/FVfZ.tex,1,1,missing-question,Le contenu doit contenir au moins une \question{...}.
content/exercises/exo7/5-L2/Fau2.tex,1,1,missing-question,Le contenu doit contenir au moins une \question{...}.
content/exercises/exo7/5-L2/Fftz.tex,1,1,missing-question,Le contenu doit contenir au moins une \question{...}.
content/exercises/exo7/5-L2/FggU.tex,1,1,missing-question,Le contenu doit contenir au moins une \question{...}.
content/exercises/exo7/5-L2/FmOd.tex,1,1,missing-question,Le contenu doit contenir au moins une \question{...}.
content/exercises/exo7/5-L2/FyKQ.tex,1,1,missing-question,Le contenu doit contenir au moins une \question{...}.
content/exercises/exo7/5-L2/GIQc.tex,1,1,missing-question,Le contenu doit contenir au moins une \question{...}.
content/exercises/exo7/5-L2/GXM7.tex,1,1,missing-question,Le contenu doit contenir au moins une \question{...}.
content/exercises/exo7/5-L2/GjYK.tex,1,1,missing-question,Le contenu doit contenir au moins une \question{...}.
content/exercises/exo7/5-L2/GqTh.tex,1,1,missing-question,Le contenu doit contenir au moins une \question{...}.
content/exercises/exo7/5-L2/GvsU.tex,1,1,missing-question,Le contenu doit contenir au moins une \question{...}.
content/exercises/exo7/5-L2/H6oe.tex,1,1,missing-question,Le contenu doit contenir au moins une \question{...}.
content/exercises/exo7/5-L2/H7AB.tex,1,1,missing-question,Le contenu doit contenir au moins une \question{...}.
content/exercises/exo7/5-L2/H89z.tex,1,1,missing-question,Le contenu doit contenir au moins une \question{...}.
content/exercises/exo7/5-L2/HXuR.tex,1,1,missing-question,Le contenu doit contenir au moins une \question{...}.
content/exercises/exo7/5-L2/HcQT.tex,1,1,missing-question,Le contenu doit contenir au moins une \question{...}.
content/exercises/exo7/5-L2/Ib2n.tex,1,1,missing-question,Le contenu doit contenir au moins une \question{...}.
content/exercises/exo7/5-L2/IdfN.tex,1,1,missing-question,Le contenu doit contenir au moins une \question{...}.
content/exercises/exo7/5-L2/IfNv.tex,1,1,missing-question,Le contenu doit contenir au moins une \question{...}.
content/exercises/exo7/5-L2/IjIT.tex,1,1,missing-question,Le contenu doit contenir au moins une \question{...}.
content/exercises/exo7/5-L2/In48.tex,1,1,missing-question,Le contenu doit contenir au moins une \question{...}.
content/exercises/exo7/5-L2/IpFR.tex,1,1,missing-question,Le contenu doit contenir au moins une \question{...}.
content/exercises/exo7/5-L2/IpZC.tex,1,1,missing-question,Le contenu doit contenir au moins une \question{...}.
content/exercises/exo7/5-L2/IqoM.tex,1,1,missing-question,Le contenu doit contenir au moins une \question{...}.
content/exercises/exo7/5-L2/J4A0.tex,1,1,missing-question,Le contenu doit contenir au moins une \question{...}.
content/exercises/exo7/5-L2/JNsr.tex,1,1,missing-question,Le contenu doit contenir au moins une \question{...}.
content/exercises/exo7/5-L2/Jkb8.tex,1,1,missing-question,Le contenu doit contenir au moins une \question{...}.
content/exercises/exo7/5-L2/JnE3.tex,1,1,missing-question,Le contenu doit contenir au moins une \question{...}.
content/exercises/exo7/5-L2/K3jF.tex,1,1,missing-question,Le contenu doit contenir au moins une \question{...}.
content/exercises/exo7/5-L2/KYZn.tex,1,1,missing-question,Le contenu doit contenir au moins une \question{...}.
content/exercises/exo7/5-L2/Khnv.tex,1,1,missing-question,Le contenu doit contenir au moins une \question{...}.
content/exercises/exo7/5-L2/KlU2.tex,1,1,missing-question,Le contenu doit contenir au moins une \question{...}.
content/exercises/exo7/5-L2/L1XB.tex,1,1,missing-question,Le contenu doit contenir au moins une \question{...}.
content/exercises/exo7/5-L2/L3lV.tex,1,1,missing-question,Le contenu doit contenir au moins une \question{...}.
content/exercises/exo7/5-L2/LBEH.tex,1,1,missing-question,Le contenu doit contenir au moins une \question{...}.
content/exercises/exo7/5-L2/LCmD.tex,1,1,missing-question,Le contenu doit contenir au moins une \question{...}.
content/exercises/exo7/5-L2/LPep.tex,1,1,missing-question,Le contenu doit contenir au moins une \question{...}.
content/exercises/exo7/5-L2/LRRU.tex,1,1,missing-question,Le contenu doit contenir au moins une \question{...}.
content/exercises/exo7/5-L2/LqHJ.tex,1,1,missing-question,Le contenu doit contenir au moins une \question{...}.
content/exercises/exo7/5-L2/LvK1.tex,1,1,missing-question,Le contenu doit contenir au moins une \question{...}.
content/exercises/exo7/5-L2/M4XN.tex,1,1,missing-question,Le contenu doit contenir au moins une \question{...}.
content/exercises/exo7/5-L2/M5ZZ.tex,1,1,missing-question,Le contenu doit contenir au moins une \question{...}.
content/exercises/exo7/5-L2/MDRb.tex,1,1,missing-question,Le contenu doit contenir au moins une \question{...}.
content/exercises/exo7/5-L2/MEKU.tex,1,1,missing-question,Le contenu doit contenir au moins une \question{...}.
content/exercises/exo7/5-L2/MFL7.tex,1,1,missing-question,Le contenu doit contenir au moins une \question{...}.
content/exercises/exo7/5-L2/MLma.tex,1,1,missing-question,Le contenu doit contenir au moins une \question{...}.
content/exercises/exo7/5-L2/MOeM.tex,1,1,missing-question,Le contenu doit contenir au moins une \question{...}.
content/exercises/exo7/5-L2/MPP6.tex,1,1,missing-question,Le contenu doit contenir au moins une \question{...}.
content/exercises/exo7/5-L2/MX2V.tex,1,1,missing-question,Le contenu doit contenir au moins une \question{...}.
content/exercises/exo7/5-L2/MaJU.tex,1,1,missing-question,Le contenu doit contenir au moins une \question{...}.
content/exercises/exo7/5-L2/Mou2.tex,1,1,missing-question,Le contenu doit contenir au moins une \question{...}.
content/exercises/exo7/5-L2/Mtoo.tex,1,1,missing-question,Le contenu doit contenir au moins une \question{...}.
content/exercises/exo7/5-L2/NR6B.tex,1,1,missing-question,Le contenu doit contenir au moins une \question{...}.
content/exercises/exo7/5-L2/NSC7.tex,1,1,missing-question,Le contenu doit contenir au moins une \question{...}.
content/exercises/exo7/5-L2/NUTD.tex,1,1,missing-question,Le contenu doit contenir au moins une \question{...}.
content/exercises/exo7/5-L2/NUXM.tex,1,1,missing-question,Le contenu doit contenir au moins une \question{...}.
content/exercises/exo7/5-L2/Nge3.tex,1,1,missing-question,Le contenu doit contenir au moins une \question{...}.
content/exercises/exo7/5-L2/Nuus.tex,1,1,missing-question,Le contenu doit contenir au moins une \question{...}.
content/exercises/exo7/5-L2/NxBP.tex,1,1,missing-question,Le contenu doit contenir au moins une \question{...}.
content/exercises/exo7/5-L2/NxbC.tex,1,1,missing-question,Le contenu doit contenir au moins une \question{...}.
content/exercises/exo7/5-L2/OAs8.tex,1,1,missing-question,Le contenu doit contenir au moins une \question{...}.
content/exercises/exo7/5-L2/OBnD.tex,1,1,missing-question,Le contenu doit contenir au moins une \question{...}.
content/exercises/exo7/5-L2/OCLD.tex,1,1,missing-question,Le contenu doit contenir au moins une \question{...}.
content/exercises/exo7/5-L2/OHl6.tex,1,1,missing-question,Le contenu doit contenir au moins une \question{...}.
content/exercises/exo7/5-L2/OJ8M.tex,1,1,missing-question,Le contenu doit contenir au moins une \question{...}.
content/exercises/exo7/5-L2/OOGg.tex,1,1,missing-question,Le contenu doit contenir au moins une \question{...}.
content/exercises/exo7/5-L2/OPsX.tex,1,1,missing-question,Le contenu doit contenir au moins une \question{...}.
content/exercises/exo7/5-L2/ORaO.tex,1,1,missing-question,Le contenu doit contenir au moins une \question{...}.
content/exercises/exo7/5-L2/OXqD.tex,1,1,missing-question,Le contenu doit contenir au moins une \question{...}.
content/exercises/exo7/5-L2/Oevz.tex,1,1,missing-question,Le contenu doit contenir au moins une \question{...}.
content/exercises/exo7/5-L2/Ojaf.tex,1,1,missing-question,Le contenu doit contenir au moins une \question{...}.
content/exercises/exo7/5-L2/Ok2P.tex,1,1,missing-question,Le contenu doit contenir au moins une \question{...}.
content/exercises/exo7/5-L2/Oquu.tex,1,1,missing-question,Le contenu doit contenir au moins une \question{...}.
content/exercises/exo7/5-L2/OvRb.tex,1,1,missing-question,Le contenu doit contenir au moins une \question{...}.
content/exercises/exo7/5-L2/OzrB.tex,1,1,missing-question,Le contenu doit contenir au moins une \question{...}.
content/exercises/exo7/5-L2/P7nd.tex,1,1,missing-question,Le contenu doit contenir au moins une \question{...}.
content/exercises/exo7/5-L2/PHAE.tex,1,1,missing-question,Le contenu doit contenir au moins une \question{...}.
content/exercises/exo7/5-L2/PIXt.tex,1,1,missing-question,Le contenu doit contenir au moins une \question{...}.
content/exercises/exo7/5-L2/POQa.tex,1,1,missing-question,Le contenu doit contenir au moins une \question{...}.
content/exercises/exo7/5-L2/PXG0.tex,1,1,missing-question,Le contenu doit contenir au moins une \question{...}.
content/exercises/exo7/5-L2/Pg86.tex,1,1,missing-question,Le contenu doit contenir au moins une \question{...}.
content/exercises/exo7/5-L2/Ph0R.tex,1,1,missing-question,Le contenu doit contenir au moins une \question{...}.
content/exercises/exo7/5-L2/Q5bi.tex,1,1,missing-question,Le contenu doit contenir au moins une \question{...}.
content/exercises/exo7/5-L2/Q5oQ.tex,1,1,missing-question,Le contenu doit contenir au moins une \question{...}.
content/exercises/exo7/5-L2/Q8Ad.tex,1,1,missing-question,Le contenu doit contenir au moins une \question{...}.
content/exercises/exo7/5-L2/QFLD.tex,1,1,missing-question,Le contenu doit contenir au moins une \question{...}.
content/exercises/exo7/5-L2/QFbR.tex,1,1,missing-question,Le contenu doit contenir au moins une \question{...}.
content/exercises/exo7/5-L2/QN6n.tex,1,1,missing-question,Le contenu doit contenir au moins une \question{...}.
content/exercises/exo7/5-L2/QUSg.tex,1,1,missing-question,Le contenu doit contenir au moins une \question{...}.
content/exercises/exo7/5-L2/QVZB.tex,1,1,missing-question,Le contenu doit contenir au moins une \question{...}.
content/exercises/exo7/5-L2/QX44.tex,1,1,missing-question,Le contenu doit contenir au moins une \question{...}.
content/exercises/exo7/5-L2/QjDu.tex,1,1,missing-question,Le contenu doit contenir au moins une \question{...}.
content/exercises/exo7/5-L2/QtKH.tex,1,1,missing-question,Le contenu doit contenir au moins une \question{...}.
content/exercises/exo7/5-L2/QwzT.tex,1,1,missing-question,Le contenu doit contenir au moins une \question{...}.
content/exercises/exo7/5-L2/R0nO.tex,1,1,missing-question,Le contenu doit contenir au moins une \question{...}.
content/exercises/exo7/5-L2/Rg4b.tex,1,1,missing-question,Le contenu doit contenir au moins une \question{...}.
content/exercises/exo7/5-L2/RiYy.tex,1,1,missing-question,Le contenu doit contenir au moins une \question{...}.
content/exercises/exo7/5-L2/Riva.tex,1,1,missing-question,Le contenu doit contenir au moins une \question{...}.
content/exercises/exo7/5-L2/Rj8P.tex,1,1,missing-question,Le contenu doit contenir au moins une \question{...}.
content/exercises/exo7/5-L2/Rl05.tex,1,1,missing-question,Le contenu doit contenir au moins une \question{...}.
content/exercises/exo7/5-L2/Rs3w.tex,1,1,missing-question,Le contenu doit contenir au moins une \question{...}.
content/exercises/exo7/5-L2/RyaI.tex,1,1,missing-question,Le contenu doit contenir au moins une \question{...}.
content/exercises/exo7/5-L2/S214.tex,1,1,missing-question,Le contenu doit contenir au moins une \question{...}.
content/exercises/exo7/5-L2/SHuB.tex,1,1,missing-question,Le contenu doit contenir au moins une \question{...}.
content/exercises/exo7/5-L2/SMUH.tex,1,1,missing-question,Le contenu doit contenir au moins une \question{...}.
content/exercises/exo7/5-L2/SMpG.tex,1,1,missing-question,Le contenu doit contenir au moins une \question{...}.
content/exercises/exo7/5-L2/SMrJ.tex,1,1,missing-question,Le contenu doit contenir au moins une \question{...}.
content/exercises/exo7/5-L2/SaxG.tex,1,1,missing-question,Le contenu doit contenir au moins une \question{...}.
content/exercises/exo7/5-L2/Sc7j.tex,1,1,missing-question,Le contenu doit contenir au moins une \question{...}.
content/exercises/exo7/5-L2/Svwj.tex,1,1,missing-question,Le contenu doit contenir au moins une \question{...}.
content/exercises/exo7/5-L2/T5B5.tex,1,1,missing-question,Le contenu doit contenir au moins une \question{...}.
content/exercises/exo7/5-L2/T7hi.tex,1,1,missing-question,Le contenu doit contenir au moins une \question{...}.
content/exercises/exo7/5-L2/TAT7.tex,1,1,missing-question,Le contenu doit contenir au moins une \question{...}.
content/exercises/exo7/5-L2/TEWF.tex,1,1,missing-question,Le contenu doit contenir au moins une \question{...}.
content/exercises/exo7/5-L2/TGmw.tex,1,1,missing-question,Le contenu doit contenir au moins une \question{...}.
content/exercises/exo7/5-L2/TH1s.tex,1,1,missing-question,Le contenu doit contenir au moins une \question{...}.
content/exercises/exo7/5-L2/TL0Y.tex,1,1,missing-question,Le contenu doit contenir au moins une \question{...}.
content/exercises/exo7/5-L2/TWcS.tex,1,1,missing-question,Le contenu doit contenir au moins une \question{...}.
content/exercises/exo7/5-L2/TdSh.tex,1,1,missing-question,Le contenu doit contenir au moins une \question{...}.
content/exercises/exo7/5-L2/TiBd.tex,1,1,missing-question,Le contenu doit contenir au moins une \question{...}.
content/exercises/exo7/5-L2/TpFS.tex,1,1,missing-question,Le contenu doit contenir au moins une \question{...}.
content/exercises/exo7/5-L2/U0Yt.tex,1,1,missing-question,Le contenu doit contenir au moins une \question{...}.
content/exercises/exo7/5-L2/UE5m.tex,1,1,missing-question,Le contenu doit contenir au moins une \question{...}.
content/exercises/exo7/5-L2/UM4B.tex,1,1,missing-question,Le contenu doit contenir au moins une \question{...}.
content/exercises/exo7/5-L2/UQGC.tex,1,1,missing-question,Le contenu doit contenir au moins une \question{...}.
content/exercises/exo7/5-L2/UVUl.tex,1,1,missing-question,Le contenu doit contenir au moins une \question{...}.
content/exercises/exo7/5-L2/UXCM.tex,1,1,missing-question,Le contenu doit contenir au moins une \question{...}.
content/exercises/exo7/5-L2/Udel.tex,1,1,missing-question,Le contenu doit contenir au moins une \question{...}.
content/exercises/exo7/5-L2/UlfK.tex,1,1,missing-question,Le contenu doit contenir au moins une \question{...}.
content/exercises/exo7/5-L2/Um1C.tex,1,1,missing-question,Le contenu doit contenir au moins une \question{...}.
content/exercises/exo7/5-L2/V7u7.tex,1,1,missing-question,Le contenu doit contenir au moins une \question{...}.
content/exercises/exo7/5-L2/V8tu.tex,1,1,missing-question,Le contenu doit contenir au moins une \question{...}.
content/exercises/exo7/5-L2/VAjd.tex,1,1,missing-question,Le contenu doit contenir au moins une \question{...}.
content/exercises/exo7/5-L2/VDyJ.tex,1,1,missing-question,Le contenu doit contenir au moins une \question{...}.
content/exercises/exo7/5-L2/VRlO.tex,1,1,missing-question,Le contenu doit contenir au moins une \question{...}.
content/exercises/exo7/5-L2/VSe7.tex,1,1,missing-question,Le contenu doit contenir au moins une \question{...}.
content/exercises/exo7/5-L2/VhAL.tex,1,1,missing-question,Le contenu doit contenir au moins une \question{...}.
content/exercises/exo7/5-L2/VpFh.tex,1,1,missing-question,Le contenu doit contenir au moins une \question{...}.
content/exercises/exo7/5-L2/VqU9.tex,1,1,missing-question,Le contenu doit contenir au moins une \question{...}.
content/exercises/exo7/5-L2/Vr0o.tex,1,1,missing-question,Le contenu doit contenir au moins une \question{...}.
content/exercises/exo7/5-L2/W7hN.tex,1,1,missing-question,Le contenu doit contenir au moins une \question{...}.
content/exercises/exo7/5-L2/W9Wk.tex,1,1,missing-question,Le contenu doit contenir au moins une \question{...}.
content/exercises/exo7/5-L2/WALV.tex,1,1,missing-question,Le contenu doit contenir au moins une \question{...}.
content/exercises/exo7/5-L2/WAyq.tex,1,1,missing-question,Le contenu doit contenir au moins une \question{...}.
content/exercises/exo7/5-L2/WHBZ.tex,1,1,missing-question,Le contenu doit contenir au moins une \question{...}.
content/exercises/exo7/5-L2/WRqF.tex,1,1,missing-question,Le contenu doit contenir au moins une \question{...}.
content/exercises/exo7/5-L2/WbO5.tex,1,1,missing-question,Le contenu doit contenir au moins une \question{...}.
content/exercises/exo7/5-L2/Wdl4.tex,1,1,missing-question,Le contenu doit contenir au moins une \question{...}.
content/exercises/exo7/5-L2/Wnjt.tex,1,1,missing-question,Le contenu doit contenir au moins une \question{...}.
content/exercises/exo7/5-L2/WotP.tex,15,1,malformed-command,La commande \contenu{...} n'est pas fermée correctement.
content/exercises/exo7/5-L2/Wvjv.tex,1,1,missing-question,Le contenu doit contenir au moins une \question{...}.
content/exercises/exo7/5-L2/X8lh.tex,1,1,missing-question,Le contenu doit contenir au moins une \question{...}.
content/exercises/exo7/5-L2/XdJH.tex,1,1,missing-question,Le contenu doit contenir au moins une \question{...}.
content/exercises/exo7/5-L2/Xe8r.tex,1,1,missing-question,Le contenu doit contenir au moins une \question{...}.
content/exercises/exo7/5-L2/XwQM.tex,1,1,missing-question,Le contenu doit contenir au moins une \question{...}.
content/exercises/exo7/5-L2/YCt1.tex,1,1,missing-question,Le contenu doit contenir au moins une \question{...}.
content/exercises/exo7/5-L2/YHrx.tex,1,1,missing-question,Le contenu doit contenir au moins une \question{...}.
content/exercises/exo7/5-L2/YUup.tex,1,1,missing-question,Le contenu doit contenir au moins une \question{...}.
content/exercises/exo7/5-L2/Ynq9.tex,1,1,missing-question,Le contenu doit contenir au moins une \question{...}.
content/exercises/exo7/5-L2/Yo9T.tex,1,1,missing-question,Le contenu doit contenir au moins une \question{...}.
content/exercises/exo7/5-L2/Yo9n.tex,1,1,missing-question,Le contenu doit contenir au moins une \question{...}.
content/exercises/exo7/5-L2/Youp.tex,1,1,missing-question,Le contenu doit contenir au moins une \question{...}.
content/exercises/exo7/5-L2/Yrg1.tex,1,1,missing-question,Le contenu doit contenir au moins une \question{...}.
content/exercises/exo7/5-L2/YtEe.tex,1,1,missing-question,Le contenu doit contenir au moins une \question{...}.
content/exercises/exo7/5-L2/YzdR.tex,1,1,missing-question,Le contenu doit contenir au moins une \question{...}.
content/exercises/exo7/5-L2/ZKIm.tex,1,1,missing-question,Le contenu doit contenir au moins une \question{...}.
content/exercises/exo7/5-L2/ZLvv.tex,1,1,missing-question,Le contenu doit contenir au moins une \question{...}.
content/exercises/exo7/5-L2/ZRnD.tex,1,1,missing-question,Le contenu doit contenir au moins une \question{...}.
content/exercises/exo7/5-L2/ZSum.tex,1,1,missing-question,Le contenu doit contenir au moins une \question{...}.
content/exercises/exo7/5-L2/ZSzG.tex,1,1,missing-question,Le contenu doit contenir au moins une \question{...}.
content/exercises/exo7/5-L2/ZUc1.tex,1,1,missing-question,Le contenu doit contenir au moins une \question{...}.
content/exercises/exo7/5-L2/ZVTN.tex,1,1,missing-question,Le contenu doit contenir au moins une \question{...}.
content/exercises/exo7/5-L2/ZVps.tex,1,1,missing-question,Le contenu doit contenir au moins une \question{...}.
content/exercises/exo7/5-L2/Zab8.tex,1,1,missing-question,Le contenu doit contenir au moins une \question{...}.
content/exercises/exo7/5-L2/Zrdm.tex,1,1,missing-question,Le contenu doit contenir au moins une \question{...}.
content/exercises/exo7/5-L2/Zrjg.tex,1,1,missing-question,Le contenu doit contenir au moins une \question{...}.
content/exercises/exo7/5-L2/ZsNn.tex,1,1,missing-question,Le contenu doit contenir au moins une \question{...}.
content/exercises/exo7/5-L2/a5HA.tex,1,1,missing-question,Le contenu doit contenir au moins une \question{...}.
content/exercises/exo7/5-L2/a76K.tex,1,1,missing-question,Le contenu doit contenir au moins une \question{...}.
content/exercises/exo7/5-L2/aBOQ.tex,1,1,missing-question,Le contenu doit contenir au moins une \question{...}.
content/exercises/exo7/5-L2/aDJx.tex,1,1,missing-question,Le contenu doit contenir au moins une \question{...}.
content/exercises/exo7/5-L2/aG1y.tex,1,1,missing-question,Le contenu doit contenir au moins une \question{...}.
content/exercises/exo7/5-L2/aOfR.tex,1,1,missing-question,Le contenu doit contenir au moins une \question{...}.
content/exercises/exo7/5-L2/aPyV.tex,1,1,missing-question,Le contenu doit contenir au moins une \question{...}.
content/exercises/exo7/5-L2/aV5T.tex,1,1,missing-question,Le contenu doit contenir au moins une \question{...}.
content/exercises/exo7/5-L2/aen3.tex,1,1,missing-question,Le contenu doit contenir au moins une \question{...}.
content/exercises/exo7/5-L2/alPz.tex,1,1,missing-question,Le contenu doit contenir au moins une \question{...}.
content/exercises/exo7/5-L2/ao1B.tex,1,1,missing-question,Le contenu doit contenir au moins une \question{...}.
content/exercises/exo7/5-L2/awXA.tex,1,1,missing-question,Le contenu doit contenir au moins une \question{...}.
content/exercises/exo7/5-L2/b1ht.tex,1,1,missing-question,Le contenu doit contenir au moins une \question{...}.
content/exercises/exo7/5-L2/bBDi.tex,1,1,missing-question,Le contenu doit contenir au moins une \question{...}.
content/exercises/exo7/5-L2/bCJb.tex,1,1,missing-question,Le contenu doit contenir au moins une \question{...}.
content/exercises/exo7/5-L2/bSKe.tex,1,1,missing-question,Le contenu doit contenir au moins une \question{...}.
content/exercises/exo7/5-L2/c5LJ.tex,1,1,missing-question,Le contenu doit contenir au moins une \question{...}.
content/exercises/exo7/5-L2/cX9D.tex,1,1,missing-question,Le contenu doit contenir au moins une \question{...}.
content/exercises/exo7/5-L2/crIE.tex,1,1,missing-question,Le contenu doit contenir au moins une \question{...}.
content/exercises/exo7/5-L2/cyEC.tex,1,1,missing-question,Le contenu doit contenir au moins une \question{...}.
content/exercises/exo7/5-L2/dOCG.tex,1,1,missing-question,Le contenu doit contenir au moins une \question{...}.
content/exercises/exo7/5-L2/dORp.tex,1,1,missing-question,Le contenu doit contenir au moins une \question{...}.
content/exercises/exo7/5-L2/dZXe.tex,1,1,missing-question,Le contenu doit contenir au moins une \question{...}.
content/exercises/exo7/5-L2/dcCL.tex,1,1,missing-question,Le contenu doit contenir au moins une \question{...}.
content/exercises/exo7/5-L2/dhRR.tex,1,1,missing-question,Le contenu doit contenir au moins une \question{...}.
content/exercises/exo7/5-L2/dtEc.tex,1,1,missing-question,Le contenu doit contenir au moins une \question{...}.
content/exercises/exo7/5-L2/e0p4.tex,1,1,missing-question,Le contenu doit contenir au moins une \question{...}.
content/exercises/exo7/5-L2/eAeu.tex,1,1,missing-question,Le contenu doit contenir au moins une \question{...}.
content/exercises/exo7/5-L2/eDHs.tex,1,1,missing-question,Le contenu doit contenir au moins une \question{...}.
content/exercises/exo7/5-L2/eGB2.tex,1,1,missing-question,Le contenu doit contenir au moins une \question{...}.
content/exercises/exo7/5-L2/eGgP.tex,1,1,missing-question,Le contenu doit contenir au moins une \question{...}.
content/exercises/exo7/5-L2/eLhp.tex,1,1,missing-question,Le contenu doit contenir au moins une \question{...}.
content/exercises/exo7/5-L2/ePnF.tex,1,1,missing-question,Le contenu doit contenir au moins une \question{...}.
content/exercises/exo7/5-L2/eXLA.tex,1,1,missing-question,Le contenu doit contenir au moins une \question{...}.
content/exercises/exo7/5-L2/ebBh.tex,1,1,missing-question,Le contenu doit contenir au moins une \question{...}.
content/exercises/exo7/5-L2/f4Jn.tex,1,1,missing-question,Le contenu doit contenir au moins une \question{...}.
content/exercises/exo7/5-L2/f9uv.tex,1,1,missing-question,Le contenu doit contenir au moins une \question{...}.
content/exercises/exo7/5-L2/fD30.tex,1,1,missing-question,Le contenu doit contenir au moins une \question{...}.
content/exercises/exo7/5-L2/fRGg.tex,1,1,missing-question,Le contenu doit contenir au moins une \question{...}.
content/exercises/exo7/5-L2/fVvT.tex,1,1,missing-question,Le contenu doit contenir au moins une \question{...}.
content/exercises/exo7/5-L2/fXBZ.tex,1,1,missing-question,Le contenu doit contenir au moins une \question{...}.
content/exercises/exo7/5-L2/fYHH.tex,1,1,missing-question,Le contenu doit contenir au moins une \question{...}.
content/exercises/exo7/5-L2/fdbG.tex,1,1,missing-question,Le contenu doit contenir au moins une \question{...}.
content/exercises/exo7/5-L2/ffCu.tex,1,1,missing-question,Le contenu doit contenir au moins une \question{...}.
content/exercises/exo7/5-L2/ffj8.tex,1,1,missing-question,Le contenu doit contenir au moins une \question{...}.
content/exercises/exo7/5-L2/frxJ.tex,1,1,missing-question,Le contenu doit contenir au moins une \question{...}.
content/exercises/exo7/5-L2/fzsm.tex,1,1,missing-question,Le contenu doit contenir au moins une \question{...}.
content/exercises/exo7/5-L2/g1Vc.tex,1,1,missing-question,Le contenu doit contenir au moins une \question{...}.
content/exercises/exo7/5-L2/gWAF.tex,1,1,missing-question,Le contenu doit contenir au moins une \question{...}.
content/exercises/exo7/5-L2/gWfm.tex,1,1,missing-question,Le contenu doit contenir au moins une \question{...}.
content/exercises/exo7/5-L2/gWvG.tex,1,1,missing-question,Le contenu doit contenir au moins une \question{...}.
content/exercises/exo7/5-L2/gdsy.tex,1,1,missing-question,Le contenu doit contenir au moins une \question{...}.
content/exercises/exo7/5-L2/gl7c.tex,1,1,missing-question,Le contenu doit contenir au moins une \question{...}.
content/exercises/exo7/5-L2/gorj.tex,1,1,missing-question,Le contenu doit contenir au moins une \question{...}.
content/exercises/exo7/5-L2/grue.tex,1,1,missing-question,Le contenu doit contenir au moins une \question{...}.
content/exercises/exo7/5-L2/h22v.tex,1,1,missing-question,Le contenu doit contenir au moins une \question{...}.
content/exercises/exo7/5-L2/hADt.tex,1,1,missing-question,Le contenu doit contenir au moins une \question{...}.
content/exercises/exo7/5-L2/hEkn.tex,1,1,missing-question,Le contenu doit contenir au moins une \question{...}.
content/exercises/exo7/5-L2/hFby.tex,1,1,missing-question,Le contenu doit contenir au moins une \question{...}.
content/exercises/exo7/5-L2/hIKY.tex,1,1,missing-question,Le contenu doit contenir au moins une \question{...}.
content/exercises/exo7/5-L2/hMeY.tex,1,1,missing-question,Le contenu doit contenir au moins une \question{...}.
content/exercises/exo7/5-L2/hOxH.tex,1,1,missing-question,Le contenu doit contenir au moins une \question{...}.
content/exercises/exo7/5-L2/hWu3.tex,1,1,missing-question,Le contenu doit contenir au moins une \question{...}.
content/exercises/exo7/5-L2/hmcu.tex,1,1,missing-question,Le contenu doit contenir au moins une \question{...}.
content/exercises/exo7/5-L2/hovZ.tex,1,1,missing-question,Le contenu doit contenir au moins une \question{...}.
content/exercises/exo7/5-L2/hrb9.tex,1,1,missing-question,Le contenu doit contenir au moins une \question{...}.
content/exercises/exo7/5-L2/hsGt.tex,1,1,missing-question,Le contenu doit contenir au moins une \question{...}.
content/exercises/exo7/5-L2/iPe6.tex,1,1,missing-question,Le contenu doit contenir au moins une \question{...}.
content/exercises/exo7/5-L2/ifkP.tex,15,1,malformed-command,La commande \contenu{...} n'est pas fermée correctement.
content/exercises/exo7/5-L2/ifkP.tex,21,11,malformed-command,La commande \question{...} n'est pas fermée correctement.
content/exercises/exo7/5-L2/ifkP.tex,27,11,malformed-command,La commande \question{...} n'est pas fermée correctement.
content/exercises/exo7/5-L2/ifkP.tex,34,11,malformed-command,La commande \question{...} n'est pas fermée correctement.
content/exercises/exo7/5-L2/igA1.tex,1,1,missing-question,Le contenu doit contenir au moins une \question{...}.
content/exercises/exo7/5-L2/ii0g.tex,1,1,missing-question,Le contenu doit contenir au moins une \question{...}.
content/exercises/exo7/5-L2/inWS.tex,1,1,missing-question,Le contenu doit contenir au moins une \question{...}.
content/exercises/exo7/5-L2/ipsU.tex,1,1,missing-question,Le contenu doit contenir au moins une \question{...}.
content/exercises/exo7/5-L2/j6aO.tex,1,1,missing-question,Le contenu doit contenir au moins une \question{...}.
content/exercises/exo7/5-L2/jAtv.tex,1,1,missing-question,Le contenu doit contenir au moins une \question{...}.
content/exercises/exo7/5-L2/jM0Y.tex,1,1,missing-question,Le contenu doit contenir au moins une \question{...}.
content/exercises/exo7/5-L2/jN4l.tex,1,1,missing-question,Le contenu doit contenir au moins une \question{...}.
content/exercises/exo7/5-L2/jYsh.tex,1,1,missing-question,Le contenu doit contenir au moins une \question{...}.
content/exercises/exo7/5-L2/jb9M.tex,1,1,missing-question,Le contenu doit contenir au moins une \question{...}.
content/exercises/exo7/5-L2/je0v.tex,1,1,missing-question,Le contenu doit contenir au moins une \question{...}.
content/exercises/exo7/5-L2/jeuF.tex,1,1,missing-question,Le contenu doit contenir au moins une \question{...}.
content/exercises/exo7/5-L2/jjn4.tex,1,1,missing-question,Le contenu doit contenir au moins une \question{...}.
content/exercises/exo7/5-L2/jnAX.tex,1,1,missing-question,Le contenu doit contenir au moins une \question{...}.
content/exercises/exo7/5-L2/jsNY.tex,1,1,missing-question,Le contenu doit contenir au moins une \question{...}.
content/exercises/exo7/5-L2/jvNk.tex,1,1,missing-question,Le contenu doit contenir au moins une \question{...}.
content/exercises/exo7/5-L2/k8cC.tex,1,1,missing-question,Le contenu doit contenir au moins une \question{...}.
content/exercises/exo7/5-L2/k8jw.tex,1,1,missing-question,Le contenu doit contenir au moins une \question{...}.
content/exercises/exo7/5-L2/k9l4.tex,1,1,missing-question,Le contenu doit contenir au moins une \question{...}.
content/exercises/exo7/5-L2/kMPM.tex,1,1,missing-question,Le contenu doit contenir au moins une \question{...}.
content/exercises/exo7/5-L2/kW2I.tex,1,1,missing-question,Le contenu doit contenir au moins une \question{...}.
content/exercises/exo7/5-L2/kXQG.tex,1,1,missing-question,Le contenu doit contenir au moins une \question{...}.
content/exercises/exo7/5-L2/kjST.tex,1,1,missing-question,Le contenu doit contenir au moins une \question{...}.
content/exercises/exo7/5-L2/kkjR.tex,1,1,missing-question,Le contenu doit contenir au moins une \question{...}.
content/exercises/exo7/5-L2/l5fz.tex,1,1,missing-question,Le contenu doit contenir au moins une \question{...}.
content/exercises/exo7/5-L2/l5ix.tex,1,1,missing-question,Le contenu doit contenir au moins une \question{...}.
content/exercises/exo7/5-L2/lLWl.tex,1,1,missing-question,Le contenu doit contenir au moins une \question{...}.
content/exercises/exo7/5-L2/lWUv.tex,1,1,missing-question,Le contenu doit contenir au moins une \question{...}.
content/exercises/exo7/5-L2/lYbs.tex,1,1,missing-question,Le contenu doit contenir au moins une \question{...}.
content/exercises/exo7/5-L2/mHy9.tex,1,1,missing-question,Le contenu doit contenir au moins une \question{...}.
content/exercises/exo7/5-L2/miiX.tex,1,1,missing-question,Le contenu doit contenir au moins une \question{...}.
content/exercises/exo7/5-L2/mjoB.tex,1,1,missing-question,Le contenu doit contenir au moins une \question{...}.
content/exercises/exo7/5-L2/mkqr.tex,1,1,missing-question,Le contenu doit contenir au moins une \question{...}.
content/exercises/exo7/5-L2/n0Uc.tex,1,1,missing-question,Le contenu doit contenir au moins une \question{...}.
content/exercises/exo7/5-L2/n8TJ.tex,1,1,missing-question,Le contenu doit contenir au moins une \question{...}.
content/exercises/exo7/5-L2/nEAs.tex,1,1,missing-question,Le contenu doit contenir au moins une \question{...}.
content/exercises/exo7/5-L2/nHUq.tex,1,1,missing-question,Le contenu doit contenir au moins une \question{...}.
content/exercises/exo7/5-L2/nSNC.tex,1,1,missing-question,Le contenu doit contenir au moins une \question{...}.
content/exercises/exo7/5-L2/nTvB.tex,1,1,missing-question,Le contenu doit contenir au moins une \question{...}.
content/exercises/exo7/5-L2/nZ3g.tex,1,1,missing-question,Le contenu doit contenir au moins une \question{...}.
content/exercises/exo7/5-L2/nasA.tex,1,1,missing-question,Le contenu doit contenir au moins une \question{...}.
content/exercises/exo7/5-L2/npcN.tex,1,1,missing-question,Le contenu doit contenir au moins une \question{...}.
content/exercises/exo7/5-L2/nqfB.tex,1,1,missing-question,Le contenu doit contenir au moins une \question{...}.
content/exercises/exo7/5-L2/nxy8.tex,1,1,missing-question,Le contenu doit contenir au moins une \question{...}.
content/exercises/exo7/5-L2/o1SV.tex,1,1,missing-question,Le contenu doit contenir au moins une \question{...}.
content/exercises/exo7/5-L2/oL68.tex,1,1,missing-question,Le contenu doit contenir au moins une \question{...}.
content/exercises/exo7/5-L2/oMVr.tex,1,1,missing-question,Le contenu doit contenir au moins une \question{...}.
content/exercises/exo7/5-L2/oMoe.tex,1,1,missing-question,Le contenu doit contenir au moins une \question{...}.
content/exercises/exo7/5-L2/ovvg.tex,1,1,missing-question,Le contenu doit contenir au moins une \question{...}.
content/exercises/exo7/5-L2/owgc.tex,1,1,missing-question,Le contenu doit contenir au moins une \question{...}.
content/exercises/exo7/5-L2/p1U4.tex,1,1,missing-question,Le contenu doit contenir au moins une \question{...}.
content/exercises/exo7/5-L2/p40I.tex,1,1,missing-question,Le contenu doit contenir au moins une \question{...}.
content/exercises/exo7/5-L2/pNqE.tex,1,1,missing-question,Le contenu doit contenir au moins une \question{...}.
content/exercises/exo7/5-L2/peqC.tex,1,1,missing-question,Le contenu doit contenir au moins une \question{...}.
content/exercises/exo7/5-L2/plhJ.tex,1,1,missing-question,Le contenu doit contenir au moins une \question{...}.
content/exercises/exo7/5-L2/pojI.tex,1,1,missing-question,Le contenu doit contenir au moins une \question{...}.
content/exercises/exo7/5-L2/poto.tex,1,1,missing-question,Le contenu doit contenir au moins une \question{...}.
content/exercises/exo7/5-L2/qSbq.tex,1,1,missing-question,Le contenu doit contenir au moins une \question{...}.
content/exercises/exo7/5-L2/qbvW.tex,1,1,missing-question,Le contenu doit contenir au moins une \question{...}.
content/exercises/exo7/5-L2/qcBK.tex,1,1,missing-question,Le contenu doit contenir au moins une \question{...}.
content/exercises/exo7/5-L2/qpCU.tex,1,1,missing-question,Le contenu doit contenir au moins une \question{...}.
content/exercises/exo7/5-L2/qpkF.tex,1,1,missing-question,Le contenu doit contenir au moins une \question{...}.
content/exercises/exo7/5-L2/qrRv.tex,1,1,missing-question,Le contenu doit contenir au moins une \question{...}.
content/exercises/exo7/5-L2/qv5m.tex,1,1,missing-question,Le contenu doit contenir au moins une \question{...}.
content/exercises/exo7/5-L2/r0fG.tex,1,1,missing-question,Le contenu doit contenir au moins une \question{...}.
content/exercises/exo7/5-L2/rJMM.tex,1,1,missing-question,Le contenu doit contenir au moins une \question{...}.
content/exercises/exo7/5-L2/rNW7.tex,1,1,missing-question,Le contenu doit contenir au moins une \question{...}.
content/exercises/exo7/5-L2/rUdx.tex,1,1,missing-question,Le contenu doit contenir au moins une \question{...}.
content/exercises/exo7/5-L2/rVaG.tex,1,1,missing-question,Le contenu doit contenir au moins une \question{...}.
content/exercises/exo7/5-L2/reRg.tex,1,1,missing-question,Le contenu doit contenir au moins une \question{...}.
content/exercises/exo7/5-L2/rmMF.tex,1,1,missing-question,Le contenu doit contenir au moins une \question{...}.
content/exercises/exo7/5-L2/rqAf.tex,1,1,missing-question,Le contenu doit contenir au moins une \question{...}.
content/exercises/exo7/5-L2/s0Fj.tex,1,1,missing-question,Le contenu doit contenir au moins une \question{...}.
content/exercises/exo7/5-L2/sBRA.tex,1,1,missing-question,Le contenu doit contenir au moins une \question{...}.
content/exercises/exo7/5-L2/sgJ1.tex,1,1,missing-question,Le contenu doit contenir au moins une \question{...}.
content/exercises/exo7/5-L2/shvE.tex,1,1,missing-question,Le contenu doit contenir au moins une \question{...}.
content/exercises/exo7/5-L2/sppL.tex,1,1,missing-question,Le contenu doit contenir au moins une \question{...}.
content/exercises/exo7/5-L2/szRG.tex,1,1,missing-question,Le contenu doit contenir au moins une \question{...}.
content/exercises/exo7/5-L2/szne.tex,1,1,missing-question,Le contenu doit contenir au moins une \question{...}.
content/exercises/exo7/5-L2/tRJU.tex,1,1,missing-question,Le contenu doit contenir au moins une \question{...}.
content/exercises/exo7/5-L2/tX9x.tex,1,1,missing-question,Le contenu doit contenir au moins une \question{...}.
content/exercises/exo7/5-L2/tcXX.tex,1,1,missing-question,Le contenu doit contenir au moins une \question{...}.
content/exercises/exo7/5-L2/tvZQ.tex,1,1,missing-question,Le contenu doit contenir au moins une \question{...}.
content/exercises/exo7/5-L2/uFI0.tex,1,1,missing-question,Le contenu doit contenir au moins une \question{...}.
content/exercises/exo7/5-L2/uIdD.tex,1,1,missing-question,Le contenu doit contenir au moins une \question{...}.
content/exercises/exo7/5-L2/uP6r.tex,1,1,missing-question,Le contenu doit contenir au moins une \question{...}.
content/exercises/exo7/5-L2/uR8M.tex,1,1,missing-question,Le contenu doit contenir au moins une \question{...}.
content/exercises/exo7/5-L2/uZU3.tex,1,1,missing-question,Le contenu doit contenir au moins une \question{...}.
content/exercises/exo7/5-L2/ukz2.tex,1,1,missing-question,Le contenu doit contenir au moins une \question{...}.
content/exercises/exo7/5-L2/uw07.tex,1,1,missing-question,Le contenu doit contenir au moins une \question{...}.
content/exercises/exo7/5-L2/uyZw.tex,1,1,missing-question,Le contenu doit contenir au moins une \question{...}.
content/exercises/exo7/5-L2/v3ar.tex,1,1,missing-question,Le contenu doit contenir au moins une \question{...}.
content/exercises/exo7/5-L2/v4Zr.tex,1,1,missing-question,Le contenu doit contenir au moins une \question{...}.
content/exercises/exo7/5-L2/vMno.tex,1,1,missing-question,Le contenu doit contenir au moins une \question{...}.
content/exercises/exo7/5-L2/vTN9.tex,1,1,missing-question,Le contenu doit contenir au moins une \question{...}.
content/exercises/exo7/5-L2/vTc9.tex,1,1,missing-question,Le contenu doit contenir au moins une \question{...}.
content/exercises/exo7/5-L2/vVWj.tex,1,1,missing-question,Le contenu doit contenir au moins une \question{...}.
content/exercises/exo7/5-L2/vXuT.tex,1,1,missing-question,Le contenu doit contenir au moins une \question{...}.
content/exercises/exo7/5-L2/vbrN.tex,1,1,missing-question,Le contenu doit contenir au moins une \question{...}.
content/exercises/exo7/5-L2/vde7.tex,1,1,missing-question,Le contenu doit contenir au moins une \question{...}.
content/exercises/exo7/5-L2/vfCR.tex,1,1,missing-question,Le contenu doit contenir au moins une \question{...}.
content/exercises/exo7/5-L2/vgll.tex,1,1,missing-question,Le contenu doit contenir au moins une \question{...}.
content/exercises/exo7/5-L2/vji0.tex,1,1,missing-question,Le contenu doit contenir au moins une \question{...}.
content/exercises/exo7/5-L2/vm0y.tex,1,1,missing-question,Le contenu doit contenir au moins une \question{...}.
content/exercises/exo7/5-L2/voiR.tex,1,1,missing-question,Le contenu doit contenir au moins une \question{...}.
content/exercises/exo7/5-L2/w7DX.tex,1,1,missing-question,Le contenu doit contenir au moins une \question{...}.
content/exercises/exo7/5-L2/wB6m.tex,1,1,missing-question,Le contenu doit contenir au moins une \question{...}.
content/exercises/exo7/5-L2/wC5C.tex,1,1,missing-question,Le contenu doit contenir au moins une \question{...}.
content/exercises/exo7/5-L2/wKNW.tex,1,1,missing-question,Le contenu doit contenir au moins une \question{...}.
content/exercises/exo7/5-L2/wLse.tex,1,1,missing-question,Le contenu doit contenir au moins une \question{...}.
content/exercises/exo7/5-L2/wWtk.tex,1,1,missing-question,Le contenu doit contenir au moins une \question{...}.
content/exercises/exo7/5-L2/wZnE.tex,1,1,missing-question,Le contenu doit contenir au moins une \question{...}.
content/exercises/exo7/5-L2/wdfE.tex,1,1,missing-question,Le contenu doit contenir au moins une \question{...}.
content/exercises/exo7/5-L2/wjQT.tex,1,1,missing-question,Le contenu doit contenir au moins une \question{...}.
content/exercises/exo7/5-L2/wky6.tex,1,1,missing-question,Le contenu doit contenir au moins une \question{...}.
content/exercises/exo7/5-L2/wmWw.tex,1,1,missing-question,Le contenu doit contenir au moins une \question{...}.
content/exercises/exo7/5-L2/wsft.tex,1,1,missing-question,Le contenu doit contenir au moins une \question{...}.
content/exercises/exo7/5-L2/wuKD.tex,1,1,missing-question,Le contenu doit contenir au moins une \question{...}.
content/exercises/exo7/5-L2/wvbu.tex,1,1,missing-question,Le contenu doit contenir au moins une \question{...}.
content/exercises/exo7/5-L2/wy8T.tex,1,1,missing-question,Le contenu doit contenir au moins une \question{...}.
content/exercises/exo7/5-L2/x6Cl.tex,1,1,missing-question,Le contenu doit contenir au moins une \question{...}.
content/exercises/exo7/5-L2/xSK5.tex,1,1,missing-question,Le contenu doit contenir au moins une \question{...}.
content/exercises/exo7/5-L2/xmwP.tex,1,1,missing-question,Le contenu doit contenir au moins une \question{...}.
content/exercises/exo7/5-L2/xvmB.tex,1,1,missing-question,Le contenu doit contenir au moins une \question{...}.
content/exercises/exo7/5-L2/y8Bn.tex,1,1,missing-question,Le contenu doit contenir au moins une \question{...}.
content/exercises/exo7/5-L2/y9ti.tex,1,1,missing-question,Le contenu doit contenir au moins une \question{...}.
content/exercises/exo7/5-L2/ySw3.tex,1,1,missing-question,Le contenu doit contenir au moins une \question{...}.
content/exercises/exo7/5-L2/yaqy.tex,1,1,missing-question,Le contenu doit contenir au moins une \question{...}.
content/exercises/exo7/5-L2/ydos.tex,1,1,missing-question,Le contenu doit contenir au moins une \question{...}.
content/exercises/exo7/5-L2/yh0C.tex,1,1,missing-question,Le contenu doit contenir au moins une \question{...}.
content/exercises/exo7/5-L2/yo06.tex,1,1,missing-question,Le contenu doit contenir au moins une \question{...}.
content/exercises/exo7/5-L2/ywv3.tex,1,1,missing-question,Le contenu doit contenir au moins une \question{...}.
content/exercises/exo7/5-L2/z6rN.tex,1,1,missing-question,Le contenu doit contenir au moins une \question{...}.
content/exercises/exo7/5-L2/zIHz.tex,1,1,missing-question,Le contenu doit contenir au moins une \question{...}.
content/exercises/exo7/5-L2/zNmI.tex,1,1,missing-question,Le contenu doit contenir au moins une \question{...}.
content/exercises/exo7/5-L2/zOie.tex,1,1,missing-question,Le contenu doit contenir au moins une \question{...}.
content/exercises/exo7/5-L2/zWaf.tex,1,1,missing-question,Le contenu doit contenir au moins une \question{...}.
content/exercises/exo7/5-L2/zX8O.tex,1,1,missing-question,Le contenu doit contenir au moins une \question{...}.
content/exercises/exo7/5-L2/zYzp.tex,1,1,missing-question,Le contenu doit contenir au moins une \question{...}.
content/exercises/exo7/5-L2/zjZe.tex,1,1,missing-question,Le contenu doit contenir au moins une \question{...}.
content/exercises/exo7/5-L2/zjvO.tex,1,1,missing-question,Le contenu doit contenir au moins une \question{...}.
content/exercises/exo7/5-L2/zqiP.tex,1,1,missing-question,Le contenu doit contenir au moins une \question{...}.
content/exercises/exo7/5-L2/zs1L.tex,1,1,missing-question,Le contenu doit contenir au moins une \question{...}.
content/exercises/exo7/6-L2/0APZ.tex,1,1,missing-question,Le contenu doit contenir au moins une \question{...}.
content/exercises/exo7/6-L2/0JvT.tex,1,1,missing-question,Le contenu doit contenir au moins une \question{...}.
content/exercises/exo7/6-L2/0LRR.tex,1,1,missing-question,Le contenu doit contenir au moins une \question{...}.
content/exercises/exo7/6-L2/171N.tex,1,1,missing-question,Le contenu doit contenir au moins une \question{...}.
content/exercises/exo7/6-L2/18Dd.tex,1,1,missing-question,Le contenu doit contenir au moins une \question{...}.
content/exercises/exo7/6-L2/1DZN.tex,1,1,missing-question,Le contenu doit contenir au moins une \question{...}.
content/exercises/exo7/6-L2/1KmP.tex,1,1,missing-question,Le contenu doit contenir au moins une \question{...}.
content/exercises/exo7/6-L2/1RTE.tex,1,1,missing-question,Le contenu doit contenir au moins une \question{...}.
content/exercises/exo7/6-L2/1ezj.tex,1,1,missing-question,Le contenu doit contenir au moins une \question{...}.
content/exercises/exo7/6-L2/1loC.tex,1,1,missing-question,Le contenu doit contenir au moins une \question{...}.
content/exercises/exo7/6-L2/21gj.tex,1,1,missing-question,Le contenu doit contenir au moins une \question{...}.
content/exercises/exo7/6-L2/2Ohs.tex,1,1,missing-question,Le contenu doit contenir au moins une \question{...}.
content/exercises/exo7/6-L2/2U9T.tex,1,1,missing-question,Le contenu doit contenir au moins une \question{...}.
content/exercises/exo7/6-L2/2oQR.tex,1,1,missing-question,Le contenu doit contenir au moins une \question{...}.
content/exercises/exo7/6-L2/2sJ0.tex,1,1,missing-question,Le contenu doit contenir au moins une \question{...}.
content/exercises/exo7/6-L2/2wB6.tex,1,1,missing-question,Le contenu doit contenir au moins une \question{...}.
content/exercises/exo7/6-L2/2xzq.tex,1,1,missing-question,Le contenu doit contenir au moins une \question{...}.
content/exercises/exo7/6-L2/3IbW.tex,1,1,missing-question,Le contenu doit contenir au moins une \question{...}.
content/exercises/exo7/6-L2/3JIX.tex,1,1,missing-question,Le contenu doit contenir au moins une \question{...}.
content/exercises/exo7/6-L2/3hfb.tex,1,1,missing-question,Le contenu doit contenir au moins une \question{...}.
content/exercises/exo7/6-L2/41Yf.tex,1,1,missing-question,Le contenu doit contenir au moins une \question{...}.
content/exercises/exo7/6-L2/43RE.tex,1,1,missing-question,Le contenu doit contenir au moins une \question{...}.
content/exercises/exo7/6-L2/49BI.tex,1,1,missing-question,Le contenu doit contenir au moins une \question{...}.
content/exercises/exo7/6-L2/4Izm.tex,1,1,missing-question,Le contenu doit contenir au moins une \question{...}.
content/exercises/exo7/6-L2/4UIK.tex,1,1,missing-question,Le contenu doit contenir au moins une \question{...}.
content/exercises/exo7/6-L2/4YyF.tex,1,1,missing-question,Le contenu doit contenir au moins une \question{...}.
content/exercises/exo7/6-L2/4cg6.tex,1,1,missing-question,Le contenu doit contenir au moins une \question{...}.
content/exercises/exo7/6-L2/4hBB.tex,1,1,missing-question,Le contenu doit contenir au moins une \question{...}.
content/exercises/exo7/6-L2/4vZu.tex,1,1,missing-question,Le contenu doit contenir au moins une \question{...}.
content/exercises/exo7/6-L2/4zmD.tex,1,1,missing-question,Le contenu doit contenir au moins une \question{...}.
content/exercises/exo7/6-L2/5IDH.tex,15,1,malformed-command,La commande \contenu{...} n'est pas fermée correctement.
content/exercises/exo7/6-L2/5KAk.tex,1,1,missing-question,Le contenu doit contenir au moins une \question{...}.
content/exercises/exo7/6-L2/5Wyx.tex,1,1,missing-question,Le contenu doit contenir au moins une \question{...}.
content/exercises/exo7/6-L2/5bIT.tex,1,1,missing-question,Le contenu doit contenir au moins une \question{...}.
content/exercises/exo7/6-L2/63a4.tex,1,1,missing-question,Le contenu doit contenir au moins une \question{...}.
content/exercises/exo7/6-L2/6GhM.tex,1,1,missing-question,Le contenu doit contenir au moins une \question{...}.
content/exercises/exo7/6-L2/6IIB.tex,1,1,missing-question,Le contenu doit contenir au moins une \question{...}.
content/exercises/exo7/6-L2/6Qzp.tex,1,1,missing-question,Le contenu doit contenir au moins une \question{...}.
content/exercises/exo7/6-L2/6Ta7.tex,1,1,missing-question,Le contenu doit contenir au moins une \question{...}.
content/exercises/exo7/6-L2/6UT8.tex,1,1,missing-question,Le contenu doit contenir au moins une \question{...}.
content/exercises/exo7/6-L2/6YrF.tex,1,1,missing-question,Le contenu doit contenir au moins une \question{...}.
content/exercises/exo7/6-L2/7R8x.tex,1,1,missing-question,Le contenu doit contenir au moins une \question{...}.
content/exercises/exo7/6-L2/7Sn1.tex,1,1,missing-question,Le contenu doit contenir au moins une \question{...}.
content/exercises/exo7/6-L2/7Soh.tex,1,1,missing-question,Le contenu doit contenir au moins une \question{...}.
content/exercises/exo7/6-L2/7kQc.tex,1,1,missing-question,Le contenu doit contenir au moins une \question{...}.
content/exercises/exo7/6-L2/840C.tex,1,1,missing-question,Le contenu doit contenir au moins une \question{...}.
content/exercises/exo7/6-L2/8LgL.tex,1,1,missing-question,Le contenu doit contenir au moins une \question{...}.
content/exercises/exo7/6-L2/8MoG.tex,1,1,missing-question,Le contenu doit contenir au moins une \question{...}.
content/exercises/exo7/6-L2/8Urj.tex,1,1,missing-question,Le contenu doit contenir au moins une \question{...}.
content/exercises/exo7/6-L2/8kxs.tex,1,1,missing-question,Le contenu doit contenir au moins une \question{...}.
content/exercises/exo7/6-L2/8uBU.tex,1,1,missing-question,Le contenu doit contenir au moins une \question{...}.
content/exercises/exo7/6-L2/946O.tex,1,1,missing-question,Le contenu doit contenir au moins une \question{...}.
content/exercises/exo7/6-L2/99bR.tex,1,1,missing-question,Le contenu doit contenir au moins une \question{...}.
content/exercises/exo7/6-L2/9Bs3.tex,1,1,missing-question,Le contenu doit contenir au moins une \question{...}.
content/exercises/exo7/6-L2/9CdE.tex,1,1,missing-question,Le contenu doit contenir au moins une \question{...}.
content/exercises/exo7/6-L2/9DGd.tex,1,1,missing-question,Le contenu doit contenir au moins une \question{...}.
content/exercises/exo7/6-L2/9EbO.tex,1,1,missing-question,Le contenu doit contenir au moins une \question{...}.
content/exercises/exo7/6-L2/9Q8o.tex,1,1,missing-question,Le contenu doit contenir au moins une \question{...}.
content/exercises/exo7/6-L2/9eK4.tex,1,1,missing-question,Le contenu doit contenir au moins une \question{...}.
content/exercises/exo7/6-L2/9sDo.tex,1,1,missing-question,Le contenu doit contenir au moins une \question{...}.
content/exercises/exo7/6-L2/9vlz.tex,1,1,missing-question,Le contenu doit contenir au moins une \question{...}.
content/exercises/exo7/6-L2/A03B.tex,1,1,missing-question,Le contenu doit contenir au moins une \question{...}.
content/exercises/exo7/6-L2/AB4A.tex,1,1,missing-question,Le contenu doit contenir au moins une \question{...}.
content/exercises/exo7/6-L2/ACPN.tex,1,1,missing-question,Le contenu doit contenir au moins une \question{...}.
content/exercises/exo7/6-L2/ADbv.tex,1,1,missing-question,Le contenu doit contenir au moins une \question{...}.
content/exercises/exo7/6-L2/AGbd.tex,1,1,missing-question,Le contenu doit contenir au moins une \question{...}.
content/exercises/exo7/6-L2/AX00.tex,1,1,missing-question,Le contenu doit contenir au moins une \question{...}.
content/exercises/exo7/6-L2/AdEa.tex,1,1,missing-question,Le contenu doit contenir au moins une \question{...}.
content/exercises/exo7/6-L2/Ak8J.tex,15,1,malformed-command,La commande \contenu{...} n'est pas fermée correctement.
content/exercises/exo7/6-L2/Ak8J.tex,20,11,malformed-command,La commande \question{...} n'est pas fermée correctement.
content/exercises/exo7/6-L2/Ak8J.tex,28,11,malformed-command,La commande \question{...} n'est pas fermée correctement.
content/exercises/exo7/6-L2/Ak8J.tex,37,11,malformed-command,La commande \question{...} n'est pas fermée correctement.
content/exercises/exo7/6-L2/Ak8J.tex,47,11,malformed-command,La commande \question{...} n'est pas fermée correctement.
content/exercises/exo7/6-L2/Ak8J.tex,56,11,malformed-command,La commande \question{...} n'est pas fermée correctement.
content/exercises/exo7/6-L2/Ak8J.tex,65,11,malformed-command,La commande \question{...} n'est pas fermée correctement.
content/exercises/exo7/6-L2/Ak8J.tex,76,11,malformed-command,La commande \question{...} n'est pas fermée correctement.
content/exercises/exo7/6-L2/Ak8J.tex,84,11,malformed-command,La commande \question{...} n'est pas fermée correctement.
content/exercises/exo7/6-L2/Ak8J.tex,92,11,malformed-command,La commande \question{...} n'est pas fermée correctement.
content/exercises/exo7/6-L2/Ak8J.tex,100,11,malformed-command,La commande \question{...} n'est pas fermée correctement.
content/exercises/exo7/6-L2/ApUI.tex,1,1,missing-question,Le contenu doit contenir au moins une \question{...}.
content/exercises/exo7/6-L2/Arjp.tex,1,1,missing-question,Le contenu doit contenir au moins une \question{...}.
content/exercises/exo7/6-L2/BYVk.tex,1,1,missing-question,Le contenu doit contenir au moins une \question{...}.
content/exercises/exo7/6-L2/BdaZ.tex,1,1,missing-question,Le contenu doit contenir au moins une \question{...}.
content/exercises/exo7/6-L2/Bruf.tex,1,1,missing-question,Le contenu doit contenir au moins une \question{...}.
content/exercises/exo7/6-L2/BtZ8.tex,1,1,missing-question,Le contenu doit contenir au moins une \question{...}.
content/exercises/exo7/6-L2/C2Uc.tex,1,1,missing-question,Le contenu doit contenir au moins une \question{...}.
content/exercises/exo7/6-L2/C5gB.tex,1,1,missing-question,Le contenu doit contenir au moins une \question{...}.
content/exercises/exo7/6-L2/C7Ni.tex,1,1,missing-question,Le contenu doit contenir au moins une \question{...}.
content/exercises/exo7/6-L2/CGPZ.tex,1,1,missing-question,Le contenu doit contenir au moins une \question{...}.
content/exercises/exo7/6-L2/CHmT.tex,1,1,missing-question,Le contenu doit contenir au moins une \question{...}.
content/exercises/exo7/6-L2/CLWd.tex,1,1,missing-question,Le contenu doit contenir au moins une \question{...}.
content/exercises/exo7/6-L2/CmGe.tex,1,1,missing-question,Le contenu doit contenir au moins une \question{...}.
content/exercises/exo7/6-L2/CmGe.tex,15,1,malformed-command,La commande \contenu{...} n'est pas fermée correctement.
content/exercises/exo7/6-L2/D2sY.tex,1,1,missing-question,Le contenu doit contenir au moins une \question{...}.
content/exercises/exo7/6-L2/D4OC.tex,1,1,missing-question,Le contenu doit contenir au moins une \question{...}.
content/exercises/exo7/6-L2/D5D5.tex,1,1,missing-question,Le contenu doit contenir au moins une \question{...}.
content/exercises/exo7/6-L2/D7UV.tex,1,1,missing-question,Le contenu doit contenir au moins une \question{...}.
content/exercises/exo7/6-L2/DM8n.tex,1,1,missing-question,Le contenu doit contenir au moins une \question{...}.
content/exercises/exo7/6-L2/DMIO.tex,1,1,missing-question,Le contenu doit contenir au moins une \question{...}.
content/exercises/exo7/6-L2/DPjZ.tex,1,1,missing-question,Le contenu doit contenir au moins une \question{...}.
content/exercises/exo7/6-L2/DRx4.tex,1,1,missing-question,Le contenu doit contenir au moins une \question{...}.
content/exercises/exo7/6-L2/DSjx.tex,1,1,missing-question,Le contenu doit contenir au moins une \question{...}.
content/exercises/exo7/6-L2/DV2d.tex,1,1,missing-question,Le contenu doit contenir au moins une \question{...}.
content/exercises/exo7/6-L2/DiMs.tex,1,1,missing-question,Le contenu doit contenir au moins une \question{...}.
content/exercises/exo7/6-L2/Dimq.tex,15,1,malformed-command,La commande \contenu{...} n'est pas fermée correctement.
content/exercises/exo7/6-L2/DivD.tex,1,1,missing-question,Le contenu doit contenir au moins une \question{...}.
content/exercises/exo7/6-L2/Du9L.tex,1,1,missing-question,Le contenu doit contenir au moins une \question{...}.
content/exercises/exo7/6-L2/E5aR.tex,1,1,missing-question,Le contenu doit contenir au moins une \question{...}.
content/exercises/exo7/6-L2/EDSt.tex,1,1,missing-question,Le contenu doit contenir au moins une \question{...}.
content/exercises/exo7/6-L2/ESgo.tex,1,1,missing-question,Le contenu doit contenir au moins une \question{...}.
content/exercises/exo7/6-L2/EVCx.tex,15,1,malformed-command,La commande \contenu{...} n'est pas fermée correctement.
content/exercises/exo7/6-L2/EayP.tex,1,1,missing-question,Le contenu doit contenir au moins une \question{...}.
content/exercises/exo7/6-L2/Ebdm.tex,1,1,missing-question,Le contenu doit contenir au moins une \question{...}.
content/exercises/exo7/6-L2/F7GJ.tex,1,1,missing-question,Le contenu doit contenir au moins une \question{...}.
content/exercises/exo7/6-L2/FODt.tex,1,1,missing-question,Le contenu doit contenir au moins une \question{...}.
content/exercises/exo7/6-L2/FZZl.tex,1,1,missing-question,Le contenu doit contenir au moins une \question{...}.
content/exercises/exo7/6-L2/FatY.tex,1,1,missing-question,Le contenu doit contenir au moins une \question{...}.
content/exercises/exo7/6-L2/FatY.tex,15,1,malformed-command,La commande \contenu{...} n'est pas fermée correctement.
content/exercises/exo7/6-L2/FbB4.tex,1,1,missing-question,Le contenu doit contenir au moins une \question{...}.
content/exercises/exo7/6-L2/FbQ9.tex,1,1,missing-question,Le contenu doit contenir au moins une \question{...}.
content/exercises/exo7/6-L2/Fiug.tex,15,1,malformed-command,La commande \contenu{...} n'est pas fermée correctement.
content/exercises/exo7/6-L2/G6dg.tex,1,1,missing-question,Le contenu doit contenir au moins une \question{...}.
content/exercises/exo7/6-L2/G79Z.tex,1,1,missing-question,Le contenu doit contenir au moins une \question{...}.
content/exercises/exo7/6-L2/GByh.tex,1,1,missing-question,Le contenu doit contenir au moins une \question{...}.
content/exercises/exo7/6-L2/GHkW.tex,1,1,missing-question,Le contenu doit contenir au moins une \question{...}.
content/exercises/exo7/6-L2/GXTc.tex,1,1,missing-question,Le contenu doit contenir au moins une \question{...}.
content/exercises/exo7/6-L2/Ga24.tex,1,1,missing-question,Le contenu doit contenir au moins une \question{...}.
content/exercises/exo7/6-L2/Gn8n.tex,1,1,missing-question,Le contenu doit contenir au moins une \question{...}.
content/exercises/exo7/6-L2/Gpta.tex,1,1,missing-question,Le contenu doit contenir au moins une \question{...}.
content/exercises/exo7/6-L2/GqY3.tex,1,1,missing-question,Le contenu doit contenir au moins une \question{...}.
content/exercises/exo7/6-L2/GxfQ.tex,1,1,missing-question,Le contenu doit contenir au moins une \question{...}.
content/exercises/exo7/6-L2/HD8C.tex,1,1,missing-question,Le contenu doit contenir au moins une \question{...}.
content/exercises/exo7/6-L2/HSiH.tex,1,1,missing-question,Le contenu doit contenir au moins une \question{...}.
content/exercises/exo7/6-L2/HYZs.tex,1,1,missing-question,Le contenu doit contenir au moins une \question{...}.
content/exercises/exo7/6-L2/HkGj.tex,1,1,missing-question,Le contenu doit contenir au moins une \question{...}.
content/exercises/exo7/6-L2/I2ta.tex,1,1,missing-question,Le contenu doit contenir au moins une \question{...}.
content/exercises/exo7/6-L2/IH6p.tex,1,1,missing-question,Le contenu doit contenir au moins une \question{...}.
content/exercises/exo7/6-L2/Idrc.tex,1,1,missing-question,Le contenu doit contenir au moins une \question{...}.
content/exercises/exo7/6-L2/IqZp.tex,1,1,missing-question,Le contenu doit contenir au moins une \question{...}.
content/exercises/exo7/6-L2/IsM7.tex,1,1,missing-question,Le contenu doit contenir au moins une \question{...}.
content/exercises/exo7/6-L2/IyP3.tex,1,1,missing-question,Le contenu doit contenir au moins une \question{...}.
content/exercises/exo7/6-L2/Jac8.tex,1,1,missing-question,Le contenu doit contenir au moins une \question{...}.
content/exercises/exo7/6-L2/Jil8.tex,1,1,missing-question,Le contenu doit contenir au moins une \question{...}.
content/exercises/exo7/6-L2/JnBb.tex,1,1,missing-question,Le contenu doit contenir au moins une \question{...}.
content/exercises/exo7/6-L2/JspF.tex,1,1,missing-question,Le contenu doit contenir au moins une \question{...}.
content/exercises/exo7/6-L2/JspF.tex,15,1,malformed-command,La commande \contenu{...} n'est pas fermée correctement.
content/exercises/exo7/6-L2/JxOu.tex,1,1,missing-question,Le contenu doit contenir au moins une \question{...}.
content/exercises/exo7/6-L2/K1hA.tex,1,1,missing-question,Le contenu doit contenir au moins une \question{...}.
content/exercises/exo7/6-L2/K7fn.tex,1,1,missing-question,Le contenu doit contenir au moins une \question{...}.
content/exercises/exo7/6-L2/KE7m.tex,1,1,missing-question,Le contenu doit contenir au moins une \question{...}.
content/exercises/exo7/6-L2/KFsN.tex,1,1,missing-question,Le contenu doit contenir au moins une \question{...}.
content/exercises/exo7/6-L2/KIHs.tex,1,1,missing-question,Le contenu doit contenir au moins une \question{...}.
content/exercises/exo7/6-L2/KIHy.tex,1,1,missing-question,Le contenu doit contenir au moins une \question{...}.
content/exercises/exo7/6-L2/KXTm.tex,1,1,missing-question,Le contenu doit contenir au moins une \question{...}.
content/exercises/exo7/6-L2/KgTS.tex,1,1,missing-question,Le contenu doit contenir au moins une \question{...}.
content/exercises/exo7/6-L2/KuxP.tex,1,1,missing-question,Le contenu doit contenir au moins une \question{...}.
content/exercises/exo7/6-L2/Kvqa.tex,1,1,missing-question,Le contenu doit contenir au moins une \question{...}.
content/exercises/exo7/6-L2/L3ss.tex,1,1,missing-question,Le contenu doit contenir au moins une \question{...}.
content/exercises/exo7/6-L2/L6nv.tex,1,1,missing-question,Le contenu doit contenir au moins une \question{...}.
content/exercises/exo7/6-L2/LA3y.tex,1,1,missing-question,Le contenu doit contenir au moins une \question{...}.
content/exercises/exo7/6-L2/LcjB.tex,1,1,missing-question,Le contenu doit contenir au moins une \question{...}.
content/exercises/exo7/6-L2/LfKK.tex,1,1,missing-question,Le contenu doit contenir au moins une \question{...}.
content/exercises/exo7/6-L2/Lxda.tex,1,1,missing-question,Le contenu doit contenir au moins une \question{...}.
content/exercises/exo7/6-L2/M1T3.tex,1,1,missing-question,Le contenu doit contenir au moins une \question{...}.
content/exercises/exo7/6-L2/MAlm.tex,1,1,missing-question,Le contenu doit contenir au moins une \question{...}.
content/exercises/exo7/6-L2/MBON.tex,1,1,missing-question,Le contenu doit contenir au moins une \question{...}.
content/exercises/exo7/6-L2/MJtD.tex,1,1,missing-question,Le contenu doit contenir au moins une \question{...}.
content/exercises/exo7/6-L2/MRwA.tex,1,1,missing-question,Le contenu doit contenir au moins une \question{...}.
content/exercises/exo7/6-L2/MZby.tex,1,1,missing-question,Le contenu doit contenir au moins une \question{...}.
content/exercises/exo7/6-L2/Mfbe.tex,1,1,missing-question,Le contenu doit contenir au moins une \question{...}.
content/exercises/exo7/6-L2/MtWS.tex,1,1,missing-question,Le contenu doit contenir au moins une \question{...}.
content/exercises/exo7/6-L2/N0bH.tex,1,1,missing-question,Le contenu doit contenir au moins une \question{...}.
content/exercises/exo7/6-L2/N5Fg.tex,1,1,missing-question,Le contenu doit contenir au moins une \question{...}.
content/exercises/exo7/6-L2/NDeY.tex,1,1,missing-question,Le contenu doit contenir au moins une \question{...}.
content/exercises/exo7/6-L2/NDns.tex,1,1,missing-question,Le contenu doit contenir au moins une \question{...}.
content/exercises/exo7/6-L2/NPNl.tex,1,1,missing-question,Le contenu doit contenir au moins une \question{...}.
content/exercises/exo7/6-L2/NTEA.tex,1,1,missing-question,Le contenu doit contenir au moins une \question{...}.
content/exercises/exo7/6-L2/NTJm.tex,1,1,missing-question,Le contenu doit contenir au moins une \question{...}.
content/exercises/exo7/6-L2/NV86.tex,1,1,missing-question,Le contenu doit contenir au moins une \question{...}.
content/exercises/exo7/6-L2/NctK.tex,1,1,missing-question,Le contenu doit contenir au moins une \question{...}.
content/exercises/exo7/6-L2/Nkok.tex,1,1,missing-question,Le contenu doit contenir au moins une \question{...}.
content/exercises/exo7/6-L2/NpGd.tex,1,1,missing-question,Le contenu doit contenir au moins une \question{...}.
content/exercises/exo7/6-L2/O11B.tex,1,1,missing-question,Le contenu doit contenir au moins une \question{...}.
content/exercises/exo7/6-L2/O2jD.tex,1,1,missing-question,Le contenu doit contenir au moins une \question{...}.
content/exercises/exo7/6-L2/OI8o.tex,1,1,missing-question,Le contenu doit contenir au moins une \question{...}.
content/exercises/exo7/6-L2/OQl7.tex,1,1,missing-question,Le contenu doit contenir au moins une \question{...}.
content/exercises/exo7/6-L2/Oa44.tex,1,1,missing-question,Le contenu doit contenir au moins une \question{...}.
content/exercises/exo7/6-L2/Ocf5.tex,1,1,missing-question,Le contenu doit contenir au moins une \question{...}.
content/exercises/exo7/6-L2/Odbo.tex,1,1,missing-question,Le contenu doit contenir au moins une \question{...}.
content/exercises/exo7/6-L2/Oeht.tex,1,1,missing-question,Le contenu doit contenir au moins une \question{...}.
content/exercises/exo7/6-L2/OytP.tex,1,1,missing-question,Le contenu doit contenir au moins une \question{...}.
content/exercises/exo7/6-L2/PAM9.tex,1,1,missing-question,Le contenu doit contenir au moins une \question{...}.
content/exercises/exo7/6-L2/PG0b.tex,1,1,missing-question,Le contenu doit contenir au moins une \question{...}.
content/exercises/exo7/6-L2/PNby.tex,1,1,missing-question,Le contenu doit contenir au moins une \question{...}.
content/exercises/exo7/6-L2/PUwr.tex,1,1,missing-question,Le contenu doit contenir au moins une \question{...}.
content/exercises/exo7/6-L2/PWQc.tex,1,1,missing-question,Le contenu doit contenir au moins une \question{...}.
content/exercises/exo7/6-L2/PlLI.tex,1,1,missing-question,Le contenu doit contenir au moins une \question{...}.
content/exercises/exo7/6-L2/PrSU.tex,1,1,missing-question,Le contenu doit contenir au moins une \question{...}.
content/exercises/exo7/6-L2/Q3Iy.tex,1,1,missing-question,Le contenu doit contenir au moins une \question{...}.
content/exercises/exo7/6-L2/Q5jW.tex,1,1,missing-question,Le contenu doit contenir au moins une \question{...}.
content/exercises/exo7/6-L2/QFz1.tex,1,1,missing-question,Le contenu doit contenir au moins une \question{...}.
content/exercises/exo7/6-L2/QQOK.tex,1,1,missing-question,Le contenu doit contenir au moins une \question{...}.
content/exercises/exo7/6-L2/QSu9.tex,1,1,missing-question,Le contenu doit contenir au moins une \question{...}.
content/exercises/exo7/6-L2/Qbu0.tex,1,1,missing-question,Le contenu doit contenir au moins une \question{...}.
content/exercises/exo7/6-L2/Qe5y.tex,1,1,missing-question,Le contenu doit contenir au moins une \question{...}.
content/exercises/exo7/6-L2/QlOq.tex,1,1,missing-question,Le contenu doit contenir au moins une \question{...}.
content/exercises/exo7/6-L2/QqyZ.tex,1,1,missing-question,Le contenu doit contenir au moins une \question{...}.
content/exercises/exo7/6-L2/QuGI.tex,1,1,missing-question,Le contenu doit contenir au moins une \question{...}.
content/exercises/exo7/6-L2/Qw1o.tex,1,1,missing-question,Le contenu doit contenir au moins une \question{...}.
content/exercises/exo7/6-L2/Qwde.tex,1,1,missing-question,Le contenu doit contenir au moins une \question{...}.
content/exercises/exo7/6-L2/RDfg.tex,1,1,missing-question,Le contenu doit contenir au moins une \question{...}.
content/exercises/exo7/6-L2/RRKA.tex,1,1,missing-question,Le contenu doit contenir au moins une \question{...}.
content/exercises/exo7/6-L2/RXbd.tex,1,1,missing-question,Le contenu doit contenir au moins une \question{...}.
content/exercises/exo7/6-L2/RddA.tex,1,1,missing-question,Le contenu doit contenir au moins une \question{...}.
content/exercises/exo7/6-L2/Rn1r.tex,1,1,missing-question,Le contenu doit contenir au moins une \question{...}.
content/exercises/exo7/6-L2/RrAz.tex,1,1,missing-question,Le contenu doit contenir au moins une \question{...}.
content/exercises/exo7/6-L2/RtEm.tex,1,1,missing-question,Le contenu doit contenir au moins une \question{...}.
content/exercises/exo7/6-L2/S9Rh.tex,1,1,missing-question,Le contenu doit contenir au moins une \question{...}.
content/exercises/exo7/6-L2/SCM0.tex,1,1,missing-question,Le contenu doit contenir au moins une \question{...}.
content/exercises/exo7/6-L2/SCYB.tex,1,1,missing-question,Le contenu doit contenir au moins une \question{...}.
content/exercises/exo7/6-L2/SGnO.tex,1,1,missing-question,Le contenu doit contenir au moins une \question{...}.
content/exercises/exo7/6-L2/SQ1r.tex,1,1,missing-question,Le contenu doit contenir au moins une \question{...}.
content/exercises/exo7/6-L2/SU23.tex,1,1,missing-question,Le contenu doit contenir au moins une \question{...}.
content/exercises/exo7/6-L2/SiLh.tex,1,1,missing-question,Le contenu doit contenir au moins une \question{...}.
content/exercises/exo7/6-L2/SmyO.tex,1,1,missing-question,Le contenu doit contenir au moins une \question{...}.
content/exercises/exo7/6-L2/Szcj.tex,1,1,missing-question,Le contenu doit contenir au moins une \question{...}.
content/exercises/exo7/6-L2/TAml.tex,1,1,missing-question,Le contenu doit contenir au moins une \question{...}.
content/exercises/exo7/6-L2/TDbE.tex,1,1,missing-question,Le contenu doit contenir au moins une \question{...}.
content/exercises/exo7/6-L2/TMvM.tex,1,1,missing-question,Le contenu doit contenir au moins une \question{...}.
content/exercises/exo7/6-L2/TS3h.tex,1,1,missing-question,Le contenu doit contenir au moins une \question{...}.
content/exercises/exo7/6-L2/Ta23.tex,1,1,missing-question,Le contenu doit contenir au moins une \question{...}.
content/exercises/exo7/6-L2/Tbdq.tex,1,1,missing-question,Le contenu doit contenir au moins une \question{...}.
content/exercises/exo7/6-L2/TjxP.tex,1,1,missing-question,Le contenu doit contenir au moins une \question{...}.
content/exercises/exo7/6-L2/Txas.tex,1,1,missing-question,Le contenu doit contenir au moins une \question{...}.
content/exercises/exo7/6-L2/U4pi.tex,1,1,missing-question,Le contenu doit contenir au moins une \question{...}.
content/exercises/exo7/6-L2/U5NL.tex,1,1,missing-question,Le contenu doit contenir au moins une \question{...}.
content/exercises/exo7/6-L2/U6fY.tex,1,1,missing-question,Le contenu doit contenir au moins une \question{...}.
content/exercises/exo7/6-L2/UDKj.tex,1,1,missing-question,Le contenu doit contenir au moins une \question{...}.
content/exercises/exo7/6-L2/UFmc.tex,1,1,missing-question,Le contenu doit contenir au moins une \question{...}.
content/exercises/exo7/6-L2/UJEU.tex,1,1,missing-question,Le contenu doit contenir au moins une \question{...}.
content/exercises/exo7/6-L2/UKs6.tex,1,1,missing-question,Le contenu doit contenir au moins une \question{...}.
content/exercises/exo7/6-L2/UKuS.tex,1,1,missing-question,Le contenu doit contenir au moins une \question{...}.
content/exercises/exo7/6-L2/UZxg.tex,15,1,malformed-command,La commande \contenu{...} n'est pas fermée correctement.
content/exercises/exo7/6-L2/UdqT.tex,1,1,missing-question,Le contenu doit contenir au moins une \question{...}.
content/exercises/exo7/6-L2/UlaV.tex,1,1,missing-question,Le contenu doit contenir au moins une \question{...}.
content/exercises/exo7/6-L2/Updx.tex,1,1,missing-question,Le contenu doit contenir au moins une \question{...}.
content/exercises/exo7/6-L2/UqQ1.tex,1,1,missing-question,Le contenu doit contenir au moins une \question{...}.
content/exercises/exo7/6-L2/UrUL.tex,1,1,missing-question,Le contenu doit contenir au moins une \question{...}.
content/exercises/exo7/6-L2/UwZM.tex,1,1,missing-question,Le contenu doit contenir au moins une \question{...}.
content/exercises/exo7/6-L2/UxfU.tex,1,1,missing-question,Le contenu doit contenir au moins une \question{...}.
content/exercises/exo7/6-L2/VA9B.tex,1,1,missing-question,Le contenu doit contenir au moins une \question{...}.
content/exercises/exo7/6-L2/VQRG.tex,1,1,missing-question,Le contenu doit contenir au moins une \question{...}.
content/exercises/exo7/6-L2/VUn6.tex,1,1,missing-question,Le contenu doit contenir au moins une \question{...}.
content/exercises/exo7/6-L2/VWj4.tex,1,1,missing-question,Le contenu doit contenir au moins une \question{...}.
content/exercises/exo7/6-L2/VlB1.tex,1,1,missing-question,Le contenu doit contenir au moins une \question{...}.
content/exercises/exo7/6-L2/VvuP.tex,1,1,missing-question,Le contenu doit contenir au moins une \question{...}.
content/exercises/exo7/6-L2/VxSV.tex,1,1,missing-question,Le contenu doit contenir au moins une \question{...}.
content/exercises/exo7/6-L2/W2IL.tex,1,1,missing-question,Le contenu doit contenir au moins une \question{...}.
content/exercises/exo7/6-L2/WCLh.tex,1,1,missing-question,Le contenu doit contenir au moins une \question{...}.
content/exercises/exo7/6-L2/WHLU.tex,1,1,missing-question,Le contenu doit contenir au moins une \question{...}.
content/exercises/exo7/6-L2/WQiX.tex,1,1,missing-question,Le contenu doit contenir au moins une \question{...}.
content/exercises/exo7/6-L2/WYoV.tex,1,1,missing-question,Le contenu doit contenir au moins une \question{...}.
content/exercises/exo7/6-L2/WgB8.tex,1,1,missing-question,Le contenu doit contenir au moins une \question{...}.
content/exercises/exo7/6-L2/X0Vd.tex,1,1,missing-question,Le contenu doit contenir au moins une \question{...}.
content/exercises/exo7/6-L2/XRNS.tex,1,1,missing-question,Le contenu doit contenir au moins une \question{...}.
content/exercises/exo7/6-L2/XSDp.tex,1,1,missing-question,Le contenu doit contenir au moins une \question{...}.
content/exercises/exo7/6-L2/Xf7g.tex,1,1,missing-question,Le contenu doit contenir au moins une \question{...}.
content/exercises/exo7/6-L2/Xir8.tex,1,1,missing-question,Le contenu doit contenir au moins une \question{...}.
content/exercises/exo7/6-L2/Y0PJ.tex,1,1,missing-question,Le contenu doit contenir au moins une \question{...}.
content/exercises/exo7/6-L2/Y9OX.tex,1,1,missing-question,Le contenu doit contenir au moins une \question{...}.
content/exercises/exo7/6-L2/YFfJ.tex,1,1,missing-question,Le contenu doit contenir au moins une \question{...}.
content/exercises/exo7/6-L2/YGMn.tex,1,1,missing-question,Le contenu doit contenir au moins une \question{...}.
content/exercises/exo7/6-L2/YTbJ.tex,1,1,missing-question,Le contenu doit contenir au moins une \question{...}.
content/exercises/exo7/6-L2/YXnq.tex,1,1,missing-question,Le contenu doit contenir au moins une \question{...}.
content/exercises/exo7/6-L2/ZDhj.tex,1,1,missing-question,Le contenu doit contenir au moins une \question{...}.
content/exercises/exo7/6-L2/ZIPv.tex,1,1,missing-question,Le contenu doit contenir au moins une \question{...}.
content/exercises/exo7/6-L2/ZJGb.tex,1,1,missing-question,Le contenu doit contenir au moins une \question{...}.
content/exercises/exo7/6-L2/ZOH5.tex,1,1,missing-question,Le contenu doit contenir au moins une \question{...}.
content/exercises/exo7/6-L2/ZflC.tex,1,1,missing-question,Le contenu doit contenir au moins une \question{...}.
content/exercises/exo7/6-L2/ZlWD.tex,1,1,missing-question,Le contenu doit contenir au moins une \question{...}.
content/exercises/exo7/6-L2/ZtAE.tex,1,1,missing-question,Le contenu doit contenir au moins une \question{...}.
content/exercises/exo7/6-L2/ZvhB.tex,1,1,missing-question,Le contenu doit contenir au moins une \question{...}.
content/exercises/exo7/6-L2/aNdK.tex,1,1,missing-question,Le contenu doit contenir au moins une \question{...}.
content/exercises/exo7/6-L2/aQXL.tex,15,1,malformed-command,La commande \contenu{...} n'est pas fermée correctement.
content/exercises/exo7/6-L2/arFw.tex,1,1,missing-question,Le contenu doit contenir au moins une \question{...}.
content/exercises/exo7/6-L2/aszy.tex,1,1,missing-question,Le contenu doit contenir au moins une \question{...}.
content/exercises/exo7/6-L2/b06M.tex,1,1,missing-question,Le contenu doit contenir au moins une \question{...}.
content/exercises/exo7/6-L2/b4Yd.tex,1,1,missing-question,Le contenu doit contenir au moins une \question{...}.
content/exercises/exo7/6-L2/bsRf.tex,1,1,missing-question,Le contenu doit contenir au moins une \question{...}.
content/exercises/exo7/6-L2/buVG.tex,1,1,missing-question,Le contenu doit contenir au moins une \question{...}.
content/exercises/exo7/6-L2/c3Zx.tex,1,1,missing-question,Le contenu doit contenir au moins une \question{...}.
content/exercises/exo7/6-L2/cERx.tex,1,1,missing-question,Le contenu doit contenir au moins une \question{...}.
content/exercises/exo7/6-L2/cMyP.tex,1,1,missing-question,Le contenu doit contenir au moins une \question{...}.
content/exercises/exo7/6-L2/cP7w.tex,1,1,missing-question,Le contenu doit contenir au moins une \question{...}.
content/exercises/exo7/6-L2/cYG6.tex,1,1,missing-question,Le contenu doit contenir au moins une \question{...}.
content/exercises/exo7/6-L2/cdy7.tex,1,1,missing-question,Le contenu doit contenir au moins une \question{...}.
content/exercises/exo7/6-L2/ciGf.tex,1,1,missing-question,Le contenu doit contenir au moins une \question{...}.
content/exercises/exo7/6-L2/cqFq.tex,15,1,malformed-command,La commande \contenu{...} n'est pas fermée correctement.
content/exercises/exo7/6-L2/cy5Y.tex,1,1,missing-question,Le contenu doit contenir au moins une \question{...}.
content/exercises/exo7/6-L2/cyLv.tex,1,1,missing-question,Le contenu doit contenir au moins une \question{...}.
content/exercises/exo7/6-L2/d0zw.tex,1,1,missing-question,Le contenu doit contenir au moins une \question{...}.
content/exercises/exo7/6-L2/d5ok.tex,1,1,missing-question,Le contenu doit contenir au moins une \question{...}.
content/exercises/exo7/6-L2/d5pW.tex,1,1,missing-question,Le contenu doit contenir au moins une \question{...}.
content/exercises/exo7/6-L2/dAnw.tex,1,1,missing-question,Le contenu doit contenir au moins une \question{...}.
content/exercises/exo7/6-L2/df0S.tex,1,1,missing-question,Le contenu doit contenir au moins une \question{...}.
content/exercises/exo7/6-L2/dkYm.tex,1,1,missing-question,Le contenu doit contenir au moins une \question{...}.
content/exercises/exo7/6-L2/dnVY.tex,1,1,missing-question,Le contenu doit contenir au moins une \question{...}.
content/exercises/exo7/6-L2/dtx0.tex,15,1,malformed-command,La commande \contenu{...} n'est pas fermée correctement.
content/exercises/exo7/6-L2/dwQ1.tex,1,1,missing-question,Le contenu doit contenir au moins une \question{...}.
content/exercises/exo7/6-L2/enM7.tex,1,1,missing-question,Le contenu doit contenir au moins une \question{...}.
content/exercises/exo7/6-L2/ena0.tex,1,1,missing-question,Le contenu doit contenir au moins une \question{...}.
content/exercises/exo7/6-L2/eo6K.tex,15,1,malformed-command,La commande \contenu{...} n'est pas fermée correctement.
content/exercises/exo7/6-L2/eo6K.tex,20,11,malformed-command,La commande \question{...} n'est pas fermée correctement.
content/exercises/exo7/6-L2/eo6K.tex,33,11,malformed-command,La commande \question{...} n'est pas fermée correctement.
content/exercises/exo7/6-L2/eo6K.tex,44,11,malformed-command,La commande \question{...} n'est pas fermée correctement.
content/exercises/exo7/6-L2/eo6K.tex,56,11,malformed-command,La commande \question{...} n'est pas fermée correctement.
content/exercises/exo7/6-L2/f6Rb.tex,1,1,missing-question,Le contenu doit contenir au moins une \question{...}.
content/exercises/exo7/6-L2/fAon.tex,1,1,missing-question,Le contenu doit contenir au moins une \question{...}.
content/exercises/exo7/6-L2/fGWv.tex,1,1,missing-question,Le contenu doit contenir au moins une \question{...}.
content/exercises/exo7/6-L2/fRnR.tex,1,1,missing-question,Le contenu doit contenir au moins une \question{...}.
content/exercises/exo7/6-L2/fWR0.tex,1,1,missing-question,Le contenu doit contenir au moins une \question{...}.
content/exercises/exo7/6-L2/fdBW.tex,1,1,missing-question,Le contenu doit contenir au moins une \question{...}.
content/exercises/exo7/6-L2/fdKm.tex,1,1,missing-question,Le contenu doit contenir au moins une \question{...}.
content/exercises/exo7/6-L2/feRh.tex,15,1,malformed-command,La commande \contenu{...} n'est pas fermée correctement.
content/exercises/exo7/6-L2/fvcZ.tex,1,1,missing-question,Le contenu doit contenir au moins une \question{...}.
content/exercises/exo7/6-L2/gC5n.tex,1,1,missing-question,Le contenu doit contenir au moins une \question{...}.
content/exercises/exo7/6-L2/gIxq.tex,1,1,missing-question,Le contenu doit contenir au moins une \question{...}.
content/exercises/exo7/6-L2/gQKj.tex,1,1,missing-question,Le contenu doit contenir au moins une \question{...}.
content/exercises/exo7/6-L2/gT4j.tex,1,1,missing-question,Le contenu doit contenir au moins une \question{...}.
content/exercises/exo7/6-L2/gTXF.tex,1,1,missing-question,Le contenu doit contenir au moins une \question{...}.
content/exercises/exo7/6-L2/gVJP.tex,1,1,missing-question,Le contenu doit contenir au moins une \question{...}.
content/exercises/exo7/6-L2/gbbw.tex,1,1,missing-question,Le contenu doit contenir au moins une \question{...}.
content/exercises/exo7/6-L2/h6bh.tex,1,1,missing-question,Le contenu doit contenir au moins une \question{...}.
content/exercises/exo7/6-L2/h7Pm.tex,1,1,missing-question,Le contenu doit contenir au moins une \question{...}.
content/exercises/exo7/6-L2/h8Qh.tex,1,1,missing-question,Le contenu doit contenir au moins une \question{...}.
content/exercises/exo7/6-L2/hFWM.tex,1,1,missing-question,Le contenu doit contenir au moins une \question{...}.
content/exercises/exo7/6-L2/hGX7.tex,1,1,missing-question,Le contenu doit contenir au moins une \question{...}.
content/exercises/exo7/6-L2/hOTt.tex,1,1,missing-question,Le contenu doit contenir au moins une \question{...}.
content/exercises/exo7/6-L2/hW6J.tex,1,1,missing-question,Le contenu doit contenir au moins une \question{...}.
content/exercises/exo7/6-L2/hXWm.tex,1,1,missing-question,Le contenu doit contenir au moins une \question{...}.
content/exercises/exo7/6-L2/hfQJ.tex,1,1,missing-question,Le contenu doit contenir au moins une \question{...}.
content/exercises/exo7/6-L2/hgrH.tex,1,1,missing-question,Le contenu doit contenir au moins une \question{...}.
content/exercises/exo7/6-L2/hi27.tex,1,1,missing-question,Le contenu doit contenir au moins une \question{...}.
content/exercises/exo7/6-L2/hrHb.tex,1,1,missing-question,Le contenu doit contenir au moins une \question{...}.
content/exercises/exo7/6-L2/i11y.tex,1,1,missing-question,Le contenu doit contenir au moins une \question{...}.
content/exercises/exo7/6-L2/i8L9.tex,1,1,missing-question,Le contenu doit contenir au moins une \question{...}.
content/exercises/exo7/6-L2/i8hG.tex,1,1,missing-question,Le contenu doit contenir au moins une \question{...}.
content/exercises/exo7/6-L2/iL4x.tex,1,1,missing-question,Le contenu doit contenir au moins une \question{...}.
content/exercises/exo7/6-L2/ikD5.tex,1,1,missing-question,Le contenu doit contenir au moins une \question{...}.
content/exercises/exo7/6-L2/iohc.tex,15,1,malformed-command,La commande \contenu{...} n'est pas fermée correctement.
content/exercises/exo7/6-L2/isjH.tex,1,1,missing-question,Le contenu doit contenir au moins une \question{...}.
content/exercises/exo7/6-L2/ismS.tex,1,1,missing-question,Le contenu doit contenir au moins une \question{...}.
content/exercises/exo7/6-L2/j4BP.tex,1,1,missing-question,Le contenu doit contenir au moins une \question{...}.
content/exercises/exo7/6-L2/j7IE.tex,1,1,missing-question,Le contenu doit contenir au moins une \question{...}.
content/exercises/exo7/6-L2/jEcB.tex,1,1,missing-question,Le contenu doit contenir au moins une \question{...}.
content/exercises/exo7/6-L2/jJoS.tex,1,1,missing-question,Le contenu doit contenir au moins une \question{...}.
content/exercises/exo7/6-L2/jJps.tex,1,1,missing-question,Le contenu doit contenir au moins une \question{...}.
content/exercises/exo7/6-L2/jcpH.tex,1,1,missing-question,Le contenu doit contenir au moins une \question{...}.
content/exercises/exo7/6-L2/jgvH.tex,1,1,missing-question,Le contenu doit contenir au moins une \question{...}.
content/exercises/exo7/6-L2/jpge.tex,15,1,malformed-command,La commande \contenu{...} n'est pas fermée correctement.
content/exercises/exo7/6-L2/jy0a.tex,1,1,missing-question,Le contenu doit contenir au moins une \question{...}.
content/exercises/exo7/6-L2/kC9F.tex,1,1,missing-question,Le contenu doit contenir au moins une \question{...}.
content/exercises/exo7/6-L2/kLEW.tex,1,1,missing-question,Le contenu doit contenir au moins une \question{...}.
content/exercises/exo7/6-L2/kk4y.tex,1,1,missing-question,Le contenu doit contenir au moins une \question{...}.
content/exercises/exo7/6-L2/lHwt.tex,1,1,missing-question,Le contenu doit contenir au moins une \question{...}.
content/exercises/exo7/6-L2/lMbg.tex,1,1,missing-question,Le contenu doit contenir au moins une \question{...}.
content/exercises/exo7/6-L2/lRCy.tex,1,1,missing-question,Le contenu doit contenir au moins une \question{...}.
content/exercises/exo7/6-L2/lXmb.tex,1,1,missing-question,Le contenu doit contenir au moins une \question{...}.
content/exercises/exo7/6-L2/lg9p.tex,1,1,missing-question,Le contenu doit contenir au moins une \question{...}.
content/exercises/exo7/6-L2/loRY.tex,1,1,missing-question,Le contenu doit contenir au moins une \question{...}.
content/exercises/exo7/6-L2/lql5.tex,1,1,missing-question,Le contenu doit contenir au moins une \question{...}.
content/exercises/exo7/6-L2/lvmO.tex,1,1,missing-question,Le contenu doit contenir au moins une \question{...}.
content/exercises/exo7/6-L2/m2Ch.tex,1,1,missing-question,Le contenu doit contenir au moins une \question{...}.
content/exercises/exo7/6-L2/m8Tv.tex,1,1,missing-question,Le contenu doit contenir au moins une \question{...}.
content/exercises/exo7/6-L2/mFjR.tex,1,1,missing-question,Le contenu doit contenir au moins une \question{...}.
content/exercises/exo7/6-L2/mIu8.tex,1,1,missing-question,Le contenu doit contenir au moins une \question{...}.
content/exercises/exo7/6-L2/mcqM.tex,1,1,missing-question,Le contenu doit contenir au moins une \question{...}.
content/exercises/exo7/6-L2/mqHl.tex,1,1,missing-question,Le contenu doit contenir au moins une \question{...}.
content/exercises/exo7/6-L2/mr4E.tex,1,1,missing-question,Le contenu doit contenir au moins une \question{...}.
content/exercises/exo7/6-L2/mzqQ.tex,1,1,missing-question,Le contenu doit contenir au moins une \question{...}.
content/exercises/exo7/6-L2/nM8f.tex,1,1,missing-question,Le contenu doit contenir au moins une \question{...}.
content/exercises/exo7/6-L2/nUcr.tex,1,1,missing-question,Le contenu doit contenir au moins une \question{...}.
content/exercises/exo7/6-L2/nVkc.tex,1,1,missing-question,Le contenu doit contenir au moins une \question{...}.
content/exercises/exo7/6-L2/nirD.tex,1,1,missing-question,Le contenu doit contenir au moins une \question{...}.
content/exercises/exo7/6-L2/nrSA.tex,1,1,missing-question,Le contenu doit contenir au moins une \question{...}.
content/exercises/exo7/6-L2/nrjj.tex,1,1,missing-question,Le contenu doit contenir au moins une \question{...}.
content/exercises/exo7/6-L2/ntZ8.tex,1,1,missing-question,Le contenu doit contenir au moins une \question{...}.
content/exercises/exo7/6-L2/ntZk.tex,1,1,missing-question,Le contenu doit contenir au moins une \question{...}.
content/exercises/exo7/6-L2/o0RQ.tex,1,1,missing-question,Le contenu doit contenir au moins une \question{...}.
content/exercises/exo7/6-L2/o1At.tex,1,1,missing-question,Le contenu doit contenir au moins une \question{...}.
content/exercises/exo7/6-L2/oEhO.tex,1,1,missing-question,Le contenu doit contenir au moins une \question{...}.
content/exercises/exo7/6-L2/oaC1.tex,1,1,missing-question,Le contenu doit contenir au moins une \question{...}.
content/exercises/exo7/6-L2/odPL.tex,1,1,missing-question,Le contenu doit contenir au moins une \question{...}.
content/exercises/exo7/6-L2/oic7.tex,1,1,missing-question,Le contenu doit contenir au moins une \question{...}.
content/exercises/exo7/6-L2/okPH.tex,1,1,missing-question,Le contenu doit contenir au moins une \question{...}.
content/exercises/exo7/6-L2/olXW.tex,1,1,missing-question,Le contenu doit contenir au moins une \question{...}.
content/exercises/exo7/6-L2/oyFX.tex,1,1,missing-question,Le contenu doit contenir au moins une \question{...}.
content/exercises/exo7/6-L2/pBE3.tex,1,1,missing-question,Le contenu doit contenir au moins une \question{...}.
content/exercises/exo7/6-L2/pBKQ.tex,1,1,missing-question,Le contenu doit contenir au moins une \question{...}.
content/exercises/exo7/6-L2/pS2N.tex,1,1,missing-question,Le contenu doit contenir au moins une \question{...}.
content/exercises/exo7/6-L2/pYTz.tex,1,1,missing-question,Le contenu doit contenir au moins une \question{...}.
content/exercises/exo7/6-L2/pfqd.tex,1,1,missing-question,Le contenu doit contenir au moins une \question{...}.
content/exercises/exo7/6-L2/plYh.tex,1,1,missing-question,Le contenu doit contenir au moins une \question{...}.
content/exercises/exo7/6-L2/pmB7.tex,1,1,missing-question,Le contenu doit contenir au moins une \question{...}.
content/exercises/exo7/6-L2/po8r.tex,1,1,missing-question,Le contenu doit contenir au moins une \question{...}.
content/exercises/exo7/6-L2/q4os.tex,1,1,missing-question,Le contenu doit contenir au moins une \question{...}.
content/exercises/exo7/6-L2/qFkN.tex,1,1,missing-question,Le contenu doit contenir au moins une \question{...}.
content/exercises/exo7/6-L2/qO9J.tex,1,1,missing-question,Le contenu doit contenir au moins une \question{...}.
content/exercises/exo7/6-L2/qRwf.tex,1,1,missing-question,Le contenu doit contenir au moins une \question{...}.
content/exercises/exo7/6-L2/qSd8.tex,1,1,missing-question,Le contenu doit contenir au moins une \question{...}.
content/exercises/exo7/6-L2/qV1S.tex,1,1,missing-question,Le contenu doit contenir au moins une \question{...}.
content/exercises/exo7/6-L2/qYoY.tex,1,1,missing-question,Le contenu doit contenir au moins une \question{...}.
content/exercises/exo7/6-L2/qh2q.tex,1,1,missing-question,Le contenu doit contenir au moins une \question{...}.
content/exercises/exo7/6-L2/qkyu.tex,1,1,missing-question,Le contenu doit contenir au moins une \question{...}.
content/exercises/exo7/6-L2/qyuH.tex,15,1,malformed-command,La commande \contenu{...} n'est pas fermée correctement.
content/exercises/exo7/6-L2/qyuH.tex,20,11,malformed-command,La commande \question{...} n'est pas fermée correctement.
content/exercises/exo7/6-L2/qyuH.tex,33,11,malformed-command,La commande \question{...} n'est pas fermée correctement.
content/exercises/exo7/6-L2/qyuH.tex,46,11,malformed-command,La commande \question{...} n'est pas fermée correctement.
content/exercises/exo7/6-L2/qyuH.tex,66,11,malformed-command,La commande \question{...} n'est pas fermée correctement.
content/exercises/exo7/6-L2/qyuH.tex,79,11,malformed-command,La commande \question{...} n'est pas fermée correctement.
content/exercises/exo7/6-L2/qyuH.tex,90,11,malformed-command,La commande \question{...} n'est pas fermée correctement.
content/exercises/exo7/6-L2/qyuH.tex,105,11,malformed-command,La commande \question{...} n'est pas fermée correctement.
content/exercises/exo7/6-L2/qyuH.tex,117,11,malformed-command,La commande \question{...} n'est pas fermée correctement.
content/exercises/exo7/6-L2/qyuH.tex,130,11,malformed-command,La commande \question{...} n'est pas fermée correctement.
content/exercises/exo7/6-L2/qyuH.tex,143,11,malformed-command,La commande \question{...} n'est pas fermée correctement.
content/exercises/exo7/6-L2/qyuH.tex,156,11,malformed-command,La commande \question{...} n'est pas fermée correctement.
content/exercises/exo7/6-L2/r4wy.tex,1,1,missing-question,Le contenu doit contenir au moins une \question{...}.
content/exercises/exo7/6-L2/rCp0.tex,1,1,missing-question,Le contenu doit contenir au moins une \question{...}.
content/exercises/exo7/6-L2/rDGL.tex,1,1,missing-question,Le contenu doit contenir au moins une \question{...}.
content/exercises/exo7/6-L2/rGFh.tex,1,1,missing-question,Le contenu doit contenir au moins une \question{...}.
content/exercises/exo7/6-L2/rRdZ.tex,1,1,missing-question,Le contenu doit contenir au moins une \question{...}.
content/exercises/exo7/6-L2/rTQd.tex,1,1,missing-question,Le contenu doit contenir au moins une \question{...}.
content/exercises/exo7/6-L2/rV3a.tex,1,1,missing-question,Le contenu doit contenir au moins une \question{...}.
content/exercises/exo7/6-L2/rWkm.tex,1,1,missing-question,Le contenu doit contenir au moins une \question{...}.
content/exercises/exo7/6-L2/rYJE.tex,1,1,missing-question,Le contenu doit contenir au moins une \question{...}.
content/exercises/exo7/6-L2/rcgW.tex,1,1,missing-question,Le contenu doit contenir au moins une \question{...}.
content/exercises/exo7/6-L2/rt7M.tex,1,1,missing-question,Le contenu doit contenir au moins une \question{...}.
content/exercises/exo7/6-L2/s4BS.tex,1,1,missing-question,Le contenu doit contenir au moins une \question{...}.
content/exercises/exo7/6-L2/sAbB.tex,1,1,missing-question,Le contenu doit contenir au moins une \question{...}.
content/exercises/exo7/6-L2/sEg9.tex,1,1,missing-question,Le contenu doit contenir au moins une \question{...}.
content/exercises/exo7/6-L2/sG2w.tex,1,1,missing-question,Le contenu doit contenir au moins une \question{...}.
content/exercises/exo7/6-L2/sIjj.tex,1,1,missing-question,Le contenu doit contenir au moins une \question{...}.
content/exercises/exo7/6-L2/sME8.tex,1,1,missing-question,Le contenu doit contenir au moins une \question{...}.
content/exercises/exo7/6-L2/sRuU.tex,1,1,missing-question,Le contenu doit contenir au moins une \question{...}.
content/exercises/exo7/6-L2/sX03.tex,1,1,missing-question,Le contenu doit contenir au moins une \question{...}.
content/exercises/exo7/6-L2/sdZc.tex,1,1,missing-question,Le contenu doit contenir au moins une \question{...}.
content/exercises/exo7/6-L2/suvx.tex,1,1,missing-question,Le contenu doit contenir au moins une \question{...}.
content/exercises/exo7/6-L2/t1t3.tex,1,1,missing-question,Le contenu doit contenir au moins une \question{...}.
content/exercises/exo7/6-L2/t3Ir.tex,1,1,missing-question,Le contenu doit contenir au moins une \question{...}.
content/exercises/exo7/6-L2/t8Bo.tex,1,1,missing-question,Le contenu doit contenir au moins une \question{...}.
content/exercises/exo7/6-L2/tCv2.tex,1,1,missing-question,Le contenu doit contenir au moins une \question{...}.
content/exercises/exo7/6-L2/tRvb.tex,1,1,missing-question,Le contenu doit contenir au moins une \question{...}.
content/exercises/exo7/6-L2/tTH6.tex,1,1,missing-question,Le contenu doit contenir au moins une \question{...}.
content/exercises/exo7/6-L2/tWlx.tex,1,1,missing-question,Le contenu doit contenir au moins une \question{...}.
content/exercises/exo7/6-L2/tjVF.tex,1,1,missing-question,Le contenu doit contenir au moins une \question{...}.
content/exercises/exo7/6-L2/tjh0.tex,1,1,missing-question,Le contenu doit contenir au moins une \question{...}.
content/exercises/exo7/6-L2/tn74.tex,1,1,missing-question,Le contenu doit contenir au moins une \question{...}.
content/exercises/exo7/6-L2/toBJ.tex,1,1,missing-question,Le contenu doit contenir au moins une \question{...}.
content/exercises/exo7/6-L2/trSk.tex,1,1,missing-question,Le contenu doit contenir au moins une \question{...}.
content/exercises/exo7/6-L2/uJUS.tex,1,1,missing-question,Le contenu doit contenir au moins une \question{...}.
content/exercises/exo7/6-L2/uL3l.tex,1,1,missing-question,Le contenu doit contenir au moins une \question{...}.
content/exercises/exo7/6-L2/uTgy.tex,1,1,missing-question,Le contenu doit contenir au moins une \question{...}.
content/exercises/exo7/6-L2/uVV8.tex,1,1,missing-question,Le contenu doit contenir au moins une \question{...}.
content/exercises/exo7/6-L2/uzqI.tex,1,1,missing-question,Le contenu doit contenir au moins une \question{...}.
content/exercises/exo7/6-L2/v3Xo.tex,1,1,missing-question,Le contenu doit contenir au moins une \question{...}.
content/exercises/exo7/6-L2/v7iD.tex,1,1,missing-question,Le contenu doit contenir au moins une \question{...}.
content/exercises/exo7/6-L2/vbd3.tex,1,1,missing-question,Le contenu doit contenir au moins une \question{...}.
content/exercises/exo7/6-L2/vcQJ.tex,1,1,missing-question,Le contenu doit contenir au moins une \question{...}.
content/exercises/exo7/6-L2/vlVv.tex,1,1,missing-question,Le contenu doit contenir au moins une \question{...}.
content/exercises/exo7/6-L2/w5fr.tex,1,1,missing-question,Le contenu doit contenir au moins une \question{...}.
content/exercises/exo7/6-L2/w5fr.tex,15,1,malformed-command,La commande \contenu{...} n'est pas fermée correctement.
content/exercises/exo7/6-L2/wC1n.tex,1,1,missing-question,Le contenu doit contenir au moins une \question{...}.
content/exercises/exo7/6-L2/wFj3.tex,1,1,missing-question,Le contenu doit contenir au moins une \question{...}.
content/exercises/exo7/6-L2/wIhn.tex,1,1,missing-question,Le contenu doit contenir au moins une \question{...}.
content/exercises/exo7/6-L2/wQvD.tex,1,1,missing-question,Le contenu doit contenir au moins une \question{...}.
content/exercises/exo7/6-L2/wb0d.tex,1,1,missing-question,Le contenu doit contenir au moins une \question{...}.
content/exercises/exo7/6-L2/wjce.tex,1,1,missing-question,Le contenu doit contenir au moins une \question{...}.
content/exercises/exo7/6-L2/x0DY.tex,1,1,missing-question,Le contenu doit contenir au moins une \question{...}.
content/exercises/exo7/6-L2/xCb5.tex,1,1,missing-question,Le contenu doit contenir au moins une \question{...}.
content/exercises/exo7/6-L2/xYXS.tex,1,1,missing-question,Le contenu doit contenir au moins une \question{...}.
content/exercises/exo7/6-L2/xbQK.tex,1,1,missing-question,Le contenu doit contenir au moins une \question{...}.
content/exercises/exo7/6-L2/xlOX.tex,1,1,missing-question,Le contenu doit contenir au moins une \question{...}.
content/exercises/exo7/6-L2/xpkj.tex,1,1,missing-question,Le contenu doit contenir au moins une \question{...}.
content/exercises/exo7/6-L2/y5e5.tex,1,1,missing-question,Le contenu doit contenir au moins une \question{...}.
content/exercises/exo7/6-L2/yAST.tex,1,1,missing-question,Le contenu doit contenir au moins une \question{...}.
content/exercises/exo7/6-L2/yQHy.tex,1,1,missing-question,Le contenu doit contenir au moins une \question{...}.
content/exercises/exo7/6-L2/yUtN.tex,1,1,missing-question,Le contenu doit contenir au moins une \question{...}.
content/exercises/exo7/6-L2/yV4z.tex,1,1,missing-question,Le contenu doit contenir au moins une \question{...}.
content/exercises/exo7/6-L2/ya0C.tex,1,1,missing-question,Le contenu doit contenir au moins une \question{...}.
content/exercises/exo7/6-L2/yi4N.tex,1,1,missing-question,Le contenu doit contenir au moins une \question{...}.
content/exercises/exo7/6-L2/zCTD.tex,1,1,missing-question,Le contenu doit contenir au moins une \question{...}.
content/exercises/exo7/6-L2/zzdq.tex,1,1,missing-question,Le contenu doit contenir au moins une \question{...}.
content/exercises/exo7/7-L2/0aA0.tex,1,1,missing-question,Le contenu doit contenir au moins une \question{...}.
content/exercises/exo7/7-L2/0uM1.tex,1,1,missing-question,Le contenu doit contenir au moins une \question{...}.
content/exercises/exo7/7-L2/0uu5.tex,1,1,missing-question,Le contenu doit contenir au moins une \question{...}.
content/exercises/exo7/7-L2/2bg6.tex,1,1,missing-question,Le contenu doit contenir au moins une \question{...}.
content/exercises/exo7/7-L2/3G1n.tex,1,1,missing-question,Le contenu doit contenir au moins une \question{...}.
content/exercises/exo7/7-L2/65Es.tex,1,1,missing-question,Le contenu doit contenir au moins une \question{...}.
content/exercises/exo7/7-L2/6GaZ.tex,1,1,missing-question,Le contenu doit contenir au moins une \question{...}.
content/exercises/exo7/7-L2/7QIy.tex,1,1,missing-question,Le contenu doit contenir au moins une \question{...}.
content/exercises/exo7/7-L2/7Zpw.tex,1,1,missing-question,Le contenu doit contenir au moins une \question{...}.
content/exercises/exo7/7-L2/7jzR.tex,1,1,missing-question,Le contenu doit contenir au moins une \question{...}.
content/exercises/exo7/7-L2/813a.tex,1,1,missing-question,Le contenu doit contenir au moins une \question{...}.
content/exercises/exo7/7-L2/8CDV.tex,1,1,missing-question,Le contenu doit contenir au moins une \question{...}.
content/exercises/exo7/7-L2/9Pp1.tex,1,1,missing-question,Le contenu doit contenir au moins une \question{...}.
content/exercises/exo7/7-L2/AIFJ.tex,1,1,missing-question,Le contenu doit contenir au moins une \question{...}.
content/exercises/exo7/7-L2/B6pY.tex,1,1,missing-question,Le contenu doit contenir au moins une \question{...}.
content/exercises/exo7/7-L2/CtEt.tex,1,1,missing-question,Le contenu doit contenir au moins une \question{...}.
content/exercises/exo7/7-L2/D9Te.tex,1,1,missing-question,Le contenu doit contenir au moins une \question{...}.
content/exercises/exo7/7-L2/DE0m.tex,1,1,missing-question,Le contenu doit contenir au moins une \question{...}.
content/exercises/exo7/7-L2/Eei5.tex,1,1,missing-question,Le contenu doit contenir au moins une \question{...}.
content/exercises/exo7/7-L2/ElFZ.tex,1,1,missing-question,Le contenu doit contenir au moins une \question{...}.
content/exercises/exo7/7-L2/Gkru.tex,1,1,missing-question,Le contenu doit contenir au moins une \question{...}.
content/exercises/exo7/7-L2/HRwO.tex,1,1,missing-question,Le contenu doit contenir au moins une \question{...}.
content/exercises/exo7/7-L2/Hcw5.tex,1,1,missing-question,Le contenu doit contenir au moins une \question{...}.
content/exercises/exo7/7-L2/KXMd.tex,1,1,missing-question,Le contenu doit contenir au moins une \question{...}.
content/exercises/exo7/7-L2/MVjk.tex,1,1,missing-question,Le contenu doit contenir au moins une \question{...}.
content/exercises/exo7/7-L2/Npla.tex,1,1,missing-question,Le contenu doit contenir au moins une \question{...}.
content/exercises/exo7/7-L2/R7OO.tex,1,1,missing-question,Le contenu doit contenir au moins une \question{...}.
content/exercises/exo7/7-L2/UKeU.tex,1,1,missing-question,Le contenu doit contenir au moins une \question{...}.
content/exercises/exo7/7-L2/VIit.tex,1,1,missing-question,Le contenu doit contenir au moins une \question{...}.
content/exercises/exo7/7-L2/WGhr.tex,1,1,missing-question,Le contenu doit contenir au moins une \question{...}.
content/exercises/exo7/7-L2/WuKO.tex,1,1,missing-question,Le contenu doit contenir au moins une \question{...}.
content/exercises/exo7/7-L2/XFPE.tex,1,1,missing-question,Le contenu doit contenir au moins une \question{...}.
content/exercises/exo7/7-L2/Z5WW.tex,1,1,missing-question,Le contenu doit contenir au moins une \question{...}.
content/exercises/exo7/7-L2/ZeIO.tex,1,1,missing-question,Le contenu doit contenir au moins une \question{...}.
content/exercises/exo7/7-L2/ahXQ.tex,1,1,missing-question,Le contenu doit contenir au moins une \question{...}.
content/exercises/exo7/7-L2/bfLr.tex,1,1,missing-question,Le contenu doit contenir au moins une \question{...}.
content/exercises/exo7/7-L2/dH0A.tex,1,1,missing-question,Le contenu doit contenir au moins une \question{...}.
content/exercises/exo7/7-L2/eBSR.tex,1,1,missing-question,Le contenu doit contenir au moins une \question{...}.
content/exercises/exo7/7-L2/fjjC.tex,1,1,missing-question,Le contenu doit contenir au moins une \question{...}.
content/exercises/exo7/7-L2/fsNf.tex,1,1,missing-question,Le contenu doit contenir au moins une \question{...}.
content/exercises/exo7/7-L2/if79.tex,1,1,missing-question,Le contenu doit contenir au moins une \question{...}.
content/exercises/exo7/7-L2/ikX1.tex,1,1,missing-question,Le contenu doit contenir au moins une \question{...}.
content/exercises/exo7/7-L2/m5dm.tex,1,1,missing-question,Le contenu doit contenir au moins une \question{...}.
content/exercises/exo7/7-L2/mumT.tex,1,1,missing-question,Le contenu doit contenir au moins une \question{...}.
content/exercises/exo7/7-L2/n6QF.tex,1,1,missing-question,Le contenu doit contenir au moins une \question{...}.
content/exercises/exo7/7-L2/nQbE.tex,1,1,missing-question,Le contenu doit contenir au moins une \question{...}.
content/exercises/exo7/7-L2/oNOP.tex,1,1,missing-question,Le contenu doit contenir au moins une \question{...}.
content/exercises/exo7/7-L2/obWg.tex,1,1,missing-question,Le contenu doit contenir au moins une \question{...}.
content/exercises/exo7/7-L2/pxB2.tex,1,1,missing-question,Le contenu doit contenir au moins une \question{...}.
content/exercises/exo7/7-L2/rsrm.tex,1,1,missing-question,Le contenu doit contenir au moins une \question{...}.
content/exercises/exo7/7-L2/t5SS.tex,1,1,missing-question,Le contenu doit contenir au moins une \question{...}.
content/exercises/exo7/7-L2/teJT.tex,1,1,missing-question,Le contenu doit contenir au moins une \question{...}.
content/exercises/exo7/7-L2/uRLD.tex,1,1,missing-question,Le contenu doit contenir au moins une \question{...}.
content/exercises/exo7/7-L2/uwc2.tex,1,1,missing-question,Le contenu doit contenir au moins une \question{...}.
content/exercises/exo7/7-L2/wXik.tex,1,1,missing-question,Le contenu doit contenir au moins une \question{...}.
content/exercises/exo7/7-L2/ySoj.tex,1,1,missing-question,Le contenu doit contenir au moins une \question{...}.
content/exercises/exo7/8-L3/048s.tex,15,1,malformed-command,La commande \contenu{...} n'est pas fermée correctement.
content/exercises/exo7/8-L3/0Uc2.tex,1,1,missing-question,Le contenu doit contenir au moins une \question{...}.
content/exercises/exo7/8-L3/0ry1.tex,1,1,missing-question,Le contenu doit contenir au moins une \question{...}.
content/exercises/exo7/8-L3/1G6W.tex,1,1,missing-question,Le contenu doit contenir au moins une \question{...}.
content/exercises/exo7/8-L3/1QpY.tex,1,1,missing-question,Le contenu doit contenir au moins une \question{...}.
content/exercises/exo7/8-L3/2gyF.tex,1,1,missing-question,Le contenu doit contenir au moins une \question{...}.
content/exercises/exo7/8-L3/2yZD.tex,1,1,missing-question,Le contenu doit contenir au moins une \question{...}.
content/exercises/exo7/8-L3/2z1s.tex,1,1,missing-question,Le contenu doit contenir au moins une \question{...}.
content/exercises/exo7/8-L3/3F9s.tex,1,1,missing-question,Le contenu doit contenir au moins une \question{...}.
content/exercises/exo7/8-L3/3HwN.tex,1,1,missing-question,Le contenu doit contenir au moins une \question{...}.
content/exercises/exo7/8-L3/572U.tex,1,1,missing-question,Le contenu doit contenir au moins une \question{...}.
content/exercises/exo7/8-L3/5BVJ.tex,1,1,missing-question,Le contenu doit contenir au moins une \question{...}.
content/exercises/exo7/8-L3/5sJw.tex,1,1,missing-question,Le contenu doit contenir au moins une \question{...}.
content/exercises/exo7/8-L3/6AFS.tex,1,1,missing-question,Le contenu doit contenir au moins une \question{...}.
content/exercises/exo7/8-L3/6Ihn.tex,1,1,missing-question,Le contenu doit contenir au moins une \question{...}.
content/exercises/exo7/8-L3/6gHm.tex,1,1,missing-question,Le contenu doit contenir au moins une \question{...}.
content/exercises/exo7/8-L3/6j5U.tex,1,1,missing-question,Le contenu doit contenir au moins une \question{...}.
content/exercises/exo7/8-L3/7wk7.tex,1,1,missing-question,Le contenu doit contenir au moins une \question{...}.
content/exercises/exo7/8-L3/89da.tex,1,1,missing-question,Le contenu doit contenir au moins une \question{...}.
content/exercises/exo7/8-L3/98Nn.tex,1,1,missing-question,Le contenu doit contenir au moins une \question{...}.
content/exercises/exo7/8-L3/9DAf.tex,1,1,missing-question,Le contenu doit contenir au moins une \question{...}.
content/exercises/exo7/8-L3/9LZw.tex,1,1,missing-question,Le contenu doit contenir au moins une \question{...}.
content/exercises/exo7/8-L3/9QKd.tex,1,1,missing-question,Le contenu doit contenir au moins une \question{...}.
content/exercises/exo7/8-L3/9bzN.tex,1,1,missing-question,Le contenu doit contenir au moins une \question{...}.
content/exercises/exo7/8-L3/9mc8.tex,1,1,missing-question,Le contenu doit contenir au moins une \question{...}.
content/exercises/exo7/8-L3/ADyU.tex,1,1,missing-question,Le contenu doit contenir au moins une \question{...}.
content/exercises/exo7/8-L3/AK8j.tex,1,1,missing-question,Le contenu doit contenir au moins une \question{...}.
content/exercises/exo7/8-L3/AQFg.tex,1,1,missing-question,Le contenu doit contenir au moins une \question{...}.
content/exercises/exo7/8-L3/AQUq.tex,1,1,missing-question,Le contenu doit contenir au moins une \question{...}.
content/exercises/exo7/8-L3/Avjx.tex,1,1,missing-question,Le contenu doit contenir au moins une \question{...}.
content/exercises/exo7/8-L3/Ax4x.tex,1,1,missing-question,Le contenu doit contenir au moins une \question{...}.
content/exercises/exo7/8-L3/BE7r.tex,1,1,missing-question,Le contenu doit contenir au moins une \question{...}.
content/exercises/exo7/8-L3/BiNt.tex,1,1,missing-question,Le contenu doit contenir au moins une \question{...}.
content/exercises/exo7/8-L3/BiqH.tex,1,1,missing-question,Le contenu doit contenir au moins une \question{...}.
content/exercises/exo7/8-L3/CKaM.tex,1,1,missing-question,Le contenu doit contenir au moins une \question{...}.
content/exercises/exo7/8-L3/CQmw.tex,1,1,missing-question,Le contenu doit contenir au moins une \question{...}.
content/exercises/exo7/8-L3/CdiT.tex,1,1,missing-question,Le contenu doit contenir au moins une \question{...}.
content/exercises/exo7/8-L3/DIC2.tex,1,1,missing-question,Le contenu doit contenir au moins une \question{...}.
content/exercises/exo7/8-L3/DmCy.tex,1,1,missing-question,Le contenu doit contenir au moins une \question{...}.
content/exercises/exo7/8-L3/DoSL.tex,1,1,missing-question,Le contenu doit contenir au moins une \question{...}.
content/exercises/exo7/8-L3/E0bl.tex,1,1,missing-question,Le contenu doit contenir au moins une \question{...}.
content/exercises/exo7/8-L3/EL46.tex,1,1,missing-question,Le contenu doit contenir au moins une \question{...}.
content/exercises/exo7/8-L3/Ex9R.tex,1,1,missing-question,Le contenu doit contenir au moins une \question{...}.
content/exercises/exo7/8-L3/FT3P.tex,1,1,missing-question,Le contenu doit contenir au moins une \question{...}.
content/exercises/exo7/8-L3/G2vt.tex,1,1,missing-question,Le contenu doit contenir au moins une \question{...}.
content/exercises/exo7/8-L3/HFwW.tex,1,1,missing-question,Le contenu doit contenir au moins une \question{...}.
content/exercises/exo7/8-L3/HKvs.tex,1,1,missing-question,Le contenu doit contenir au moins une \question{...}.
content/exercises/exo7/8-L3/I0tW.tex,1,1,missing-question,Le contenu doit contenir au moins une \question{...}.
content/exercises/exo7/8-L3/IJMm.tex,1,1,missing-question,Le contenu doit contenir au moins une \question{...}.
content/exercises/exo7/8-L3/IXk6.tex,1,1,missing-question,Le contenu doit contenir au moins une \question{...}.
content/exercises/exo7/8-L3/IaVr.tex,1,1,missing-question,Le contenu doit contenir au moins une \question{...}.
content/exercises/exo7/8-L3/Ib1S.tex,1,1,missing-question,Le contenu doit contenir au moins une \question{...}.
content/exercises/exo7/8-L3/Ivsd.tex,1,1,missing-question,Le contenu doit contenir au moins une \question{...}.
content/exercises/exo7/8-L3/K6cU.tex,1,1,missing-question,Le contenu doit contenir au moins une \question{...}.
content/exercises/exo7/8-L3/Kkeo.tex,1,1,missing-question,Le contenu doit contenir au moins une \question{...}.
content/exercises/exo7/8-L3/KsnB.tex,1,1,missing-question,Le contenu doit contenir au moins une \question{...}.
content/exercises/exo7/8-L3/Kzxb.tex,1,1,missing-question,Le contenu doit contenir au moins une \question{...}.
content/exercises/exo7/8-L3/L7r1.tex,1,1,missing-question,Le contenu doit contenir au moins une \question{...}.
content/exercises/exo7/8-L3/MCu3.tex,1,1,missing-question,Le contenu doit contenir au moins une \question{...}.
content/exercises/exo7/8-L3/MEvo.tex,1,1,missing-question,Le contenu doit contenir au moins une \question{...}.
content/exercises/exo7/8-L3/MUON.tex,1,1,missing-question,Le contenu doit contenir au moins une \question{...}.
content/exercises/exo7/8-L3/OHrr.tex,1,1,missing-question,Le contenu doit contenir au moins une \question{...}.
content/exercises/exo7/8-L3/OIEE.tex,1,1,missing-question,Le contenu doit contenir au moins une \question{...}.
content/exercises/exo7/8-L3/PGFy.tex,1,1,missing-question,Le contenu doit contenir au moins une \question{...}.
content/exercises/exo7/8-L3/Pj89.tex,1,1,missing-question,Le contenu doit contenir au moins une \question{...}.
content/exercises/exo7/8-L3/Pj9e.tex,1,1,missing-question,Le contenu doit contenir au moins une \question{...}.
content/exercises/exo7/8-L3/PnJa.tex,1,1,missing-question,Le contenu doit contenir au moins une \question{...}.
content/exercises/exo7/8-L3/Ppkm.tex,1,1,missing-question,Le contenu doit contenir au moins une \question{...}.
content/exercises/exo7/8-L3/Q4Mf.tex,1,1,missing-question,Le contenu doit contenir au moins une \question{...}.
content/exercises/exo7/8-L3/Q5ZV.tex,1,1,missing-question,Le contenu doit contenir au moins une \question{...}.
content/exercises/exo7/8-L3/RQxw.tex,1,1,missing-question,Le contenu doit contenir au moins une \question{...}.
content/exercises/exo7/8-L3/RTYT.tex,1,1,missing-question,Le contenu doit contenir au moins une \question{...}.
content/exercises/exo7/8-L3/SeqE.tex,1,1,missing-question,Le contenu doit contenir au moins une \question{...}.
content/exercises/exo7/8-L3/Sgvr.tex,1,1,missing-question,Le contenu doit contenir au moins une \question{...}.
content/exercises/exo7/8-L3/TQBb.tex,1,1,missing-question,Le contenu doit contenir au moins une \question{...}.
content/exercises/exo7/8-L3/TUKY.tex,1,1,missing-question,Le contenu doit contenir au moins une \question{...}.
content/exercises/exo7/8-L3/Tll2.tex,1,1,missing-question,Le contenu doit contenir au moins une \question{...}.
content/exercises/exo7/8-L3/U08r.tex,1,1,missing-question,Le contenu doit contenir au moins une \question{...}.
content/exercises/exo7/8-L3/UEf1.tex,1,1,missing-question,Le contenu doit contenir au moins une \question{...}.
content/exercises/exo7/8-L3/UOJa.tex,1,1,missing-question,Le contenu doit contenir au moins une \question{...}.
content/exercises/exo7/8-L3/UTBC.tex,1,1,missing-question,Le contenu doit contenir au moins une \question{...}.
content/exercises/exo7/8-L3/UY85.tex,1,1,missing-question,Le contenu doit contenir au moins une \question{...}.
content/exercises/exo7/8-L3/Up68.tex,1,1,missing-question,Le contenu doit contenir au moins une \question{...}.
content/exercises/exo7/8-L3/VSFv.tex,1,1,missing-question,Le contenu doit contenir au moins une \question{...}.
content/exercises/exo7/8-L3/WAod.tex,1,1,missing-question,Le contenu doit contenir au moins une \question{...}.
content/exercises/exo7/8-L3/XGG9.tex,1,1,missing-question,Le contenu doit contenir au moins une \question{...}.
content/exercises/exo7/8-L3/YgQF.tex,1,1,missing-question,Le contenu doit contenir au moins une \question{...}.
content/exercises/exo7/8-L3/ZEb4.tex,1,1,missing-question,Le contenu doit contenir au moins une \question{...}.
content/exercises/exo7/8-L3/ZN1W.tex,1,1,missing-question,Le contenu doit contenir au moins une \question{...}.
content/exercises/exo7/8-L3/a5iw.tex,1,1,missing-question,Le contenu doit contenir au moins une \question{...}.
content/exercises/exo7/8-L3/a8JU.tex,1,1,missing-question,Le contenu doit contenir au moins une \question{...}.
content/exercises/exo7/8-L3/aELS.tex,1,1,missing-question,Le contenu doit contenir au moins une \question{...}.
content/exercises/exo7/8-L3/aH1j.tex,1,1,missing-question,Le contenu doit contenir au moins une \question{...}.
content/exercises/exo7/8-L3/avDs.tex,1,1,missing-question,Le contenu doit contenir au moins une \question{...}.
content/exercises/exo7/8-L3/b5bA.tex,1,1,missing-question,Le contenu doit contenir au moins une \question{...}.
content/exercises/exo7/8-L3/bDvu.tex,1,1,missing-question,Le contenu doit contenir au moins une \question{...}.
content/exercises/exo7/8-L3/cJ4L.tex,1,1,missing-question,Le contenu doit contenir au moins une \question{...}.
content/exercises/exo7/8-L3/cXW4.tex,1,1,missing-question,Le contenu doit contenir au moins une \question{...}.
content/exercises/exo7/8-L3/cYxT.tex,1,1,missing-question,Le contenu doit contenir au moins une \question{...}.
content/exercises/exo7/8-L3/dyVI.tex,1,1,missing-question,Le contenu doit contenir au moins une \question{...}.
content/exercises/exo7/8-L3/ffYf.tex,1,1,missing-question,Le contenu doit contenir au moins une \question{...}.
content/exercises/exo7/8-L3/gCqf.tex,1,1,missing-question,Le contenu doit contenir au moins une \question{...}.
content/exercises/exo7/8-L3/gS5q.tex,1,1,missing-question,Le contenu doit contenir au moins une \question{...}.
content/exercises/exo7/8-L3/gVKh.tex,1,1,missing-question,Le contenu doit contenir au moins une \question{...}.
content/exercises/exo7/8-L3/gor7.tex,1,1,missing-question,Le contenu doit contenir au moins une \question{...}.
content/exercises/exo7/8-L3/hXJy.tex,1,1,missing-question,Le contenu doit contenir au moins une \question{...}.
content/exercises/exo7/8-L3/huSz.tex,1,1,missing-question,Le contenu doit contenir au moins une \question{...}.
content/exercises/exo7/8-L3/iwjU.tex,1,1,missing-question,Le contenu doit contenir au moins une \question{...}.
content/exercises/exo7/8-L3/j0HJ.tex,1,1,missing-question,Le contenu doit contenir au moins une \question{...}.
content/exercises/exo7/8-L3/j2Tn.tex,1,1,missing-question,Le contenu doit contenir au moins une \question{...}.
content/exercises/exo7/8-L3/jbD2.tex,1,1,missing-question,Le contenu doit contenir au moins une \question{...}.
content/exercises/exo7/8-L3/jbPs.tex,1,1,missing-question,Le contenu doit contenir au moins une \question{...}.
content/exercises/exo7/8-L3/jfQU.tex,1,1,missing-question,Le contenu doit contenir au moins une \question{...}.
content/exercises/exo7/8-L3/k5eC.tex,1,1,missing-question,Le contenu doit contenir au moins une \question{...}.
content/exercises/exo7/8-L3/k6Qz.tex,1,1,missing-question,Le contenu doit contenir au moins une \question{...}.
content/exercises/exo7/8-L3/k6uI.tex,1,1,missing-question,Le contenu doit contenir au moins une \question{...}.
content/exercises/exo7/8-L3/kApz.tex,1,1,missing-question,Le contenu doit contenir au moins une \question{...}.
content/exercises/exo7/8-L3/kl9a.tex,1,1,missing-question,Le contenu doit contenir au moins une \question{...}.
content/exercises/exo7/8-L3/kr9T.tex,1,1,missing-question,Le contenu doit contenir au moins une \question{...}.
content/exercises/exo7/8-L3/m30y.tex,1,1,missing-question,Le contenu doit contenir au moins une \question{...}.
content/exercises/exo7/8-L3/mt2Q.tex,1,1,missing-question,Le contenu doit contenir au moins une \question{...}.
content/exercises/exo7/8-L3/ogqd.tex,1,1,missing-question,Le contenu doit contenir au moins une \question{...}.
content/exercises/exo7/8-L3/omlE.tex,1,1,missing-question,Le contenu doit contenir au moins une \question{...}.
content/exercises/exo7/8-L3/pwQP.tex,1,1,missing-question,Le contenu doit contenir au moins une \question{...}.
content/exercises/exo7/8-L3/qSlN.tex,1,1,missing-question,Le contenu doit contenir au moins une \question{...}.
content/exercises/exo7/8-L3/rIVp.tex,1,1,missing-question,Le contenu doit contenir au moins une \question{...}.
content/exercises/exo7/8-L3/rQ0w.tex,1,1,missing-question,Le contenu doit contenir au moins une \question{...}.
content/exercises/exo7/8-L3/rXRB.tex,1,1,missing-question,Le contenu doit contenir au moins une \question{...}.
content/exercises/exo7/8-L3/s2mr.tex,1,1,missing-question,Le contenu doit contenir au moins une \question{...}.
content/exercises/exo7/8-L3/s5Ae.tex,1,1,missing-question,Le contenu doit contenir au moins une \question{...}.
content/exercises/exo7/8-L3/sUeG.tex,1,1,missing-question,Le contenu doit contenir au moins une \question{...}.
content/exercises/exo7/8-L3/tLhR.tex,1,1,missing-question,Le contenu doit contenir au moins une \question{...}.
content/exercises/exo7/8-L3/uTVH.tex,1,1,missing-question,Le contenu doit contenir au moins une \question{...}.
content/exercises/exo7/8-L3/uzVG.tex,1,1,missing-question,Le contenu doit contenir au moins une \question{...}.
content/exercises/exo7/8-L3/vNRs.tex,1,1,missing-question,Le contenu doit contenir au moins une \question{...}.
content/exercises/exo7/8-L3/vfCB.tex,1,1,missing-question,Le contenu doit contenir au moins une \question{...}.
content/exercises/exo7/8-L3/vgIu.tex,1,1,missing-question,Le contenu doit contenir au moins une \question{...}.
content/exercises/exo7/8-L3/wUSg.tex,1,1,missing-question,Le contenu doit contenir au moins une \question{...}.
content/exercises/exo7/8-L3/xe9D.tex,1,1,missing-question,Le contenu doit contenir au moins une \question{...}.
content/exercises/exo7/8-L3/y3Gl.tex,1,1,missing-question,Le contenu doit contenir au moins une \question{...}.
content/exercises/exo7/8-L3/yTVJ.tex,1,1,missing-question,Le contenu doit contenir au moins une \question{...}.
content/exercises/exo7/8-L3/yoqK.tex,1,1,missing-question,Le contenu doit contenir au moins une \question{...}.
content/exercises/exo7/8-L3/zFXu.tex,1,1,missing-question,Le contenu doit contenir au moins une \question{...}.
content/exercises/exo7/9-L3/1Akl.tex,1,1,missing-question,Le contenu doit contenir au moins une \question{...}.
content/exercises/exo7/9-L3/3SF0.tex,15,1,malformed-command,La commande \contenu{...} n'est pas fermée correctement.
content/exercises/exo7/9-L3/KMc7.tex,1,1,missing-question,Le contenu doit contenir au moins une \question{...}.
content/exercises/exo7/9-L3/KeRv.tex,1,1,missing-question,Le contenu doit contenir au moins une \question{...}.
content/exercises/exo7/9-L3/M4bx.tex,1,1,missing-question,Le contenu doit contenir au moins une \question{...}.
content/exercises/exo7/9-L3/MIpB.tex,1,1,missing-question,Le contenu doit contenir au moins une \question{...}.
content/exercises/exo7/9-L3/MNq4.tex,1,1,missing-question,Le contenu doit contenir au moins une \question{...}.
content/exercises/exo7/9-L3/OTsT.tex,1,1,missing-question,Le contenu doit contenir au moins une \question{...}.
content/exercises/exo7/9-L3/Sr5B.tex,1,1,missing-question,Le contenu doit contenir au moins une \question{...}.
content/exercises/exo7/9-L3/U0zi.tex,1,1,missing-question,Le contenu doit contenir au moins une \question{...}.
content/exercises/exo7/9-L3/VZvv.tex,1,1,missing-question,Le contenu doit contenir au moins une \question{...}.
content/exercises/exo7/9-L3/Vu93.tex,1,1,missing-question,Le contenu doit contenir au moins une \question{...}.
content/exercises/exo7/9-L3/WVNs.tex,1,1,missing-question,Le contenu doit contenir au moins une \question{...}.
content/exercises/exo7/9-L3/c9a1.tex,1,1,missing-question,Le contenu doit contenir au moins une \question{...}.
content/exercises/exo7/9-L3/fPaj.tex,1,1,missing-question,Le contenu doit contenir au moins une \question{...}.
content/exercises/exo7/9-L3/gqKc.tex,1,1,missing-question,Le contenu doit contenir au moins une \question{...}.
content/exercises/exo7/9-L3/hHDd.tex,1,1,missing-question,Le contenu doit contenir au moins une \question{...}.
content/exercises/exo7/9-L3/iz5V.tex,1,1,missing-question,Le contenu doit contenir au moins une \question{...}.
content/exercises/exo7/9-L3/jvao.tex,1,1,missing-question,Le contenu doit contenir au moins une \question{...}.
content/exercises/exo7/9-L3/lBCx.tex,1,1,missing-question,Le contenu doit contenir au moins une \question{...}.
content/exercises/exo7/9-L3/pFI1.tex,1,1,missing-question,Le contenu doit contenir au moins une \question{...}.
content/exercises/exo7/9-L3/q7k0.tex,1,1,missing-question,Le contenu doit contenir au moins une \question{...}.
content/exercises/exo7/9-L3/qRNy.tex,1,1,missing-question,Le contenu doit contenir au moins une \question{...}.
content/exercises/exo7/9-L3/qxJT.tex,1,1,missing-question,Le contenu doit contenir au moins une \question{...}.
content/exercises/exo7/9-L3/wHPT.tex,1,1,missing-question,Le contenu doit contenir au moins une \question{...}.
content/exercises/exo7/9-L3/xLo5.tex,1,1,missing-question,Le contenu doit contenir au moins une \question{...}.
content/exercises/exo7/C24q.tex,1,1,missing-question,Le contenu doit contenir au moins une \question{...}.
content/exercises/exo7/QhTW.tex,1,1,missing-question,Le contenu doit contenir au moins une \question{...}.
content/exercises/exo7/TRla.tex,1,1,missing-question,Le contenu doit contenir au moins une \question{...}.
